index,English,Indonesian,ParseTree,Complexity,English_normalized,Indonesian_normalized
108,It's time for bed.,Ini waktunya tidur.,(S (NP (PRP It)) (VP (VBZ 's) (NP (NP (NN time)) (PP (IN for) (NP (NN bed))))) (. .)),simple,it s time for bed .,ini waktunya tidur .
1467,Do you want me to go with you?,Kamu ingin aku ikut denganmu?,(SQ (VBP Do) (NP (PRP you)) (VP (VB want) (S (NP (PRP me)) (VP (TO to) (VP (VB go) (PP (IN with) (NP (PRP you))))))) (. ?)),simple,do you want me to go with you ?,kamu ingin aku ikut denganmu ?
3711,He did not have much time to work on his speech.,Dia tidak punya banyak waktu mempersiapkan pidatonya.,(S (NP (PRP He)) (VP (VBD did) (RB not) (VP (VB have) (NP (NP (JJ much) (NN time)) (SBAR (S (VP (TO to) (VP (VB work) (PP (IN on) (NP (PRP$ his) (NN speech)))))))))) (. .)),complex,he did not have much time to work on his speech .,dia tidak punya banyak waktu mempersiapkan pidatonya .
1862,I never like to travel by train.,Aku tidak pernah suka bepergian dengan kereta api.,(S (NP (PRP I)) (ADVP (RB never)) (VP (VBP like) (S (VP (TO to) (VP (VB travel) (PP (IN by) (NP (NN train))))))) (. .)),simple,i never like to travel by train .,aku tidak pernah suka bepergian dengan kereta api .
58,Are you for real?,Apa kau serius?,(SQ (VBP Are) (NP (PRP you)) (PP (IN for) (ADJP (JJ real))) (. ?)),simple,are you for real ?,apa kau serius ?
76,I'll go with you.,Aku akan pergi denganmu.,(S (NP (PRP I)) (VP (MD 'll) (VP (VB go) (PP (IN with) (NP (PRP you))))) (. .)),simple,i ll go with you .,aku akan pergi denganmu .
3409,Will she go to the United States next year?,Apakah dia akan pergi ke Amerika Serikat tahun depan?,(SQ (MD Will) (NP (PRP she)) (VP (VB go) (PP (IN to) (NP (DT the) (NNP United) (NNPS States))) (NP (IN next) (NN year))) (. ?)),simple,will she go to the united states next year ?,apakah dia akan pergi ke amerika serikat tahun depan ?
368,I was bitten by a dog.,Aku digigit anjing.,(S (NP (PRP I)) (VP (VBD was) (VP (VBN bitten) (PP (IN by) (NP (DT a) (NN dog))))) (. .)),simple,i was bitten by a dog .,aku digigit anjing .
3281,Tom got hit by a truck and died instantly.,Tom ditabrak truk dan langsung meninggal.,(S (NP (NNP Tom)) (VP (VP (VBD got) (VP (VBN hit) (PP (IN by) (NP (DT a) (NN truck))))) (CC and) (VP (VBD died) (ADVP (RB instantly)))) (. .)),simple,tom got hit by a truck and died instantly .,tom ditabrak truk dan langsung meninggal .
785,Tom fell down the stairs.,Tom jatuh dari tangga.,(S (NP (NNP Tom)) (VP (VBD fell) (PP (IN down) (NP (DT the) (NNS stairs)))) (. .)),simple,tom fell down the stairs .,tom jatuh dari tangga .
2069,"Next year, I'll return to Boston.",Tahun depan aku akan kembali ke Boston.,"(S (NP (JJ Next) (NN year)) (, ,) (NP (PRP I)) (VP (MD 'll) (VP (VB return) (PP (IN to) (NP (NNP Boston))))) (. .))",simple,next year i ll return to boston .,tahun depan aku akan kembali ke boston .
1187,Is there a cat on the table?,Apa ada kucing di atas meja?,(SQ (VBZ Is) (NP (EX there)) (NP (NP (DT a) (NN cat)) (PP (IN on) (NP (DT the) (NN table)))) (. ?)),simple,is there a cat on the table ?,apa ada kucing di atas meja ?
1739,The sun doesn't shine at night.,Matahari tidak bersinar di malam hari.,(S (NP (DT The) (NN sun)) (VP (VBZ does) (RB n't) (VP (VB shine) (PP (IN at) (NP (NN night))))) (. .)),simple,the sun doesn t shine at night .,matahari tidak bersinar di malam hari .
3707,English is a language spoken all over the world.,Bahasa Inggris adalah bahasa yang digunakan di seluruh dunia.,(S (NP (NNP English)) (VP (VBZ is) (NP (NP (DT a) (NN language)) (VP (VBN spoken) (PP (ADVP (DT all)) (IN over) (NP (DT the) (NN world)))))) (. .)),simple,english is a language spoken all over the world .,bahasa inggris adalah bahasa yang digunakan di seluruh dunia .
3922,What's the scariest thing that ever happened to you?,Hal menakutkan apa yang pernah kamu alami?,(SBARQ (WHNP (WP What)) (SQ (VP (VBZ 's) (NP (NP (DT the) (JJS scariest) (NN thing)) (SBAR (WHNP (WDT that)) (S (ADVP (RB ever)) (VP (VBD happened) (PP (IN to) (NP (PRP you))))))))) (. ?)),complex,what s the scariest thing that ever happened to you ?,hal menakutkan apa yang pernah kamu alami ?
1417,Tom died from lack of oxygen.,Tom meninggal karena kekurangan oksigen.,(S (NP (NNP Tom)) (VP (VBD died) (PP (IN from) (NP (NP (NN lack)) (PP (IN of) (NP (NN oxygen)))))) (. .)),simple,tom died from lack of oxygen .,tom meninggal karena kekurangan oksigen .
4189,The drivers began arguing about who was to blame for the accident.,Para sopir itu mulai berdebat siapa yang salah dalam kecelakaan itu.,(S (NP (DT The) (NNS drivers)) (VP (VBD began) (S (VP (VBG arguing) (PP (IN about) (SBAR (WHNP (WP who)) (S (VP (VBD was) (S (VP (TO to) (VP (VB blame) (PP (IN for) (NP (DT the) (NN accident))))))))))))) (. .)),complex,the drivers began arguing about who was to blame for the accident .,para sopir itu mulai berdebat siapa yang salah dalam kecelakaan itu .
2355,I go to bed at around ten at night.,Aku pergi tidur sekitar jam sepuluh malam.,(S (NP (PRP I)) (VP (VBP go) (PP (IN to) (NP (NN bed))) (PP (IN at) (NP (RB around) (CD ten))) (PP (IN at) (NP (NN night)))) (. .)),simple,i go to bed at around ten at night .,aku pergi tidur sekitar jam sepuluh malam .
1397,Thank you for your hard work.,Terima kasih atas kerja kerasmu.,(S (VP (VB Thank) (NP (PRP you)) (PP (IN for) (NP (PRP$ your) (JJ hard) (NN work)))) (. .)),simple,thank you for your hard work .,terima kasih atas kerja kerasmu .
4099,Mary always assists her boyfriend in doing his assignments.,Mary selalu membantu pacarnya mengerjakan tugas.,(S (NP (NNP Mary)) (ADVP (RB always)) (VP (VBZ assists) (NP (PRP$ her) (NN boyfriend)) (PP (IN in) (S (VP (VBG doing) (NP (PRP$ his) (NNS assignments)))))) (. .)),simple,mary always assists her boyfriend in doing his assignments .,mary selalu membantu pacarnya mengerjakan tugas .
2602,Tom may talk to Mary if he wants to.,Tom akan berbicara dengan Mary jika dia ingin.,(S (NP (NNP Tom)) (VP (MD may) (VP (VB talk) (PP (IN to) (NP (NNP Mary))) (SBAR (IN if) (S (NP (PRP he)) (VP (VBZ wants) (S (VP (TO to)))))))) (. .)),complex,tom may talk to mary if he wants to .,tom akan berbicara dengan mary jika dia ingin .
1505,I don't want to live with you.,Aku tidak ingin hidup denganmu.,(S (NP (PRP I)) (VP (VBP do) (RB n't) (VP (VB want) (S (VP (TO to) (VP (VB live) (PP (IN with) (NP (PRP you)))))))) (. .)),simple,i don t want to live with you .,aku tidak ingin hidup denganmu .
2707,This book is suitable for your needs.,Buku ini sesuai dengan kebutuhanmu.,(S (NP (DT This) (NN book)) (VP (VBZ is) (ADJP (JJ suitable) (PP (IN for) (NP (PRP$ your) (NNS needs))))) (. .)),simple,this book is suitable for your needs .,buku ini sesuai dengan kebutuhanmu .
124,Tom sat beside me.,Tom duduk di sampingku.,(S (NP (NNP Tom)) (VP (VBD sat) (PP (IN beside) (NP (PRP me)))) (. .)),simple,tom sat beside me .,tom duduk di sampingku .
2750,You can't lift the piano by yourself.,Kau tidak bisa mengangkat pianonya seorang diri.,(S (NP (PRP You)) (VP (MD ca) (RB n't) (VP (VB lift) (NP (DT the) (NN piano)) (PP (IN by) (NP (PRP yourself))))) (. .)),simple,you can t lift the piano by yourself .,kau tidak bisa mengangkat pianonya seorang diri .
3176,The museum is open from Monday to Friday.,Museum ini buka dari Senin hingga Jumat.,(S (NP (DT The) (NN museum)) (VP (VBZ is) (ADJP (JJ open)) (PP (PP (IN from) (NP (NNP Monday))) (PP (IN to) (NP (NNP Friday))))) (. .)),simple,the museum is open from monday to friday .,museum ini buka dari senin hingga jumat .
817,We've got plenty of food.,Kami punya banyak makanan.,(S (NP (PRP We)) (VP (VBP 've) (VP (VBN got) (NP (NP (NN plenty)) (PP (IN of) (NP (NN food)))))) (. .)),simple,we ve got plenty of food .,kami punya banyak makanan .
1017,I have no time for reading.,Aku gak punya waktu untuk membaca.,(S (NP (PRP I)) (VP (VBP have) (NP (NP (DT no) (NN time)) (PP (IN for) (NP (VBG reading))))) (. .)),simple,i have no time for reading .,aku gak punya waktu untuk membaca .
1566,The candle went out by itself.,Lilinnya mati sendiri.,(S (NP (DT The) (NN candle)) (VP (VBD went) (PRT (RP out)) (PP (IN by) (NP (PRP itself)))) (. .)),simple,the candle went out by itself .,lilinnya mati sendiri .
2555,She advises me on technical matters.,Dia memberitahuku tentang masalah-masalah teknis.,(S (NP (PRP She)) (VP (VBZ advises) (NP (PRP me)) (PP (IN on) (NP (JJ technical) (NNS matters)))) (. .)),simple,she advises me on technical matters .,dia memberitahuku tentang masalah masalah teknis .
2585,They stayed at the hotel for a week.,Mereka tinggal di hotel selama seminggu.,(S (NP (PRP They)) (VP (VBD stayed) (PP (IN at) (NP (DT the) (NN hotel))) (PP (IN for) (NP (DT a) (NN week)))) (. .)),simple,they stayed at the hotel for a week .,mereka tinggal di hotel selama seminggu .
429,What's in your pocket?,Apa yang ada di dalam kantongmu?,(SBARQ (WHNP (WP What)) (SQ (VP (VBZ 's) (PP (IN in) (NP (PRP$ your) (NN pocket))))) (. ?)),simple,what s in your pocket ?,apa yang ada di dalam kantongmu ?
1839,He's been teaching for 20 years.,Ia sudah mengajar selama 20 tahun.,(S (NP (PRP He)) (VP (VBZ 's) (VP (VBN been) (VP (VBG teaching) (PP (IN for) (NP (CD 20) (NNS years)))))) (. .)),simple,he s been teaching for years .,ia sudah mengajar selama tahun .
665,What are you hoping for?,Apa harapanmu?,(SBARQ (WHNP (WP What)) (SQ (VBP are) (NP (PRP you)) (VP (VBG hoping) (PP (IN for)))) (. ?)),simple,what are you hoping for ?,apa harapanmu ?
3838,What kind of person do you want to get married to?,Dengan orang yang seperti apa Anda ingin menikah?,(SBARQ (WHNP (WHNP (WP What) (NN kind)) (PP (IN of) (NP (NN person)))) (SQ (VBP do) (NP (PRP you)) (VP (VB want) (S (VP (TO to) (VP (VB get) (VP (VBN married) (PP (IN to)))))))) (. ?)),simple,what kind of person do you want to get married to ?,dengan orang yang seperti apa anda ingin menikah ?
2576,There are sixty seconds in a minute.,Ada enam puluh detik dalam satu menit.,(S (NP (EX There)) (VP (VBP are) (NP (NP (CD sixty) (NNS seconds)) (PP (IN in) (NP (DT a) (NN minute))))) (. .)),simple,there are sixty seconds in a minute .,ada enam puluh detik dalam satu menit .
2176,He took a book from the bookshelf.,Dia mengambil sebuah buku dari rak buku.,(S (NP (PRP He)) (VP (VBD took) (NP (DT a) (NN book)) (PP (IN from) (NP (DT the) (NN bookshelf)))) (. .)),simple,he took a book from the bookshelf .,dia mengambil sebuah buku dari rak buku .
1161,I was absent from the party.,Aku tidak hadir dalam pesta itu.,(S (NP (PRP I)) (VP (VBD was) (ADJP (JJ absent) (PP (IN from) (NP (DT the) (NN party))))) (. .)),simple,i was absent from the party .,aku tidak hadir dalam pesta itu .
442,Do one thing at a time.,Kerjakan satu hal dalam satu waktu.,(S (VP (VB Do) (NP (CD one) (NN thing)) (PP (IN at) (NP (DT a) (NN time)))) (. .)),simple,do one thing at a time .,kerjakan satu hal dalam satu waktu .
1350,I stood behind the open door.,Aku berdiri di belakang pintu yang terbuka.,(S (NP (PRP I)) (VP (VBD stood) (PP (IN behind) (NP (DT the) (JJ open) (NN door)))) (. .)),simple,i stood behind the open door .,aku berdiri di belakang pintu yang terbuka .
1334,I don't want to go to school.,Aku tidak mau pergi ke sekolah.,(S (NP (PRP I)) (VP (VBP do) (RB n't) (VP (VB want) (S (VP (TO to) (VP (VB go) (PP (IN to) (NP (NN school)))))))) (. .)),simple,i don t want to go to school .,aku tidak mau pergi ke sekolah .
1221,There's a rat in the garage.,Ada tikus di garasi.,(S (NP (EX There)) (VP (VBZ 's) (NP (DT a) (NN rat)) (PP (IN in) (NP (DT the) (NN garage)))) (. .)),simple,there s a rat in the garage .,ada tikus di garasi .
433,Who am I talking with?,Dengan siapa saya bicara?,(SBARQ (WHNP (WP Who)) (SQ (VBP am) (NP (PRP I)) (VP (VBG talking) (PP (IN with)))) (. ?)),simple,who am i talking with ?,dengan siapa saya bicara ?
2135,We're a little worried about Tom.,Kami sedikit khawatir dengan Tom.,(S (NP (PRP We)) (VP (VBP 're) (ADJP (NP (DT a) (JJ little)) (JJ worried) (PP (IN about) (NP (NNP Tom))))) (. .)),simple,we re a little worried about tom .,kami sedikit khawatir dengan tom .
1779,Tom walked toward the entrance.,Tom berjalan menuju pintu masuk.,(S (NP (NNP Tom)) (VP (VBD walked) (PP (IN toward) (NP (DT the) (NN entrance)))) (. .)),simple,tom walked toward the entrance .,tom berjalan menuju pintu masuk .
387,Let's have a go at it.,Mari kita mencobanya.,(S (VP (VB Let) (S (NP (PRP 's)) (VP (VB have) (NP (DT a) (NN go)) (PP (IN at) (NP (PRP it)))))) (. .)),simple,let s have a go at it .,mari kita mencobanya .
30,Give it to him.,Berikan padanya.,(S (VP (VB Give) (NP (PRP it)) (PP (IN to) (NP (PRP him)))) (. .)),simple,give it to him .,berikan padanya .
3570,Croatia is in the southeastern part of Europe.,Kroasia berada di bagian tenggara Eropa.,(S (NP (NNP Croatia)) (VP (VBZ is) (PP (IN in) (NP (NP (DT the) (JJ southeastern) (NN part)) (PP (IN of) (NP (NNP Europe)))))) (. .)),simple,croatia is in the southeastern part of europe .,kroasia berada di bagian tenggara eropa .
4173,Three hundred and fifteen pink rabbits marched along the highway.,Tiga ratus lima belas ekor kelinci merah muda berbaris di sepanjang jalan raya.,(S (NP (QP (CD Three) (CD hundred) (CC and) (CD fifteen)) (JJ pink) (NNS rabbits)) (VP (VBD marched) (PP (IN along) (NP (DT the) (NN highway)))) (. .)),simple,three hundred and fifteen pink rabbits marched along the highway .,tiga ratus lima belas ekor kelinci merah muda berbaris di sepanjang jalan raya .
203,I'll lend it to you.,Aku akan meminjamkannya padamu.,(S (NP (PRP I)) (VP (MD 'll) (VP (VB lend) (NP (PRP it)) (PP (IN to) (NP (PRP you))))) (. .)),simple,i ll lend it to you .,aku akan meminjamkannya padamu .
1532,It all depends on the weather.,Semua tergantung cuaca.,(S (NP (NP (PRP It)) (NP (DT all))) (VP (VBZ depends) (PP (IN on) (NP (DT the) (NN weather)))) (. .)),simple,it all depends on the weather .,semua tergantung cuaca .
1330,I commute to work by bicycle.,Saya pergi kerja naik sepeda.,(S (NP (PRP I)) (VP (VBP commute) (PP (IN to) (NP (NN work))) (PP (IN by) (NP (NN bicycle)))) (. .)),simple,i commute to work by bicycle .,saya pergi kerja naik sepeda .
3035,Koalas sleep for 18 to 22 hours per day.,Koala tidur selama 18 hingga 22 jam per hari.,(S (NP (NNS Koalas)) (VP (VBP sleep) (PP (IN for) (NP (NP (QP (CD 18) (IN to) (CD 22)) (NNS hours)) (PP (IN per) (NP (NN day)))))) (. .)),simple,koalas sleep for to hours per day .,koala tidur selama hingga jam per hari .
4219,"""Say 'I love you' in French."" ""Je t'aime."" ""Thank you, I love you, too.""","""Katakan 'Aku mencintaimu' dalam bahasa Prancis."" ""Je t'aime."" ""Terima kasih, aku juga mencintaimu.""","(S (`` "") (VP (VB Say) (`` ') (S (NP (PRP I)) (VP (VBP love) (NP (PRP you)))) ('' ') (PP (IN in) (NP (NNP French)))) (. .) ('' "") ('' ""))",simple, say i love you in french . je t aime . thank you i love you too . , katakan aku mencintaimu dalam bahasa prancis . je t aime . terima kasih aku juga mencintaimu . 
324,You did that in 2013.,Kamu melakukan itu pada tahun 2013.,(S (NP (PRP You)) (VP (VBD did) (NP (DT that)) (PP (IN in) (NP (CD 2013)))) (. .)),simple,you did that in .,kamu melakukan itu pada tahun .
2302,What do you usually do on Sundays?,Apa yang biasa kamu lakukan pada hari Minggu?,(SBARQ (WHNP (WP What)) (SQ (VBP do) (NP (PRP you)) (ADVP (RB usually)) (VP (VB do) (PP (IN on) (NP (NNS Sundays))))) (. ?)),simple,what do you usually do on sundays ?,apa yang biasa kamu lakukan pada hari minggu ?
805,Tom was executed at dawn.,Tom dihukum mati saat subuh.,(S (NP (NNP Tom)) (VP (VBD was) (VP (VBN executed) (PP (IN at) (NP (NN dawn))))) (. .)),simple,tom was executed at dawn .,tom dihukum mati saat subuh .
1074,That's all Tom talks about.,Itulah yang dibicarakan oleh Tom.,(S (NP (DT That)) (VP (VBZ 's) (NP (NP (DT all)) (SBAR (S (NP (NNP Tom)) (VP (VBZ talks) (PP (IN about))))))) (. .)),complex,that s all tom talks about .,itulah yang dibicarakan oleh tom .
2369,I want to listen to Japanese music.,Saya ingin mendengarkan musik Jepang.,(S (NP (PRP I)) (VP (VBP want) (S (VP (TO to) (VP (VB listen) (PP (IN to) (NP (JJ Japanese) (NN music))))))) (. .)),simple,i want to listen to japanese music .,saya ingin mendengarkan musik jepang .
2387,It's not like you to cry at movies.,Ini tidak seperti kamu menangis di bioskop.,(S (NP (NP (PRP It))) (VP (VBZ 's) (RB not) (SBAR (IN like) (S (NP (PRP you)) (VP (TO to) (VP (VB cry) (PP (IN at) (NP (NNS movies)))))))) (. .)),complex,it s not like you to cry at movies .,ini tidak seperti kamu menangis di bioskop .
2245,The car is in front of the garage.,Mobil itu di depan garasi.,(S (NP (DT The) (NN car)) (VP (VBZ is) (PP (IN in) (NP (NP (NN front)) (PP (IN of) (NP (DT the) (NN garage)))))) (. .)),simple,the car is in front of the garage .,mobil itu di depan garasi .
3013,How many schools are there in your city?,Ada berapa sekolah di kotamu?,(SBARQ (WHNP (WHADJP (WRB How) (JJ many)) (NNS schools)) (SQ (VBP are) (ADVP (RB there)) (PP (IN in) (NP (PRP$ your) (NN city)))) (. ?)),simple,how many schools are there in your city ?,ada berapa sekolah di kotamu ?
478,I'm thinking about you.,Aku memikirkan tentang dirimu.,(S (NP (PRP I)) (VP (VBP 'm) (VP (VBG thinking) (PP (IN about) (NP (PRP you))))) (. .)),simple,i m thinking about you .,aku memikirkan tentang dirimu .
426,What happened in 2013?,Apa yang terjadi pada tahun 2013?,(SBARQ (WHNP (WP What)) (S (VP (VBD happened) (PP (IN in) (NP (CD 2013))))) (. ?)),simple,what happened in ?,apa yang terjadi pada tahun ?
4237,You should apologize to your father for not getting home in time for dinner.,Kamu harus minta maaf pada ayahmu karena tidak pulang tepat waktu untuk makan malam.,(S (NP (PRP You)) (VP (MD should) (VP (VB apologize) (PP (IN to) (NP (PRP$ your) (NN father))) (PP (IN for) (S (RB not) (VP (VBG getting) (ADVP (NN home)) (PP (IN in) (NP (NP (NN time)) (PP (IN for) (NP (NN dinner)))))))))) (. .)),simple,you should apologize to your father for not getting home in time for dinner .,kamu harus minta maaf pada ayahmu karena tidak pulang tepat waktu untuk makan malam .
2668,I will write to you as soon as I can.,Aku akan menulis surat untukmu sesegera mungkin.,(S (NP (PRP I)) (VP (MD will) (VP (VB write) (PP (IN to) (NP (PRP you))) (ADVP (ADVP (RB as) (RB soon)) (SBAR (IN as) (S (NP (PRP I)) (VP (MD can))))))) (. .)),complex,i will write to you as soon as i can .,aku akan menulis surat untukmu sesegera mungkin .
443,Don't listen to anyone.,Jangan dengarkan siapa-siapa.,(S (VP (VBP Do) (RB n't) (VP (VB listen) (PP (IN to) (NP (NN anyone))))) (. .)),simple,don t listen to anyone .,jangan dengarkan siapa siapa .
1025,I know nothing about Linux.,Saya tidak tahu apa-apa tentang Linux.,(S (NP (PRP I)) (VP (VBP know) (NP (NP (NN nothing)) (PP (IN about) (NP (NNP Linux))))) (. .)),simple,i know nothing about linux .,saya tidak tahu apa apa tentang linux .
668,What did both of you do?,Apa yang kalian berdua lakukan?,(SBARQ (WHNP (WP What)) (SQ (VBD did) (NP (NP (DT both)) (PP (IN of) (NP (PRP you)))) (VP (VB do))) (. ?)),simple,what did both of you do ?,apa yang kalian berdua lakukan ?
4078,That species of bird is said to be in danger of dying out.,Spesies burung itu dikatakan terancam punah.,(S (NP (NP (DT That) (NN species)) (PP (IN of) (NP (NN bird)))) (VP (VBZ is) (VP (VBN said) (S (VP (TO to) (VP (VB be) (PP (IN in) (NP (NP (NN danger)) (PP (IN of) (S (VP (VBG dying) (PRT (RP out)))))))))))) (. .)),simple,that species of bird is said to be in danger of dying out .,spesies burung itu dikatakan terancam punah .
1729,She's looking for a better job.,Dia sedang mencari pekerjaan yang lebih baik.,(S (NP (PRP She)) (VP (VBZ 's) (VP (VBG looking) (PP (IN for) (NP (DT a) (JJR better) (NN job))))) (. .)),simple,she s looking for a better job .,dia sedang mencari pekerjaan yang lebih baik .
2269,Tom can't have done it by himself.,Tom tidak mungkin melakukannya seorang diri.,(S (NP (NNP Tom)) (VP (MD ca) (RB n't) (VP (VB have) (VP (VBN done) (NP (PRP it)) (PP (IN by) (NP (PRP himself)))))) (. .)),simple,tom can t have done it by himself .,tom tidak mungkin melakukannya seorang diri .
192,I am fed up with it.,Aku sudah jenuh akan hal itu.,(S (NP (PRP I)) (VP (VBP am) (VP (VBN fed) (PRT (RP up)) (PP (IN with) (NP (PRP it))))) (. .)),simple,i am fed up with it .,aku sudah jenuh akan hal itu .
4069,Be careful not to drive the wrong way on a one-way street.,Hati-hati jangan salah jalan pada jalur satu arah.,(S (VP (VB Be) (ADJP (JJ careful) (S (RB not) (VP (TO to) (VP (VB drive) (NP (DT the) (JJ wrong) (NN way)) (PP (IN on) (NP (DT a) (NML (CD one) (HYPH -) (NN way)) (NN street)))))))) (. .)),simple,be careful not to drive the wrong way on a one way street .,hati hati jangan salah jalan pada jalur satu arah .
567,How's life in Australia?,Bagaimana kehidupan di Australia?,(SBARQ (WHADVP (WRB How)) (SQ (VBZ 's) (NP (NP (NN life)) (PP (IN in) (NP (NNP Australia))))) (. ?)),simple,how s life in australia ?,bagaimana kehidupan di australia ?
2476,You should make use of this chance.,Kamu harus memanfaatkan kesempatan ini.,(S (NP (PRP You)) (VP (MD should) (VP (VB make) (NP (NN use)) (PP (IN of) (NP (DT this) (NN chance))))) (. .)),simple,you should make use of this chance .,kamu harus memanfaatkan kesempatan ini .
2666,I tried to put an end to the quarrel.,Aku berusaha untuk menghentikan pertengkaran itu.,(S (NP (PRP I)) (VP (VBD tried) (S (VP (TO to) (VP (VB put) (NP (DT an) (NN end)) (PP (IN to) (NP (DT the) (NN quarrel))))))) (. .)),simple,i tried to put an end to the quarrel .,aku berusaha untuk menghentikan pertengkaran itu .
6,Go to sleep.,Pergilah tidur.,(S (VP (VB Go) (PP (IN to) (NP (NN sleep)))) (. .)),simple,go to sleep .,pergilah tidur .
932,They have plenty of money.,Mereka punya banyak uang.,(S (NP (PRP They)) (VP (VBP have) (NP (NP (NN plenty)) (PP (IN of) (NP (NN money))))) (. .)),simple,they have plenty of money .,mereka punya banyak uang .
3559,We must learn to live in harmony with nature.,Kita harus belajar untuk hidup selaras bersama alam.,(S (NP (PRP We)) (VP (MD must) (VP (VB learn) (S (VP (TO to) (VP (VB live) (PP (IN in) (NP (NP (NN harmony)) (PP (IN with) (NP (NN nature)))))))))) (. .)),simple,we must learn to live in harmony with nature .,kita harus belajar untuk hidup selaras bersama alam .
439,Call me at this number.,Hubungi saya di nomor ini.,(S (VP (VB Call) (NP (PRP me)) (PP (IN at) (NP (DT this) (NN number)))) (. .)),simple,call me at this number .,hubungi saya di nomor ini .
289,Nobody listens to us.,Tidak ada yang mendengarkan kami.,(S (NP (NN Nobody)) (VP (VBZ listens) (PP (IN to) (NP (PRP us)))) (. .)),simple,nobody listens to us .,tidak ada yang mendengarkan kami .
3155,It's on the first floor of that building.,Itu ada di lantai satu dari bangunan itu.,(S (NP (PRP It)) (VP (VBZ 's) (PP (IN on) (NP (NP (DT the) (JJ first) (NN floor)) (PP (IN of) (NP (DT that) (NN building)))))) (. .)),simple,it s on the first floor of that building .,itu ada di lantai satu dari bangunan itu .
3245,I like cold weather more than hot weather.,Aku lebih suka cuaca dingin daripada cuaca panas.,(S (NP (PRP I)) (VP (VBP like) (NP (JJ cold) (NN weather)) (ADVP (ADVP (RBR more)) (PP (IN than) (NP (JJ hot) (NN weather))))) (. .)),simple,i like cold weather more than hot weather .,aku lebih suka cuaca dingin daripada cuaca panas .
1281,Why didn't you listen to me?,Kenapa kamu tidak mendengarkanku?,(SBARQ (WHADVP (WRB Why)) (SQ (VBD did) (RB n't) (NP (PRP you)) (VP (VB listen) (PP (IN to) (NP (PRP me))))) (. ?)),simple,why didn t you listen to me ?,kenapa kamu tidak mendengarkanku ?
4228,Tom had to read the sign on the door three times before he understood it.,Tom harus membaca petunjuk di pintu tiga kali untuk mengerti isi petunjuk itu.,(S (NP (NNP Tom)) (VP (VBD had) (S (VP (TO to) (VP (VB read) (NP (NP (DT the) (NN sign)) (PP (IN on) (NP (DT the) (NN door)))) (NP (CD three) (NNS times)) (SBAR (IN before) (S (NP (PRP he)) (VP (VBD understood) (NP (PRP it))))))))) (. .)),complex,tom had to read the sign on the door three times before he understood it .,tom harus membaca petunjuk di pintu tiga kali untuk mengerti isi petunjuk itu .
1180,I'm not used to the job yet.,Saya belum terbiasa dengan pekerjaan itu.,(S (NP (PRP I)) (VP (VBP 'm) (RB not) (VP (VBN used) (PP (IN to) (NP (DT the) (NN job))) (ADVP (RB yet)))) (. .)),simple,i m not used to the job yet .,saya belum terbiasa dengan pekerjaan itu .
2857,Tom tried to push Mary into the water.,Tom mencoba mendorong Mary kedalam air.,(S (NP (NNP Tom)) (VP (VBD tried) (S (VP (TO to) (VP (VB push) (NP (NNP Mary)) (PP (IN into) (NP (DT the) (NN water))))))) (. .)),simple,tom tried to push mary into the water .,tom mencoba mendorong mary kedalam air .
3275,This book contains a lot of short stories.,Buku ini berisi banyak cerita pendek.,(S (NP (DT This) (NN book)) (VP (VBZ contains) (NP (NP (DT a) (NN lot)) (PP (IN of) (NP (JJ short) (NNS stories))))) (. .)),simple,this book contains a lot of short stories .,buku ini berisi banyak cerita pendek .
1691,I want to be more than friends.,Saya ingin menjadi lebih dari sekedar teman.,(S (NP (PRP I)) (VP (VBP want) (S (VP (TO to) (VP (VB be) (NP (ADJP (JJR more)) (PP (IN than) (NP (NNS friends)))))))) (. .)),simple,i want to be more than friends .,saya ingin menjadi lebih dari sekedar teman .
3868,The girl was badly injured in the traffic accident.,Gadis itu telah terluka parah dalam kecelakaan lalu-lintas.,(S (NP (DT The) (NN girl)) (VP (VBD was) (ADVP (RB badly)) (VBN injured) (PP (IN in) (NP (DT the) (NN traffic) (NN accident)))) (. .)),simple,the girl was badly injured in the traffic accident .,gadis itu telah terluka parah dalam kecelakaan lalu lintas .
2292,Tom was raised in a small village.,Tom dibesarkan di sebuah desa kecil.,(S (NP (NNP Tom)) (VP (VBD was) (VP (VBN raised) (PP (IN in) (NP (DT a) (JJ small) (NN village))))) (. .)),simple,tom was raised in a small village .,tom dibesarkan di sebuah desa kecil .
3584,I had to make a list of things I needed to do.,Aku harus membuat daftar tentang hal apa saja yang perlu aku lakukan.,(S (NP (PRP I)) (VP (VBD had) (S (VP (TO to) (VP (VB make) (NP (NP (DT a) (NN list)) (PP (IN of) (NP (NP (NNS things)) (SBAR (S (NP (PRP I)) (VP (VBD needed) (S (VP (TO to) (VP (VB do)))))))))))))) (. .)),complex,i had to make a list of things i needed to do .,aku harus membuat daftar tentang hal apa saja yang perlu aku lakukan .
4151,He put on sunglasses to protect his eyes from ultraviolet rays.,Dia memakai kacamata hitam untuk melindungi matanya dari sinar ultraungu.,(S (NP (PRP He)) (VP (VBD put) (PRT (RP on)) (NP (NNS sunglasses)) (S (VP (TO to) (VP (VB protect) (NP (PRP$ his) (NNS eyes)) (PP (IN from) (NP (JJ ultraviolet) (NNS rays))))))) (. .)),simple,he put on sunglasses to protect his eyes from ultraviolet rays .,dia memakai kacamata hitam untuk melindungi matanya dari sinar ultraungu .
2994,Where else in Boston do you want to go?,"Di Boston, kamu ingin pergi ke mana lagi?",(SBARQ (WHNP (WHADVP (WRB Where) (RB else)) (PP (IN in) (NP (NNP Boston)))) (SQ (VBP do) (NP (PRP you)) (VP (VB want) (S (VP (TO to) (VP (VB go)))))) (. ?)),simple,where else in boston do you want to go ?,di boston kamu ingin pergi ke mana lagi ?
3371,The Nile River is the longest in the world.,Sungai Nil adalah sungai terpanjang di dunia.,(S (NP (DT The) (NNP Nile) (NNP River)) (VP (VBZ is) (NP (NP (DT the) (JJS longest)) (PP (IN in) (NP (DT the) (NN world))))) (. .)),simple,the nile river is the longest in the world .,sungai nil adalah sungai terpanjang di dunia .
3227,Countless stars were twinkling in the sky.,Bintang yang tak terkian berkerlapan di langit.,(S (NP (JJ Countless) (NNS stars)) (VP (VBD were) (VP (VBG twinkling) (PP (IN in) (NP (DT the) (NN sky))))) (. .)),simple,countless stars were twinkling in the sky .,bintang yang tak terkian berkerlapan di langit .
2788,I meet with him once every six months.,Aku bertemu dengannya tiap enam bulan sekali.,(S (NP (PRP I)) (VP (VBP meet) (PP (IN with) (NP (PRP him))) (ADVP (RB once)) (NP (DT every) (CD six) (NNS months))) (. .)),simple,i meet with him once every six months .,aku bertemu dengannya tiap enam bulan sekali .
1590,This line is parallel to that.,Garis ini sejajar dengan garis itu.,(S (NP (DT This) (NN line)) (VP (VBZ is) (ADJP (JJ parallel) (PP (IN to) (NP (DT that))))) (. .)),simple,this line is parallel to that .,garis ini sejajar dengan garis itu .
194,I believe in ghosts.,Aku percaya akan adanya hantu.,(S (NP (PRP I)) (VP (VBP believe) (PP (IN in) (NP (NNS ghosts)))) (. .)),simple,i believe in ghosts .,aku percaya akan adanya hantu .
450,Health is above wealth.,Kesehatan di atas kekayaan.,(S (NP (NN Health)) (VP (VBZ is) (PP (IN above) (NP (NN wealth)))) (. .)),simple,health is above wealth .,kesehatan di atas kekayaan .
2015,Don't hesitate to ask for advice.,Jangan sungkan untuk meminta saran.,(S (VP (VBP Do) (RB n't) (VP (VB hesitate) (S (VP (TO to) (VP (VB ask) (PP (IN for) (NP (NN advice)))))))) (. .)),simple,don t hesitate to ask for advice .,jangan sungkan untuk meminta saran .
865,I also plan on doing that.,Aku juga berencana melakukan itu.,(S (NP (PRP I)) (ADVP (RB also)) (VP (VBP plan) (PP (IN on) (S (VP (VBG doing) (NP (DT that)))))) (. .)),simple,i also plan on doing that .,aku juga berencana melakukan itu .
3908,"If you lie down with dogs, you'll get up with fleas.","Bercampur dengan orang pemaling, sekurang-kurangnya jadi pencecak.","(S (SBAR (IN If) (S (NP (PRP you)) (VP (VBP lie) (ADVP (RP down)) (PP (IN with) (NP (NNS dogs)))))) (, ,) (NP (PRP you)) (VP (MD 'll) (VP (VB get) (ADVP (RP up)) (PP (IN with) (NP (NNS fleas))))) (. .))",complex,if you lie down with dogs you ll get up with fleas .,bercampur dengan orang pemaling sekurang kurangnya jadi pencecak .
4127,Please mail this letter on your next trip to the post office.,Tolong kirimkan surat ini pada kesempatan berikutnya ke kantor pos.,(S (VB Please) (VP (VB mail) (NP (DT this) (NN letter)) (PP (IN on) (NP (NP (PRP$ your) (JJ next) (NN trip)) (PP (IN to) (NP (DT the) (NN post) (NN office)))))) (. .)),simple,please mail this letter on your next trip to the post office .,tolong kirimkan surat ini pada kesempatan berikutnya ke kantor pos .
29,Give it to him.,Berikan itu padanya.,(S (VP (VB Give) (NP (PRP it)) (PP (IN to) (NP (PRP him)))) (. .)),simple,give it to him .,berikan itu padanya .
3682,The teacher told them not to swim in the river.,Bu guru memberi tahu mereka agar tidak berenang di sungai.,(S (NP (DT The) (NN teacher)) (VP (VBD told) (NP (PRP them)) (S (RB not) (VP (TO to) (VP (VB swim) (PP (IN in) (NP (DT the) (NN river))))))) (. .)),simple,the teacher told them not to swim in the river .,bu guru memberi tahu mereka agar tidak berenang di sungai .
4273,"Tom told Mary that he was going to Boston, but he told John that he was going to Chicago.","Tom memberi tahu Mary bahwa dia akan pergi ke Boston, tetapi dia memberi tahu John bahwa dia akan pergi ke Chicago.","(S (S (NP (NNP Tom)) (VP (VBD told) (NP (NNP Mary)) (SBAR (IN that) (S (NP (PRP he)) (VP (VBD was) (VP (VBG going) (PP (IN to) (NP (NNP Boston))))))))) (, ,) (CC but) (S (NP (PRP he)) (VP (VBD told) (NP (NNP John)) (SBAR (IN that) (S (NP (PRP he)) (VP (VBD was) (VP (VBG going) (PP (IN to) (NP (NNP Chicago))))))))) (. .))",complex,tom told mary that he was going to boston but he told john that he was going to chicago .,tom memberi tahu mary bahwa dia akan pergi ke boston tetapi dia memberi tahu john bahwa dia akan pergi ke chicago .
3810,He is capable of teaching both English and French.,Dia mampu mengajar bahasa Inggris maupun bahasa Prancis.,(S (NP (PRP He)) (VP (VBZ is) (ADJP (JJ capable) (PP (IN of) (S (VP (VBG teaching) (NP (DT both) (NNP English) (CC and) (NNP French))))))) (. .)),simple,he is capable of teaching both english and french .,dia mampu mengajar bahasa inggris maupun bahasa prancis .
2233,Smoking is forbidden in this area.,Dilarang merokok di area ini.,(S (NP (NN Smoking)) (VP (VBZ is) (ADJP (VBN forbidden)) (PP (IN in) (NP (DT this) (NN area)))) (. .)),simple,smoking is forbidden in this area .,dilarang merokok di area ini .
3439,I will give you a bicycle for your birthday.,Aku akan berikan kamu sepeda di hari ulang tahunmu.,(S (NP (PRP I)) (VP (MD will) (VP (VB give) (NP (PRP you)) (NP (DT a) (NN bicycle)) (PP (IN for) (NP (PRP$ your) (NN birthday))))) (. .)),simple,i will give you a bicycle for your birthday .,aku akan berikan kamu sepeda di hari ulang tahunmu .
4108,I make it a rule not to watch television after nine o'clock.,Saya membuat aturan untuk tidak menonton televisi setelah jam sembilan.,(S (NP (PRP I)) (VP (VBP make) (S (NP (NP (NP (PRP it))) (NP (DT a) (NN rule))) (S (RB not) (VP (TO to) (VP (VB watch) (NP (NN television)) (PP (IN after) (NP (CD nine) (NN o'clock)))))))) (. .)),simple,i make it a rule not to watch television after nine o clock .,saya membuat aturan untuk tidak menonton televisi setelah jam sembilan .
2495,He pressed his ear against the wall.,Dia menekan telinganya ke tembok.,(S (NP (PRP He)) (VP (VBD pressed) (NP (PRP$ his) (NN ear)) (PP (IN against) (NP (DT the) (NN wall)))) (. .)),simple,he pressed his ear against the wall .,dia menekan telinganya ke tembok .
657,Try to keep from crying.,Cobalah untuk tidak menangis.,(S (VP (VB Try) (S (VP (TO to) (VP (VB keep) (PP (IN from) (S (VP (VBG crying)))))))) (. .)),simple,try to keep from crying .,cobalah untuk tidak menangis .
3345,It takes 10 minutes to walk to the station.,Memerlukan waktu 10 menit untuk bisa sampai ke stasiun dengan berjalan kaki.,(S (NP (NP (PRP It))) (VP (VBZ takes) (NP (CD 10) (NNS minutes)) (S (VP (TO to) (VP (VB walk) (PP (IN to) (NP (DT the) (NN station))))))) (. .)),simple,it takes minutes to walk to the station .,memerlukan waktu menit untuk bisa sampai ke stasiun dengan berjalan kaki .
1114,What on earth is happening?,Apa yang sedang terjadi?,(SBARQ (WHNP (WHNP (WP What)) (PP (IN on) (NP (NN earth)))) (SQ (VBZ is) (VP (VBG happening))) (. ?)),simple,what on earth is happening ?,apa yang sedang terjadi ?
4120,Brazil is surrounded by ten countries and the Atlantic Ocean.,Brasil dikelilingi oleh sepuluh negara dan Samudra Atlantik.,(S (NP (NNP Brazil)) (VP (VBZ is) (VP (VBN surrounded) (PP (IN by) (NP (NP (CD ten) (NNS countries)) (CC and) (NP (DT the) (NNP Atlantic) (NNP Ocean)))))) (. .)),simple,brazil is surrounded by ten countries and the atlantic ocean .,brasil dikelilingi oleh sepuluh negara dan samudra atlantik .
2607,Tom returned to Australia last week.,Tom kembali ke Australia minggu lalu.,(S (NP (NNP Tom)) (VP (VBD returned) (PP (IN to) (NP (NNP Australia))) (NP (JJ last) (NN week))) (. .)),simple,tom returned to australia last week .,tom kembali ke australia minggu lalu .
293,Should I go with you?,Apa perlu aku temani?,(SQ (MD Should) (NP (PRP I)) (VP (VB go) (PP (IN with) (NP (PRP you)))) (. ?)),simple,should i go with you ?,apa perlu aku temani ?
1867,I want to go on a trip with you.,Aku ingin pergi jalan-jalan denganmu.,(S (NP (PRP I)) (VP (VBP want) (S (VP (TO to) (VP (VB go) (PP (IN on) (NP (NP (DT a) (NN trip)) (PP (IN with) (NP (PRP you))))))))) (. .)),simple,i want to go on a trip with you .,aku ingin pergi jalan jalan denganmu .
4125,Japanese houses are built of wood and they catch fire easily.,"Rumah-rumah orang Jepang terbuat dari kayu, sehingga rentan untuk terbakar.",(S (S (NP (JJ Japanese) (NNS houses)) (VP (VBP are) (VP (VBN built) (PP (IN of) (NP (NN wood)))))) (CC and) (S (NP (PRP they)) (VP (VBP catch) (NP (NN fire)) (ADVP (RB easily)))) (. .)),compound,japanese houses are built of wood and they catch fire easily .,rumah rumah orang jepang terbuat dari kayu sehingga rentan untuk terbakar .
1225,They left one after another.,Mereka pergi satu per satu.,(S (NP (PRP They)) (VP (VBD left) (NP (NP (CD one)) (PP (IN after) (NP (DT another))))) (. .)),simple,they left one after another .,mereka pergi satu per satu .
1953,Tom put on one of John's shirts.,Tom mengenakan salah satu baju milik John.,(S (NP (NNP Tom)) (VP (VBD put) (PP (RP on) (NP (NP (CD one)) (PP (IN of) (NP (NP (NNP John) (POS 's)) (NNS shirts)))))) (. .)),simple,tom put on one of john s shirts .,tom mengenakan salah satu baju milik john .
222,Tom died in October.,Tom meninggal pada bulan Oktober.,(S (NP (NNP Tom)) (VP (VBD died) (PP (IN in) (NP (NNP October)))) (. .)),simple,tom died in october .,tom meninggal pada bulan oktober .
2574,There are plenty of fish in the sea.,"Pecah buyung, tempayan ada.",(S (NP (EX There)) (VP (VBP are) (NP (NP (NN plenty)) (PP (IN of) (NP (NN fish)))) (PP (IN in) (NP (DT the) (NN sea)))) (. .)),simple,there are plenty of fish in the sea .,pecah buyung tempayan ada .
1075,The cat slept on the table.,Kucing itu tidur di atas meja.,(S (NP (DT The) (NN cat)) (VP (VBD slept) (PP (IN on) (NP (DT the) (NN table)))) (. .)),simple,the cat slept on the table .,kucing itu tidur di atas meja .
573,I go to school at seven.,Aku pergi ke sekolah pada pukul tujuh.,(S (NP (PRP I)) (VP (VBP go) (PP (IN to) (NP (NN school))) (PP (IN at) (NP (CD seven)))) (. .)),simple,i go to school at seven .,aku pergi ke sekolah pada pukul tujuh .
3024,I will be traveling in Europe next week.,Saya akan bepergian di Eropa minggu depan.,(S (NP (PRP I)) (VP (MD will) (VP (VB be) (VP (VBG traveling) (PP (IN in) (NP (NNP Europe))) (NP (JJ next) (NN week))))) (. .)),simple,i will be traveling in europe next week .,saya akan bepergian di eropa minggu depan .
3827,She is still financially dependent on her parents.,Dia masih bergantung secara finansial kepada orang tuanya.,(S (NP (PRP She)) (VP (VBZ is) (ADVP (RB still)) (ADJP (RB financially) (JJ dependent) (PP (IN on) (NP (PRP$ her) (NNS parents))))) (. .)),simple,she is still financially dependent on her parents .,dia masih bergantung secara finansial kepada orang tuanya .
1812,"As a rule, I don't drink coffee.",Saya terbiasa untuk tidak meminum kopi.,"(S (PP (IN As) (NP (DT a) (NN rule))) (, ,) (NP (PRP I)) (VP (VBP do) (RB n't) (VP (VB drink) (NP (NN coffee)))) (. .))",simple,as a rule i don t drink coffee .,saya terbiasa untuk tidak meminum kopi .
3931,I met Tom just the other day in front of the station.,Waktu lalu saya bertemu Tom di depan stasiun.,(S (NP (PRP I)) (VP (VBD met) (NP (NNP Tom)) (NP (RB just) (DT the) (JJ other) (NN day)) (PP (IN in) (NP (NP (NN front)) (PP (IN of) (NP (DT the) (NN station)))))) (. .)),simple,i met tom just the other day in front of the station .,waktu lalu saya bertemu tom di depan stasiun .
812,We are worried about you.,Kami mengkhawatirkanmu.,(S (NP (PRP We)) (VP (VBP are) (ADJP (VBN worried) (PP (IN about) (NP (PRP you))))) (. .)),simple,we are worried about you .,kami mengkhawatirkanmu .
2564,The bomb will explode in 10 seconds.,Bom akan meledak dalam waktu 10 detik.,(S (NP (DT The) (NN bomb)) (VP (MD will) (VP (VB explode) (PP (IN in) (NP (CD 10) (NNS seconds))))) (. .)),simple,the bomb will explode in seconds .,bom akan meledak dalam waktu detik .
3551,Tom has lived in Boston for most of his life.,Tom sebagian besar hidupnya tinggal di Boston,(S (NP (NNP Tom)) (VP (VBZ has) (VP (VBN lived) (PP (IN in) (NP (NNP Boston))) (PP (IN for) (NP (NP (JJS most)) (PP (IN of) (NP (PRP$ his) (NN life))))))) (. .)),simple,tom has lived in boston for most of his life .,tom sebagian besar hidupnya tinggal di boston
4256,Tom bought two chocolate cupcakes with vanilla icing and gave one of them to Mary.,Tom membeli dua kapkek coklat dengan taburan vanila dan memberikannya satu ke Mary.,(S (NP (NNP Tom)) (VP (VP (VBD bought) (NP (NP (CD two) (NN chocolate) (NNS cupcakes)) (PP (IN with) (NP (NN vanilla) (NN icing))))) (CC and) (VP (VBD gave) (NP (NP (CD one)) (PP (IN of) (NP (PRP them)))) (PP (IN to) (NP (NNP Mary))))) (. .)),simple,tom bought two chocolate cupcakes with vanilla icing and gave one of them to mary .,tom membeli dua kapkek coklat dengan taburan vanila dan memberikannya satu ke mary .
418,We must wait for them.,Kita harus menunggu mereka.,(S (NP (PRP We)) (VP (MD must) (VP (VB wait) (PP (IN for) (NP (PRP them))))) (. .)),simple,we must wait for them .,kita harus menunggu mereka .
3897,He was strong enough to help his father on the farm.,Dia cukup kuat untuk membantu ayahnya di kebun.,(S (NP (PRP He)) (VP (VBD was) (ADJP (JJ strong) (RB enough) (S (VP (TO to) (VP (VB help) (NP (PRP$ his) (NN father)) (PP (IN on) (NP (DT the) (NN farm)))))))) (. .)),simple,he was strong enough to help his father on the farm .,dia cukup kuat untuk membantu ayahnya di kebun .
4150,You're the one person I can rely on in this kind of situation.,Kau adalah orang yang bisa kuandalkan dalam keadaan seperti ini.,(S (NP (PRP You)) (VP (VBP 're) (NP (NP (DT the) (CD one) (NN person)) (SBAR (S (NP (PRP I)) (VP (MD can) (VP (VB rely) (PP (IN on)) (PP (IN in) (NP (NP (DT this) (NN kind)) (PP (IN of) (NP (NN situation))))))))))) (. .)),complex,you re the one person i can rely on in this kind of situation .,kau adalah orang yang bisa kuandalkan dalam keadaan seperti ini .
80,Let's run for it.,Ayo lari.,(S (VP (VB Let) (S (NP (PRP 's)) (VP (VB run) (PP (IN for) (NP (PRP it)))))) (. .)),simple,let s run for it .,ayo lari .
257,He is good at tennis.,Dia jago bermain tenis.,(S (NP (PRP He)) (VP (VBZ is) (ADJP (JJ good) (PP (IN at) (NP (NN tennis))))) (. .)),simple,he is good at tennis .,dia jago bermain tenis .
295,Stay out of the rain.,Jangan sampai kehujanan.,(S (VP (VB Stay) (PP (IN out) (PP (IN of) (NP (DT the) (NN rain))))) (. .)),simple,stay out of the rain .,jangan sampai kehujanan .
3747,"Tom is from Boston, but now he lives in Chicago.","Tom berasal dari Boston, namun sekarang tinggal di Chicago.","(S (S (NP (NNP Tom)) (VP (VBZ is) (PP (IN from) (NP (NNP Boston))))) (, ,) (CC but) (S (ADVP (RB now)) (NP (PRP he)) (VP (VBZ lives) (PP (IN in) (NP (NNP Chicago))))) (. .))",compound,tom is from boston but now he lives in chicago .,tom berasal dari boston namun sekarang tinggal di chicago .
2293,Tom works every day except Sunday.,Tom bekerja setiap hari kecuali hari Minggu.,(S (NP (NNP Tom)) (VP (VBZ works) (NP (NP (DT every) (NN day)) (PP (IN except) (NP (NNP Sunday))))) (. .)),simple,tom works every day except sunday .,tom bekerja setiap hari kecuali hari minggu .
2389,Look up the word in the dictionary.,Lihat katanya di kamus.,(S (VP (VB Look) (PRT (RP up)) (NP (NP (DT the) (NN word)) (PP (IN in) (NP (DT the) (NN dictionary))))) (. .)),simple,look up the word in the dictionary .,lihat katanya di kamus .
3123,He was elected governor of Texas in 1994.,Dia terpilih sebagai Gubernur Texas pada tahun 1994.,(S (NP (PRP He)) (VP (VBD was) (VP (VBN elected) (S (NP (NP (NN governor)) (PP (IN of) (NP (NNP Texas))))) (PP (IN in) (NP (CD 1994))))) (. .)),simple,he was elected governor of texas in .,dia terpilih sebagai gubernur texas pada tahun .
3232,He comes back from Singapore next January.,Dia kembali dari Singapura bulan Januari depan.,(S (NP (PRP He)) (VP (VBZ comes) (ADVP (ADVP (RB back)) (PP (IN from) (NP (NNP Singapore)))) (NP (JJ next) (NNP January))) (. .)),simple,he comes back from singapore next january .,dia kembali dari singapura bulan januari depan .
1621,We went swimming in the river.,Kami pergi berenang di sungai.,(S (NP (PRP We)) (VP (VBD went) (S (VP (VBG swimming) (PP (IN in) (NP (DT the) (NN river)))))) (. .)),simple,we went swimming in the river .,kami pergi berenang di sungai .
3698,What kind of music do you want at your wedding?,Jenis musik apa yang Anda inginkan pada pernikahan Anda?,(SBARQ (WHNP (WHNP (WP What) (NN kind)) (PP (IN of) (NP (NN music)))) (SQ (VBP do) (NP (PRP you)) (VP (VB want) (PP (IN at) (NP (PRP$ your) (NN wedding))))) (. ?)),simple,what kind of music do you want at your wedding ?,jenis musik apa yang anda inginkan pada pernikahan anda ?
3378,The police found three wallets in your car.,Polisi menemukan tiga dompet di dalam mobilmu.,(S (NP (DT The) (NN police)) (VP (VBD found) (NP (CD three) (NNS wallets)) (PP (IN in) (NP (PRP$ your) (NN car)))) (. .)),simple,the police found three wallets in your car .,polisi menemukan tiga dompet di dalam mobilmu .
1207,Smoking in bed is dangerous.,Merokok di tempat tidur itu berbahaya.,(S (S (VP (VBG Smoking) (PP (IN in) (NP (NN bed))))) (VP (VBZ is) (ADJP (JJ dangerous))) (. .)),simple,smoking in bed is dangerous .,merokok di tempat tidur itu berbahaya .
2934,Now it's time for the weather forecast.,Sekarang waktunya ramalan cuaca.,(S (ADVP (RB Now)) (NP (PRP it)) (VP (VBZ 's) (NP (NP (NN time)) (PP (IN for) (NP (DT the) (NN weather) (NN forecast))))) (. .)),simple,now it s time for the weather forecast .,sekarang waktunya ramalan cuaca .
3453,Life without love is just totally pointless.,Hidup tanpa cinta sama sekali tidak bermakna.,(S (NP (NP (NN Life)) (PP (IN without) (NP (NN love)))) (VP (VBZ is) (ADJP (RB just) (RB totally) (JJ pointless))) (. .)),simple,life without love is just totally pointless .,hidup tanpa cinta sama sekali tidak bermakna .
3235,He was spreading mulch in the flower beds.,Dia menyebar mulsa di ladang bunga.,(S (NP (PRP He)) (VP (VBD was) (VP (VBG spreading) (NP (NN mulch)) (PP (IN in) (NP (DT the) (NN flower) (NNS beds))))) (. .)),simple,he was spreading mulch in the flower beds .,dia menyebar mulsa di ladang bunga .
1192,Let's meet again in October.,Mari bertemu lagi pada bulan Oktober.,(S (VP (VB Let) (S (NP (PRP 's)) (VP (VB meet) (ADVP (RB again)) (PP (IN in) (NP (NNP October)))))) (. .)),simple,let s meet again in october .,mari bertemu lagi pada bulan oktober .
376,I'm ashamed of myself.,Aku malu pada diriku sendiri.,(S (NP (PRP I)) (VP (VBP 'm) (ADJP (JJ ashamed) (PP (IN of) (NP (PRP myself))))) (. .)),simple,i m ashamed of myself .,aku malu pada diriku sendiri .
712,He had dinner by himself.,Dia makan malam sendiri.,(S (NP (PRP He)) (VP (VBD had) (NP (NN dinner)) (PP (IN by) (NP (PRP himself)))) (. .)),simple,he had dinner by himself .,dia makan malam sendiri .
3654,He said that he gets up at 6 o'clock every day.,Dia mengatakan bahwa dia bangun pada jam 6 setiap hari.,(S (NP (PRP He)) (VP (VBD said) (SBAR (IN that) (S (NP (PRP he)) (VP (VBZ gets) (PRT (RP up)) (PP (IN at) (NP (CD 6) (NN o'clock))) (NP (DT every) (NN day)))))) (. .)),complex,he said that he gets up at o clock every day .,dia mengatakan bahwa dia bangun pada jam setiap hari .
1461,All of us went except for him.,Kami semua pergi kecuali dia.,(S (NP (NP (DT All)) (PP (IN of) (NP (PRP us)))) (VP (VBD went) (PP (IN except) (PP (IN for) (NP (PRP him))))) (. .)),simple,all of us went except for him .,kami semua pergi kecuali dia .
1189,It's not far from the hotel.,Itu tidak jauh dari hotel.,(S (NP (PRP It)) (VP (VBZ 's) (RB not) (ADVP (RB far) (PP (IN from) (NP (DT the) (NN hotel))))) (. .)),simple,it s not far from the hotel .,itu tidak jauh dari hotel .
2918,I like white wine better than red wine.,Saya lebih suka anggur putih daripada anggur merah.,(S (NP (PRP I)) (VP (VBP like) (NP (JJ white) (NN wine)) (ADVP (ADVP (RBR better)) (PP (IN than) (NP (JJ red) (NN wine))))) (. .)),simple,i like white wine better than red wine .,saya lebih suka anggur putih daripada anggur merah .
3524,I'm already accustomed to the heat of summer.,Aku sudah terbiasa dengan panasnya musim panas.,(S (NP (PRP I)) (VP (VBP 'm) (ADVP (RB already)) (ADJP (VBN accustomed) (PP (IN to) (NP (NP (DT the) (NN heat)) (PP (IN of) (NP (NN summer))))))) (. .)),simple,i m already accustomed to the heat of summer .,aku sudah terbiasa dengan panasnya musim panas .
3229,Don't you think Tom looks like an old man?,Apa menurutmu Tom tidak terlihat seperti orang tua?,(SQ (VBP Do) (RB n't) (NP (PRP you)) (VP (VB think) (SBAR (S (NP (NNP Tom)) (VP (VBZ looks) (PP (IN like) (NP (DT an) (JJ old) (NN man))))))) (. ?)),complex,don t you think tom looks like an old man ?,apa menurutmu tom tidak terlihat seperti orang tua ?
842,Did you get this from Tom?,Apakah kamu mendapatkan ini dari Tom?,(SQ (VBD Did) (NP (PRP you)) (VP (VB get) (NP (DT this)) (PP (IN from) (NP (NNP Tom)))) (. ?)),simple,did you get this from tom ?,apakah kamu mendapatkan ini dari tom ?
4193,"I like steak better than anything else, and eat it every other day.","Aku suka steik dibanding makanan yang lain, dan aku memakannya setiap hari.","(S (NP (PRP I)) (VP (VP (VBP like) (NP (NN steak)) (ADVP (ADVP (RBR better)) (PP (IN than) (NP (NN anything) (RB else))))) (, ,) (CC and) (VP (VBP eat) (NP (PRP it)) (NP (DT every) (JJ other) (NN day)))) (. .))",simple,i like steak better than anything else and eat it every other day .,aku suka steik dibanding makanan yang lain dan aku memakannya setiap hari .
449,He went to the dentist.,Dia pergi ke dokter gigi.,(S (NP (PRP He)) (VP (VBD went) (PP (IN to) (NP (DT the) (NN dentist)))) (. .)),simple,he went to the dentist .,dia pergi ke dokter gigi .
1537,Mary went to the beauty salon.,Mary pergi ke salon.,(S (NP (NNP Mary)) (VP (VBD went) (PP (IN to) (NP (DT the) (NN beauty) (NN salon)))) (. .)),simple,mary went to the beauty salon .,mary pergi ke salon .
1778,Tom set the alarm on his watch.,Tom mengatur pengingat pada jamnya.,(S (NP (NNP Tom)) (VP (VBD set) (NP (DT the) (NN alarm)) (PP (IN on) (NP (PRP$ his) (NN watch)))) (. .)),simple,tom set the alarm on his watch .,tom mengatur pengingat pada jamnya .
958,We need to speak with you.,Kami perlu bicara dengan Anda.,(S (NP (PRP We)) (VP (VBP need) (S (VP (TO to) (VP (VB speak) (PP (IN with) (NP (PRP you))))))) (. .)),simple,we need to speak with you .,kami perlu bicara dengan anda .
4006,The number of people suffering from AIDS has increased.,Jumlah penderita AIDS semakin bertambah.,(S (NP (NP (DT The) (NN number)) (PP (IN of) (NP (NP (NNS people)) (VP (VBG suffering) (PP (IN from) (NP (NNP AIDS))))))) (VP (VBZ has) (VP (VBN increased))) (. .)),simple,the number of people suffering from aids has increased .,jumlah penderita aids semakin bertambah .
654,Tom was working with us.,Tom bekerja dengan kami.,(S (NP (NNP Tom)) (VP (VBD was) (VP (VBG working) (PP (IN with) (NP (PRP us))))) (. .)),simple,tom was working with us .,tom bekerja dengan kami .
3946,The boy fell off the bicycle and fractured his skull.,Anak laki-laki itu jatuh dari sepeda dan tempurung kepalanya retak.,(S (NP (DT The) (NN boy)) (VP (VP (VBD fell) (PP (IN off) (NP (DT the) (NN bicycle)))) (CC and) (VP (VBD fractured) (NP (PRP$ his) (NN skull)))) (. .)),simple,the boy fell off the bicycle and fractured his skull .,anak laki laki itu jatuh dari sepeda dan tempurung kepalanya retak .
3917,"Tom, Mary, John and Alice are all in the same class.","Tom, Mary, John, dan Alice ada di kelas yang sama.","(S (NP (NNP Tom) (, ,) (NNP Mary) (, ,) (NNP John) (CC and) (NNP Alice)) (VP (VBP are) (DT all) (PP (IN in) (NP (DT the) (JJ same) (NN class)))) (. .))",simple,tom mary john and alice are all in the same class .,tom mary john dan alice ada di kelas yang sama .
411,Tom showed it to Mary.,Tom memperlihatkannya kepada Mary.,(S (NP (NNP Tom)) (VP (VBD showed) (NP (PRP it)) (PP (IN to) (NP (NNP Mary)))) (. .)),simple,tom showed it to mary .,tom memperlihatkannya kepada mary .
2868,Who in the world do you think you are?,Kamu pikir kamu ini siapa?,(SBARQ (WHNP (WHNP (WP Who)) (PP (IN in) (NP (DT the) (NN world)))) (SQ (VBP do) (NP (PRP you)) (VP (VB think) (SBAR (S (NP (PRP you)) (VP (VBP are)))))) (. ?)),complex,who in the world do you think you are ?,kamu pikir kamu ini siapa ?
3760,Half of the world’s population lives in cities.,Setengah dari penduduk dunia tinggal di perkotaan.,(S (NP (NP (NN Half)) (PP (IN of) (NP (NP (DT the) (NN world) (POS ’s)) (NN population)))) (VP (VBZ lives) (PP (IN in) (NP (NNS cities)))) (. .)),simple,half of the world s population lives in cities .,setengah dari penduduk dunia tinggal di perkotaan .
3593,I wonder whether Tom still lives in Australia.,Kira-kira Tom masih tinggal di Australia nggak ya?,(S (NP (PRP I)) (VP (VBP wonder) (SBAR (IN whether) (S (NP (NNP Tom)) (ADVP (RB still)) (VP (VBZ lives) (PP (IN in) (NP (NNP Australia))))))) (. .)),complex,i wonder whether tom still lives in australia .,kira kira tom masih tinggal di australia nggak ya ?
1406,The snow lasted for two days.,Saljunya bertahan hingga 2 hari.,(S (NP (DT The) (NN snow)) (VP (VBD lasted) (PP (IN for) (NP (CD two) (NNS days)))) (. .)),simple,the snow lasted for two days .,saljunya bertahan hingga hari .
4222,Nothing is the matter with the car. It's just that you are a bad driver.,Tidak ada yang salah dengan mobilnya. Hanya saja kamu tidak bisa mengemudi.,(S (NP (NN Nothing)) (VP (VBZ is) (NP (DT the) (NN matter)) (PP (IN with) (NP (DT the) (NN car)))) (. .)),simple,nothing is the matter with the car . it s just that you are a bad driver .,tidak ada yang salah dengan mobilnya . hanya saja kamu tidak bisa mengemudi .
2644,He was accompanied by his girlfriend.,Dia ditemani oleh pacarnya.,(S (NP (PRP He)) (VP (VBD was) (VP (VBN accompanied) (PP (IN by) (NP (PRP$ his) (NN girlfriend))))) (. .)),simple,he was accompanied by his girlfriend .,dia ditemani oleh pacarnya .
3771,I was the only one who didn't fall into the trap.,Saya satu-satunya yang tidak masuk dalam jebakan.,(S (NP (PRP I)) (VP (VBD was) (NP (NP (DT the) (JJ only) (NN one)) (SBAR (WHNP (WP who)) (S (VP (VBD did) (RB n't) (VP (VB fall) (PP (IN into) (NP (DT the) (NN trap))))))))) (. .)),complex,i was the only one who didn t fall into the trap .,saya satu satunya yang tidak masuk dalam jebakan .
430,What's wrong with you?,Apa yang salah denganmu ?,(SBARQ (WHNP (WP What)) (SQ (VBZ 's) (ADJP (JJ wrong) (PP (IN with) (NP (PRP you))))) (. ?)),simple,what s wrong with you ?,apa yang salah denganmu ?
2411,There are many hotels in this area.,Ada banyak hotel di daerah ini.,(S (NP (EX There)) (VP (VBP are) (NP (JJ many) (NNS hotels)) (PP (IN in) (NP (DT this) (NN area)))) (. .)),simple,there are many hotels in this area .,ada banyak hotel di daerah ini .
1113,What kind of stone is this?,Batu apa sih ini?,(SBARQ (WHNP (WHNP (WP What) (NN kind)) (PP (IN of) (NP (NN stone)))) (SQ (VBZ is) (NP (DT this))) (. ?)),simple,what kind of stone is this ?,batu apa sih ini ?
3029,"I'm Japanese, but I don't live in Japan.","Saya orang Jepang, tetapi tidak tinggal di Jepang.","(S (S (NP (PRP I)) (VP (VBP 'm) (NP (NNP Japanese)))) (, ,) (CC but) (S (NP (PRP I)) (VP (VBP do) (RB n't) (VP (VB live) (PP (IN in) (NP (NNP Japan)))))) (. .))",compound,i m japanese but i don t live in japan .,saya orang jepang tetapi tidak tinggal di jepang .
3523,I'll stay with you as long as you want me to.,Aku akan bersamamu selama yang kamu mau.,(S (NP (PRP I)) (VP (MD 'll) (VP (VB stay) (PP (IN with) (NP (PRP you))) (ADVP (ADVP (RB as) (RB long)) (SBAR (IN as) (S (NP (PRP you)) (VP (VBP want) (S (NP (PRP me)) (VP (TO to))))))))) (. .)),complex,i ll stay with you as long as you want me to .,aku akan bersamamu selama yang kamu mau .
2604,Tom offered his seat to an old lady.,Tom menawarkan kursinya kepada seorang nenek.,(S (NP (NNP Tom)) (VP (VBD offered) (NP (PRP$ his) (NN seat)) (PP (IN to) (NP (DT an) (JJ old) (NN lady)))) (. .)),simple,tom offered his seat to an old lady .,tom menawarkan kursinya kepada seorang nenek .
102,I worry about him.,Aku mengkhawatirkan dia.,(S (NP (PRP I)) (VP (VBP worry) (PP (IN about) (NP (PRP him)))) (. .)),simple,i worry about him .,aku mengkhawatirkan dia .
4022,He asked us if we could draw a map of the United States.,Dia bertanya pada kami apakah kami bisa menggambar peta Amerika Serikat,(S (NP (PRP He)) (VP (VBD asked) (NP (PRP us)) (SBAR (IN if) (S (NP (PRP we)) (VP (MD could) (VP (VB draw) (NP (NP (DT a) (NN map)) (PP (IN of) (NP (DT the) (NNP United) (NNPS States))))))))) (. .)),complex,he asked us if we could draw a map of the united states .,dia bertanya pada kami apakah kami bisa menggambar peta amerika serikat
2834,There was nothing I could do about it.,Tidak ada yang bisa kuperbuat akan hal itu.,(S (NP (EX There)) (VP (VBD was) (NP (NP (NN nothing)) (SBAR (S (NP (PRP I)) (VP (MD could) (VP (VB do) (PP (IN about) (NP (PRP it))))))))) (. .)),complex,there was nothing i could do about it .,tidak ada yang bisa kuperbuat akan hal itu .
3277,Tom and Mary hardly ever talk about money.,Tom dan Mary hampir tidak pernah membicarakan uang.,(S (NP (NNP Tom) (CC and) (NNP Mary)) (ADVP (RB hardly) (ADVP (RB ever))) (VP (VBP talk) (PP (IN about) (NP (NN money)))) (. .)),simple,tom and mary hardly ever talk about money .,tom dan mary hampir tidak pernah membicarakan uang .
3907,"If Tom doesn't mind, I'd like to join him for lunch.","Kalau Tom tidak keberatan, saya ingin makan siang bersamanya.","(S (SBAR (IN If) (S (NP (NNP Tom)) (VP (VBZ does) (RB n't) (VP (VB mind))))) (, ,) (NP (PRP I)) (VP (MD 'd) (VP (VB like) (S (VP (TO to) (VP (VB join) (NP (PRP him)) (PP (IN for) (NP (NN lunch)))))))) (. .))",complex,if tom doesn t mind i d like to join him for lunch .,kalau tom tidak keberatan saya ingin makan siang bersamanya .
2447,Tom probably went out for some air.,Tom mungkin pergi keluar untuk membeli air.,(S (NP (NNP Tom)) (ADVP (RB probably)) (VP (VBD went) (ADVP (RB out)) (PP (IN for) (NP (DT some) (NN air)))) (. .)),simple,tom probably went out for some air .,tom mungkin pergi keluar untuk membeli air .
1499,I can eat anything but onions.,Aku bisa memakan apa saja kecuali bawang.,(S (NP (PRP I)) (VP (MD can) (VP (VB eat) (NP (NP (NN anything)) (PP (IN but) (NP (NNS onions)))))) (. .)),simple,i can eat anything but onions .,aku bisa memakan apa saja kecuali bawang .
1204,She disappeared in the dark.,Dia menghilang dalam kegelapan.,(S (NP (PRP She)) (VP (VBD disappeared) (PP (IN in) (NP (DT the) (NN dark)))) (. .)),simple,she disappeared in the dark .,dia menghilang dalam kegelapan .
3046,She goes to the library every other day.,Dia pergi ke perpustakaan dua hari sekali.,(S (NP (PRP She)) (VP (VBZ goes) (PP (IN to) (NP (DT the) (NN library))) (NP (DT every) (JJ other) (NN day))) (. .)),simple,she goes to the library every other day .,dia pergi ke perpustakaan dua hari sekali .
2512,I don't have anything to say to you.,Tidak ada yang ingin kukatakan padamu.,(S (NP (PRP I)) (VP (VBP do) (RB n't) (VP (VB have) (NP (NP (NN anything)) (SBAR (S (VP (TO to) (VP (VB say) (PP (IN to) (NP (PRP you)))))))))) (. .)),complex,i don t have anything to say to you .,tidak ada yang ingin kukatakan padamu .
1295,Divide this among yourselves.,Bagilah ini di antara kalian.,(S (VP (VB Divide) (NP (DT this)) (PP (IN among) (NP (PRP yourselves)))) (. .)),simple,divide this among yourselves .,bagilah ini di antara kalian .
1780,Tom wanted to go into politics.,Tom ingin terjun ke dunia politik.,(S (NP (NNP Tom)) (VP (VBD wanted) (S (VP (TO to) (VP (VB go) (PP (IN into) (NP (NNS politics))))))) (. .)),simple,tom wanted to go into politics .,tom ingin terjun ke dunia politik .
4166,This book is for students whose native language is not Japanese.,Buku ini diperuntukkan bagi siswa yang bahasa ibunya bukan bahasa Jepang.,(S (NP (DT This) (NN book)) (VP (VBZ is) (PP (IN for) (NP (NP (NNS students)) (SBAR (WHNP (WP$ whose) (JJ native) (NN language)) (S (VP (VBZ is) (RB not) (NP (NNP Japanese)))))))) (. .)),complex,this book is for students whose native language is not japanese .,buku ini diperuntukkan bagi siswa yang bahasa ibunya bukan bahasa jepang .
818,We've run short of money.,Kami kekurangan dana.,(S (NP (PRP We)) (VP (VBP 've) (VP (VBN run) (ADVP (RB short) (PP (IN of) (NP (NN money)))))) (. .)),simple,we ve run short of money .,kami kekurangan dana .
1173,I'm curious about one thing.,Aku penasaran tentang satu hal.,(S (NP (PRP I)) (VP (VBP 'm) (ADJP (JJ curious) (PP (IN about) (NP (CD one) (NN thing))))) (. .)),simple,i m curious about one thing .,aku penasaran tentang satu hal .
2309,"When in Rome, do as the Romans do.","Di mana bumi dipijak, di situ langit dijunjung.","(S (SBAR (WHADVP (WRB When)) (PP (IN in) (NP (NNP Rome)))) (, ,) (VP (VB do) (SBAR (IN as) (S (NP (DT the) (NNPS Romans)) (VP (VBP do))))) (. .))",complex,when in rome do as the romans do .,di mana bumi dipijak di situ langit dijunjung .
816,We'll be waiting for you.,Kami akan menunggu Anda.,(S (NP (PRP We)) (VP (MD 'll) (VP (VB be) (VP (VBG waiting) (PP (IN for) (NP (PRP you)))))) (. .)),simple,we ll be waiting for you .,kami akan menunggu anda .
3531,My mother bought two bottles of orange juice.,Ibu saya membeli dua botol jus jeruk.,(S (NP (PRP$ My) (NN mother)) (VP (VBD bought) (NP (NP (CD two) (NNS bottles)) (PP (IN of) (NP (NN orange) (NN juice))))) (. .)),simple,my mother bought two bottles of orange juice .,ibu saya membeli dua botol jus jeruk .
1898,Please hand me a sheet of paper.,Tolong berikan saya selembar kertas.,(S (VP (VB Please) (VP (VB hand) (NP (PRP me)) (NP (NP (DT a) (NN sheet)) (PP (IN of) (NP (NN paper)))))) (. .)),simple,please hand me a sheet of paper .,tolong berikan saya selembar kertas .
1427,Tom looked at the fuel gauge.,Tom melihat indikator bahan bakar.,(S (NP (NNP Tom)) (VP (VBD looked) (PP (IN at) (NP (DT the) (NN fuel) (NN gauge)))) (. .)),simple,tom looked at the fuel gauge .,tom melihat indikator bahan bakar .
3360,Neither of them was present at the meeting.,Tidak ada dari mereka yang hadir saat rapat.,(S (NP (NP (DT Neither)) (PP (IN of) (NP (PRP them)))) (VP (VBD was) (ADJP (JJ present) (PP (IN at) (NP (DT the) (NN meeting))))) (. .)),simple,neither of them was present at the meeting .,tidak ada dari mereka yang hadir saat rapat .
1450,What do you have in your bag?,Apa yang kau simpan di dalam tasmu?,(SBARQ (WHNP (WP What)) (SQ (VBP do) (NP (PRP you)) (VP (VB have) (PP (IN in) (NP (PRP$ your) (NN bag))))) (. ?)),simple,what do you have in your bag ?,apa yang kau simpan di dalam tasmu ?
2685,Raise both of your arms up like this.,Angkat kedua tangan Anda seperti ini.,(S (VP (VB Raise) (NP (NP (DT both)) (PP (IN of) (NP (PRP$ your) (NNS arms)))) (PRT (RP up)) (PP (IN like) (NP (DT this)))) (. .)),simple,raise both of your arms up like this .,angkat kedua tangan anda seperti ini .
3860,My heart aches for the starving children in Africa.,Pedih rasanya melihat anak-anak yang menderita karena kelaparan di Afrika.,(S (NP (PRP$ My) (NN heart)) (VP (VBZ aches) (PP (IN for) (NP (NP (DT the) (VBG starving) (NNS children)) (PP (IN in) (NP (NNP Africa)))))) (. .)),simple,my heart aches for the starving children in africa .,pedih rasanya melihat anak anak yang menderita karena kelaparan di afrika .
864,I almost got hit by a car.,Saya hampir saja ditabrak mobil.,(S (NP (PRP I)) (ADVP (RB almost)) (VP (VBD got) (VP (VBN hit) (PP (IN by) (NP (DT a) (NN car))))) (. .)),simple,i almost got hit by a car .,saya hampir saja ditabrak mobil .
1670,I can't believe you lied to me.,Aku tidak percaya kamu berbohong padaku.,(S (NP (PRP I)) (VP (MD ca) (RB n't) (VP (VB believe) (SBAR (S (NP (PRP you)) (VP (VBD lied) (PP (IN to) (NP (PRP me)))))))) (. .)),complex,i can t believe you lied to me .,aku tidak percaya kamu berbohong padaku .
2337,He made all of the clothes himself.,Semua bajunya dibuat oleh dia sendiri.,(S (NP (PRP He)) (VP (VBD made) (NP (NP (DT all)) (PP (IN of) (NP (DT the) (NNS clothes)))) (NP (PRP himself))) (. .)),simple,he made all of the clothes himself .,semua bajunya dibuat oleh dia sendiri .
554,Don't go out after dark.,Jangan pergi keluar setelah hari menjadi gelap.,(S (VP (VB Do) (RB n't) (VP (VB go) (ADVP (RB out)) (PP (IN after) (NP (JJ dark))))) (. .)),simple,don t go out after dark .,jangan pergi keluar setelah hari menjadi gelap .
3603,It is like looking for a needle in a haystack.,Ini bagai mencari kutu dalam ijuk.,(S (NP (PRP It)) (VP (VBZ is) (PP (IN like) (S (VP (VBG looking) (PP (IN for) (NP (DT a) (NN needle))) (PP (IN in) (NP (DT a) (NN haystack))))))) (. .)),simple,it is like looking for a needle in a haystack .,ini bagai mencari kutu dalam ijuk .
2515,I got acquainted with him in France.,Aku berkenalan dengannya di Prancis.,(S (NP (PRP I)) (VP (VBD got) (VP (VBN acquainted) (PP (IN with) (NP (PRP him))) (PP (IN in) (NP (NNP France))))) (. .)),simple,i got acquainted with him in france .,aku berkenalan dengannya di prancis .
1503,I didn't want to go to school.,Aku tidak mau pergi ke sekolah.,(S (NP (PRP I)) (VP (VBD did) (RB n't) (VP (VB want) (S (VP (TO to) (VP (VB go) (PP (IN to) (NP (NN school)))))))) (. .)),simple,i didn t want to go to school .,aku tidak mau pergi ke sekolah .
1769,Tom listened to Mary patiently.,Tom mendengarkan Mary dengan sabar.,(S (NP (NNP Tom)) (VP (VBD listened) (PP (IN to) (NP (NNP Mary))) (ADVP (RB patiently))) (. .)),simple,tom listened to mary patiently .,tom mendengarkan mary dengan sabar .
3623,There are a lot of tall buildings in New York.,Ada banyak gedung tinggi di New York.,(S (NP (EX There)) (VP (VBP are) (NP (NP (DT a) (NN lot)) (PP (IN of) (NP (JJ tall) (NNS buildings)))) (PP (IN in) (NP (NNP New) (NNP York)))) (. .)),simple,there are a lot of tall buildings in new york .,ada banyak gedung tinggi di new york .
3731,Is it true that men have oilier skin than women?,Benarkah bahwa kulit pria lebih berminyak daripada kulit wanita?,(SQ (VBZ Is) (NP (NP (PRP it))) (ADJP (JJ true)) (SBAR (IN that) (S (NP (NNS men)) (VP (VBP have) (NP (NP (JJR oilier) (NN skin)) (PP (IN than) (NP (NNS women))))))) (. ?)),complex,is it true that men have oilier skin than women ?,benarkah bahwa kulit pria lebih berminyak daripada kulit wanita ?
1966,Translate this book into French.,Terjemahkan buku ini ke dalam bahasa Prancis.,(S (VP (VB Translate) (NP (DT this) (NN book)) (PP (IN into) (NP (NNP French)))) (. .)),simple,translate this book into french .,terjemahkan buku ini ke dalam bahasa prancis .
866,I always sit in the front.,Aku selalu duduk di depan.,(S (NP (PRP I)) (ADVP (RB always)) (VP (VBP sit) (PP (IN in) (NP (DT the) (NN front)))) (. .)),simple,i always sit in the front .,aku selalu duduk di depan .
752,I'm going to go with you.,Aku akan pergi denganmu.,(S (NP (PRP I)) (VP (VBP 'm) (VP (VBG going) (S (VP (TO to) (VP (VB go) (PP (IN with) (NP (PRP you)))))))) (. .)),simple,i m going to go with you .,aku akan pergi denganmu .
3452,Let's have a serious talk about your future.,Mari berbicara tentang masa depanmu dengan serius.,(S (VP (VB Let) (S (NP (PRP 's)) (VP (VB have) (NP (NP (DT a) (JJ serious) (NN talk)) (PP (IN about) (NP (PRP$ your) (NN future))))))) (. .)),simple,let s have a serious talk about your future .,mari berbicara tentang masa depanmu dengan serius .
2092,There are only 24 hours in a day.,Hanya ada 24 jam dalam sehari.,(S (NP (EX There)) (VP (VBP are) (NP (NP (QP (RB only) (CD 24)) (NNS hours)) (PP (IN in) (NP (DT a) (NN day))))) (. .)),simple,there are only hours in a day .,hanya ada jam dalam sehari .
4036,"No matter where you go in Holland, you'll see windmills.","Ke mana pun kau pergi di Belanda, kau akan melihat kincir angin.","(S (ADVP (DT No) (RB matter) (SBAR (WHADVP (WRB where)) (S (NP (PRP you)) (VP (VBP go) (PP (IN in) (NP (NNP Holland))))))) (, ,) (NP (PRP you)) (VP (MD 'll) (VP (VB see) (NP (NNS windmills)))) (. .))",complex,no matter where you go in holland you ll see windmills .,ke mana pun kau pergi di belanda kau akan melihat kincir angin .
1588,This chair is made of plastic.,Kursi ini terbuat dari plastik.,(S (NP (DT This) (NN chair)) (VP (VBZ is) (VP (VBN made) (PP (IN of) (NP (NN plastic))))) (. .)),simple,this chair is made of plastic .,kursi ini terbuat dari plastik .
729,I don't live in the city.,Aku tidak tinggal di kota.,(S (NP (PRP I)) (VP (VBP do) (RB n't) (VP (VB live) (PP (IN in) (NP (DT the) (NN city))))) (. .)),simple,i don t live in the city .,aku tidak tinggal di kota .
3450,Kublai Khan is the grandson of Genghis Khan.,Kubilai Khan adalah cucu dari Jenghis Khan.,(S (NP (NNP Kublai) (NNP Khan)) (VP (VBZ is) (NP (NP (DT the) (NN grandson)) (PP (IN of) (NP (NNP Genghis) (NNP Khan))))) (. .)),simple,kublai khan is the grandson of genghis khan .,kubilai khan adalah cucu dari jenghis khan .
1643,Don't make fun of other people.,Jangan mempermainkan orang lain.,(S (VP (VBP Do) (RB n't) (VP (VB make) (NP (NN fun)) (PP (IN of) (NP (JJ other) (NNS people))))) (. .)),simple,don t make fun of other people .,jangan mempermainkan orang lain .
2185,I bought the book for ten dollars.,Aku membeli buku itu seharga sepuluh dolar.,(S (NP (PRP I)) (VP (VBD bought) (NP (DT the) (NN book)) (PP (IN for) (NP (CD ten) (NNS dollars)))) (. .)),simple,i bought the book for ten dollars .,aku membeli buku itu seharga sepuluh dolar .
3319,He is reputed the best lawyer in this city.,Dia bereputasi sebagai pengacara terbaik di kota ini.,(S (NP (PRP He)) (VP (VBZ is) (VP (VBN reputed) (S (NP (NP (DT the) (JJS best) (NN lawyer)) (PP (IN in) (NP (DT this) (NN city))))))) (. .)),simple,he is reputed the best lawyer in this city .,dia bereputasi sebagai pengacara terbaik di kota ini .
3101,"You were at home yesterday, weren't you?","Kau kemarin berada di rumah, kan?","(S (S (NP (PRP You)) (VP (VBD were) (PP (IN at) (NP (NN home))) (NP (NN yesterday)))) (, ,) (VBD were) (RB n't) (NP (PRP you)) (. ?))",simple,you were at home yesterday weren t you ?,kau kemarin berada di rumah kan ?
346,He works in a factory.,Dia bekerja pada sebuah pabrik.,(S (NP (PRP He)) (VP (VBZ works) (PP (IN in) (NP (DT a) (NN factory)))) (. .)),simple,he works in a factory .,dia bekerja pada sebuah pabrik .
3837,Ursa Major is a constellation in the northern sky.,Ursa Mayor adalah sebuah rasi bintang di langit utara.,(S (NP (NNP Ursa) (NNP Major)) (VP (VBZ is) (NP (NP (DT a) (NN constellation)) (PP (IN in) (NP (DT the) (JJ northern) (NN sky))))) (. .)),simple,ursa major is a constellation in the northern sky .,ursa mayor adalah sebuah rasi bintang di langit utara .
3940,Not everything that you read on the Internet is true.,Tidak semua yang kamu baca di Internet itu benar.,(S (NP (NP (RB Not) (NN everything)) (SBAR (WHNP (WDT that)) (S (NP (PRP you)) (VP (VBP read) (PP (IN on) (NP (DT the) (NNP Internet))))))) (VP (VBZ is) (ADJP (JJ true))) (. .)),complex,not everything that you read on the internet is true .,tidak semua yang kamu baca di internet itu benar .
578,I hope to hear from you.,Kami ingin mendengarnya dari Anda.,(S (NP (PRP I)) (VP (VBP hope) (S (VP (TO to) (VP (VB hear) (PP (IN from) (NP (PRP you))))))) (. .)),simple,i hope to hear from you .,kami ingin mendengarnya dari anda .
3714,I can't stop thinking about what they did to me.,Aku tak bisa berhenti memikirkan apa yang telah mereka lakukan padaku.,(S (NP (PRP I)) (VP (MD ca) (RB n't) (VP (VB stop) (S (VP (VBG thinking) (PP (IN about) (SBAR (WHNP (WP what)) (S (NP (PRP they)) (VP (VBD did) (PP (IN to) (NP (PRP me))))))))))) (. .)),complex,i can t stop thinking about what they did to me .,aku tak bisa berhenti memikirkan apa yang telah mereka lakukan padaku .
3793,The president is showing signs of mental illness.,Presiden itu menunjukkan tanda-tanda penyakit jiwa.,(S (NP (DT The) (NN president)) (VP (VBZ is) (VP (VBG showing) (NP (NP (NNS signs)) (PP (IN of) (NP (JJ mental) (NN illness)))))) (. .)),simple,the president is showing signs of mental illness .,presiden itu menunjukkan tanda tanda penyakit jiwa .
1718,Please make a milkshake for me.,Tolong buatkan susu kocok untukku.,(S (VP (VB Please) (VP (VB make) (NP (DT a) (NN milkshake)) (PP (IN for) (NP (PRP me))))) (. .)),simple,please make a milkshake for me .,tolong buatkan susu kocok untukku .
2034,I don't care what Tom looks like.,Aku tidak peduli Tom terlihat seperti apa.,(S (NP (PRP I)) (VP (VBP do) (RB n't) (VP (VB care) (SBAR (WHNP (WP what)) (S (NP (NNP Tom)) (VP (VBZ looks) (PP (IN like))))))) (. .)),complex,i don t care what tom looks like .,aku tidak peduli tom terlihat seperti apa .
3355,My father visited my uncle in the hospital.,Ayah menjenguk paman di rumah sakit.,(S (NP (PRP$ My) (NN father)) (VP (VBD visited) (NP (PRP$ my) (NN uncle)) (PP (IN in) (NP (DT the) (NN hospital)))) (. .)),simple,my father visited my uncle in the hospital .,ayah menjenguk paman di rumah sakit .
178,We'll speak to Tom.,Kami akan berbicara dengan Tom.,(S (NP (PRP We)) (VP (MD 'll) (VP (VB speak) (PP (IN to) (NP (NNP Tom))))) (. .)),simple,we ll speak to tom .,kami akan berbicara dengan tom .
3607,My father and my brother work at that factory.,Ayah dan kakak laki-lakiku bekerja di pabrik itu.,(S (NP (NP (PRP$ My) (NN father)) (CC and) (NP (PRP$ my) (NN brother))) (VP (VBP work) (PP (IN at) (NP (DT that) (NN factory)))) (. .)),simple,my father and my brother work at that factory .,ayah dan kakak laki lakiku bekerja di pabrik itu .
1751,They live close by the airport.,Mereka tinggal di dekat bandara.,(S (NP (PRP They)) (VP (VBP live) (ADVP (RB close) (PP (IN by) (NP (DT the) (NN airport))))) (. .)),simple,they live close by the airport .,mereka tinggal di dekat bandara .
1727,She wouldn't be happy with him.,Dia tidak akan bahagia bersamanya.,(S (NP (PRP She)) (VP (MD would) (RB n't) (VP (VB be) (ADJP (JJ happy) (PP (IN with) (NP (PRP him)))))) (. .)),simple,she wouldn t be happy with him .,dia tidak akan bahagia bersamanya .
1509,I like listening to the radio.,Aku suka mendengarkan radio.,(S (NP (PRP I)) (VP (VBP like) (S (VP (VBG listening) (PP (IN to) (NP (DT the) (NN radio)))))) (. .)),simple,i like listening to the radio .,aku suka mendengarkan radio .
604,It's entirely up to you.,Itu sepenuhnya terserah padamu.,(S (NP (PRP It)) (VP (VBZ 's) (ADVP (RB entirely)) (PP (IN up) (PP (IN to) (NP (PRP you))))) (. .)),simple,it s entirely up to you .,itu sepenuhnya terserah padamu .
4267,Tom bought a new kite since his old one got stuck in a tree and he couldn't get it down.,Tom membeli layang-layang baru karena layang-layang lamanya tersangkut di pohon dan dia tidak bisa menurunkannya.,(S (NP (NNP Tom)) (VP (VBD bought) (NP (DT a) (JJ new) (NN kite)) (SBAR (IN since) (S (S (NP (PRP$ his) (JJ old) (CD one)) (VP (VBD got) (VP (VBN stuck) (PP (IN in) (NP (DT a) (NN tree)))))) (CC and) (S (NP (PRP he)) (VP (MD could) (RB n't) (VP (VB get) (NP (PRP it)) (PRT (RP down)))))))) (. .)),complex,tom bought a new kite since his old one got stuck in a tree and he couldn t get it down .,tom membeli layang layang baru karena layang layang lamanya tersangkut di pohon dan dia tidak bisa menurunkannya .
25,Get out of bed.,Bangunlah dari tempat tidur.,(S (VP (VB Get) (PP (IN out) (PP (IN of) (NP (NN bed))))) (. .)),simple,get out of bed .,bangunlah dari tempat tidur .
4033,I've always wondered what it'd be like to have siblings.,Aku selalu penasaran seperti apa jadinya kalau memiliki saudara.,(S (NP (PRP I)) (VP (VBP 've) (ADVP (RB always)) (VP (VBN wondered) (SBAR (WHNP (WP what)) (S (NP (NP (PRP it))) (VP (MD 'd) (VP (VB be) (PP (IN like)) (S (VP (TO to) (VP (VB have) (NP (NNS siblings))))))))))) (. .)),complex,i ve always wondered what it d be like to have siblings .,aku selalu penasaran seperti apa jadinya kalau memiliki saudara .
2459,We have known each other for years.,Sudah bertahun-tahun kami saling kenal.,(S (NP (PRP We)) (VP (VBP have) (VP (VBN known) (NP (DT each) (JJ other)) (PP (IN for) (NP (NNS years))))) (. .)),simple,we have known each other for years .,sudah bertahun tahun kami saling kenal .
2716,Tom didn't even want to talk to Mary.,Tom bahkan tidak ingin berbicara dengan Mary.,(S (NP (NNP Tom)) (VP (VBD did) (RB n't) (ADVP (RB even)) (VP (VB want) (S (VP (TO to) (VP (VB talk) (PP (IN to) (NP (NNP Mary)))))))) (. .)),simple,tom didn t even want to talk to mary .,tom bahkan tidak ingin berbicara dengan mary .
173,Tom ran out of gas.,Tom kehabisan bensin.,(S (NP (NNP Tom)) (VP (VBD ran) (PP (IN out) (PP (IN of) (NP (NN gas))))) (. .)),simple,tom ran out of gas .,tom kehabisan bensin .
3708,European currencies weakened against the dollar.,Mata uang Eropa melemah terhadap dolar.,(S (NP (JJ European) (NNS currencies)) (VP (VBD weakened) (PP (IN against) (NP (DT the) (NN dollar)))) (. .)),simple,european currencies weakened against the dollar .,mata uang eropa melemah terhadap dolar .
331,Come over to my place.,Mampir sini ke rumah gue.,(S (VP (VB Come) (ADVP (RB over)) (PP (IN to) (NP (PRP$ my) (NN place)))) (. .)),simple,come over to my place .,mampir sini ke rumah gue .
342,He is above suspicion.,Dia bebas dari kecurigaan.,(S (NP (PRP He)) (VP (VBZ is) (PP (IN above) (NP (NN suspicion)))) (. .)),simple,he is above suspicion .,dia bebas dari kecurigaan .
1743,There is little room for doubt.,Masih ada kemungkinan kalau itu benar.,(S (NP (EX There)) (VP (VBZ is) (NP (NP (JJ little) (NN room)) (PP (IN for) (NP (NN doubt))))) (. .)),simple,there is little room for doubt .,masih ada kemungkinan kalau itu benar .
1088,Tom is itching for a fight.,Tom sudah tidak tahan ingin berkelahi.,(S (NP (NNP Tom)) (VP (VBZ is) (VP (VBG itching) (PP (IN for) (NP (DT a) (NN fight))))) (. .)),simple,tom is itching for a fight .,tom sudah tidak tahan ingin berkelahi .
479,Is Tom still mad at me?,Apakah Tom masih marah padaku?,(SQ (VBZ Is) (NP (NNP Tom)) (ADVP (RB still)) (ADJP (JJ mad) (PP (IN at) (NP (PRP me)))) (. ?)),simple,is tom still mad at me ?,apakah tom masih marah padaku ?
727,I don't know for certain.,Aku tidak tahu pastinya.,(S (NP (PRP I)) (VP (VBP do) (RB n't) (VP (VB know) (PP (IN for) (ADJP (JJ certain))))) (. .)),simple,i don t know for certain .,aku tidak tahu pastinya .
3821,Jupiter is the largest planet in the Solar System.,Jupiter adalah planet terbesar di Tata Surya.,(S (NP (NNP Jupiter)) (VP (VBZ is) (NP (NP (DT the) (JJS largest) (NN planet)) (PP (IN in) (NP (DT the) (NNP Solar) (NNP System))))) (. .)),simple,jupiter is the largest planet in the solar system .,jupiter adalah planet terbesar di tata surya .
976,You should be proud of me.,Kau harusnya bangga denganku.,(S (NP (PRP You)) (VP (MD should) (VP (VB be) (ADJP (JJ proud) (PP (IN of) (NP (PRP me)))))) (. .)),simple,you should be proud of me .,kau harusnya bangga denganku .
1128,Books are made out of paper.,Buku terbuat dari kertas.,(S (NP (NNS Books)) (VP (VBP are) (VP (VBN made) (PP (IN out) (PP (IN of) (NP (NN paper)))))) (. .)),simple,books are made out of paper .,buku terbuat dari kertas .
1261,We got lost on our way here.,Kita tersesat dalam perjalanan ke sini.,(S (NP (PRP We)) (VP (VBD got) (VP (ADJP (VBN lost)) (PP (IN on) (NP (NP (PRP$ our) (NN way)) (ADVP (RB here)))))) (. .)),simple,we got lost on our way here .,kita tersesat dalam perjalanan ke sini .
3565,"You want to be like everyone else, don't you?","Kau ingin aku menjadi seperti yang lain, bukan?","(SQ (S (NP (PRP You)) (VP (VBP want) (S (VP (TO to) (VP (VB be) (PP (IN like) (NP (NN everyone) (RB else)))))))) (, ,) (VBP do) (RB n't) (NP (PRP you)) (. ?))",simple,you want to be like everyone else don t you ?,kau ingin aku menjadi seperti yang lain bukan ?
2333,He is afraid to fly in an airplane.,Dia takut terbang dengan pesawat.,(S (NP (PRP He)) (VP (VBZ is) (ADJP (JJ afraid) (S (VP (TO to) (VP (VB fly) (PP (IN in) (NP (DT an) (NN airplane)))))))) (. .)),simple,he is afraid to fly in an airplane .,dia takut terbang dengan pesawat .
3424,He was relieved of his heavy responsibility.,Dia telah terbebas dari tanggung jawabnya yang berat.,(S (NP (PRP He)) (VP (VBD was) (VP (VBN relieved) (PP (IN of) (NP (PRP$ his) (JJ heavy) (NN responsibility))))) (. .)),simple,he was relieved of his heavy responsibility .,dia telah terbebas dari tanggung jawabnya yang berat .
2256,There is no easy road to learning.,Tidak ada jalan yang mudah untuk belajar.,(S (NP (EX There)) (VP (VBZ is) (NP (NP (DT no) (JJ easy) (NN road)) (PP (IN to) (NP (NN learning))))) (. .)),simple,there is no easy road to learning .,tidak ada jalan yang mudah untuk belajar .
4176,"We got stuck in a traffic jam, which made us twenty minutes late.","Kami terjebak dalam kemacetan lalu lintas, yang membuat kami terlambat dua puluh menit.","(S (NP (PRP We)) (VP (VBD got) (VP (VP (VBN stuck) (PP (IN in) (NP (DT a) (NN traffic) (NN jam)))) (, ,) (SBAR (WHNP (WDT which)) (S (VP (VBD made) (S (NP (PRP us)) (ADJP (NP (CD twenty) (NNS minutes)) (RB late)))))))) (. .))",complex,we got stuck in a traffic jam which made us twenty minutes late .,kami terjebak dalam kemacetan lalu lintas yang membuat kami terlambat dua puluh menit .
1498,I bought it with my own money.,Aku membelinya dengan uangku sendiri.,(S (NP (PRP I)) (VP (VBD bought) (NP (PRP it)) (PP (IN with) (NP (PRP$ my) (JJ own) (NN money)))) (. .)),simple,i bought it with my own money .,aku membelinya dengan uangku sendiri .
1323,Her sister lives in Scotland.,Adiknya tinggal di Skotlandia.,(S (NP (PRP$ Her) (NN sister)) (VP (VBZ lives) (PP (IN in) (NP (NNP Scotland)))) (. .)),simple,her sister lives in scotland .,adiknya tinggal di skotlandia .
3259,She brought me a cup of tea without sugar.,Dia membawakanku secangkir teh tanpa gula.,(S (NP (PRP She)) (VP (VBD brought) (NP (PRP me)) (NP (NP (NP (DT a) (NN cup)) (PP (IN of) (NP (NN tea)))) (PP (IN without) (NP (NN sugar))))) (. .)),simple,she brought me a cup of tea without sugar .,dia membawakanku secangkir teh tanpa gula .
3264,The fireman rushed into the burning house.,Petugas pemadam kebakaran menerobos masuk ke dalam rumah yang sedang terbakar.,(S (NP (DT The) (NN fireman)) (VP (VBD rushed) (PP (IN into) (NP (DT the) (VBG burning) (NN house)))) (. .)),simple,the fireman rushed into the burning house .,petugas pemadam kebakaran menerobos masuk ke dalam rumah yang sedang terbakar .
2534,I'm in love with the girl next door.,Aku jatuh cinta dengan gadis sebelah.,(S (NP (PRP I)) (VP (VBP 'm) (PP (PP (IN in) (NP (NN love))) (PP (IN with) (NP (NP (DT the) (NN girl)) (PP (JJ next) (NP (NN door))))))) (. .)),simple,i m in love with the girl next door .,aku jatuh cinta dengan gadis sebelah .
3022,I think Tom might leave on October 20th.,Menurutku Tom mungkin akan pergi pada 20 Oktober.,(S (NP (PRP I)) (VP (VBP think) (SBAR (S (NP (NNP Tom)) (VP (MD might) (VP (VB leave) (PP (IN on) (NP (NNP October) (NNP 20th)))))))) (. .)),complex,i think tom might leave on october th .,menurutku tom mungkin akan pergi pada oktober .
2903,How many times have you been to Boston?,Sudah berapa kali kamu ke Boston?,(SBARQ (WHNP (WHADJP (WRB How) (JJ many)) (NNS times)) (SQ (VBP have) (NP (PRP you)) (VP (VBN been) (PP (IN to) (NP (NNP Boston))))) (. ?)),simple,how many times have you been to boston ?,sudah berapa kali kamu ke boston ?
2097,This is one of my favorite books.,Ini salah satu buku kesukaanku.,(S (NP (DT This)) (VP (VBZ is) (NP (NP (CD one)) (PP (IN of) (NP (PRP$ my) (JJ favorite) (NNS books))))) (. .)),simple,this is one of my favorite books .,ini salah satu buku kesukaanku .
67,I agree with you.,Aku setuju denganmu.,(S (NP (PRP I)) (VP (VBP agree) (PP (IN with) (NP (PRP you)))) (. .)),simple,i agree with you .,aku setuju denganmu .
1231,Tom is at his uncle's place.,Tom ada di rumah pamannya.,(S (NP (NNP Tom)) (VP (VBZ is) (PP (IN at) (NP (NP (PRP$ his) (NN uncle) (POS 's)) (NN place)))) (. .)),simple,tom is at his uncle s place .,tom ada di rumah pamannya .
221,This is all for Tom.,Ini semua untuk Tom.,(S (NP (DT This)) (VP (VBZ is) (PP (DT all) (PP (IN for) (NP (NNP Tom))))) (. .)),simple,this is all for tom .,ini semua untuk tom .
3873,The trouble with him is that he is seldom punctual.,Masalahnya adalah dia jarang tepat waktu.,(S (NP (NP (DT The) (NN trouble)) (PP (IN with) (NP (PRP him)))) (VP (VBZ is) (SBAR (IN that) (S (NP (PRP he)) (VP (VBZ is) (ADVP (RB seldom)) (ADJP (JJ punctual)))))) (. .)),complex,the trouble with him is that he is seldom punctual .,masalahnya adalah dia jarang tepat waktu .
3515,He's always looking at you. He must love you.,Dia selalu melihatmu. Dia pasti jatuh cinta kepadamu.,(S (NP (PRP He)) (VP (VBZ 's) (ADVP (RB always)) (VP (VBG looking) (PP (IN at) (NP (PRP you))))) (. .)),simple,he s always looking at you . he must love you .,dia selalu melihatmu . dia pasti jatuh cinta kepadamu .
3126,His health is improving little by little.,Kesehatannya membaik sedikit demi sedikit.,(S (NP (PRP$ His) (NN health)) (VP (VBZ is) (VP (VBG improving) (ADVP (ADVP (RB little)) (PP (IN by) (NP (JJ little)))))) (. .)),simple,his health is improving little by little .,kesehatannya membaik sedikit demi sedikit .
88,Come sing with me.,Ikutlah menyanyi denganku.,(S (VP (VB Come) (VP (VB sing) (PP (IN with) (NP (PRP me))))) (. .)),simple,come sing with me .,ikutlah menyanyi denganku .
3883,Tom has lots of acquaintances but very few friends.,Tom kenalannya banyak tapi temannya sedikit.,(S (NP (NNP Tom)) (VP (VBZ has) (NP (NP (NP (NNS lots)) (PP (IN of) (NP (NNS acquaintances)))) (CC but) (NP (ADJP (RB very) (JJ few)) (NNS friends)))) (. .)),simple,tom has lots of acquaintances but very few friends .,tom kenalannya banyak tapi temannya sedikit .
3399,Tom made good use of the money we lent him.,Tom menggunakan uang pinjaman kita dengan baik.,(S (NP (NNP Tom)) (VP (VBD made) (NP (NP (JJ good) (NN use)) (PP (IN of) (NP (NP (DT the) (NN money)) (SBAR (S (NP (PRP we)) (VP (VBD lent) (NP (PRP him))))))))) (. .)),complex,tom made good use of the money we lent him .,tom menggunakan uang pinjaman kita dengan baik .
3206,Tom recommended that I apply for the job.,Tom merekomendasikan saya untuk melamar pekerjaan.,(S (NP (NNP Tom)) (VP (VBD recommended) (SBAR (IN that) (S (NP (PRP I)) (VP (VB apply) (PP (IN for) (NP (DT the) (NN job))))))) (. .)),complex,tom recommended that i apply for the job .,tom merekomendasikan saya untuk melamar pekerjaan .
2453,Tom should've arrived by this time.,Tom seharusnya sudah sampai sekarang.,(S (NP (NNP Tom)) (VP (MD should) (VP (VB 've) (VP (VBN arrived) (PP (IN by) (NP (DT this) (NN time)))))) (. .)),simple,tom should ve arrived by this time .,tom seharusnya sudah sampai sekarang .
2023,How many people are in this room?,Ada berapa banyak orang dalam kamar ini?,(SBARQ (WHNP (WHADJP (WRB How) (JJ many)) (NNS people)) (SQ (VBP are) (PP (IN in) (NP (DT this) (NN room)))) (. ?)),simple,how many people are in this room ?,ada berapa banyak orang dalam kamar ini ?
2118,Tom sat cross-legged in the dark.,Tom duduk bersila di kegelapan.,(S (NP (NNP Tom)) (VP (VBD sat) (S (ADJP (RB cross) (HYPH -) (VBN legged))) (PP (IN in) (NP (DT the) (NN dark)))) (. .)),simple,tom sat cross legged in the dark .,tom duduk bersila di kegelapan .
3532,Not very many of us know how to speak French.,Tidak banyak dari kita yang tahu bagaimana berbahasa Perancis,(S (NP (NP (ADJP (RB Not) (RB very) (JJ many))) (PP (IN of) (NP (PRP us)))) (VP (VBP know) (SBAR (WHADVP (WRB how)) (S (VP (TO to) (VP (VB speak) (NP (NNP French))))))) (. .)),complex,not very many of us know how to speak french .,tidak banyak dari kita yang tahu bagaimana berbahasa perancis
3751,Tom tried to make amends and apologized to Mary.,Tom berusaha menebus kesalahannya dan meminta maaf kepada Mary.,(S (NP (NNP Tom)) (VP (VP (VBD tried) (S (VP (TO to) (VP (VB make) (NP (NNS amends)))))) (CC and) (VP (VBD apologized) (PP (IN to) (NP (NNP Mary))))) (. .)),simple,tom tried to make amends and apologized to mary .,tom berusaha menebus kesalahannya dan meminta maaf kepada mary .
2484,Did you catch any fish in the river?,Apa kamu berhasil menangkap ikan di sungai?,(SQ (VBD Did) (NP (PRP you)) (VP (VB catch) (NP (DT any) (NN fish)) (PP (IN in) (NP (DT the) (NN river)))) (. ?)),simple,did you catch any fish in the river ?,apa kamu berhasil menangkap ikan di sungai ?
1775,Tom prepared supper by himself.,Tom menyiapkan makan malan sendiri.,(S (NP (NNP Tom)) (VP (VBD prepared) (NP (NN supper)) (PP (IN by) (NP (PRP himself)))) (. .)),simple,tom prepared supper by himself .,tom menyiapkan makan malan sendiri .
4074,"If you turn here, you can probably avoid a lot of traffic.","Kalau kamu belok ke sini, mungkin kamu bisa terhindar dari kemacetan.","(S (SBAR (IN If) (S (NP (PRP you)) (VP (VBP turn) (ADVP (RB here))))) (, ,) (NP (PRP you)) (VP (MD can) (ADVP (RB probably)) (VP (VB avoid) (NP (NP (DT a) (NN lot)) (PP (IN of) (NP (NN traffic)))))) (. .))",complex,if you turn here you can probably avoid a lot of traffic .,kalau kamu belok ke sini mungkin kamu bisa terhindar dari kemacetan .
3454,Mary is a girl who is pleasant to talk with.,Mary adalah gadis yang enak diajak bicara.,(S (NP (NNP Mary)) (VP (VBZ is) (NP (NP (DT a) (NN girl)) (SBAR (WHNP (WP who)) (S (VP (VBZ is) (ADJP (JJ pleasant) (SBAR (S (VP (TO to) (VP (VB talk) (PP (IN with)))))))))))) (. .)),complex,mary is a girl who is pleasant to talk with .,mary adalah gadis yang enak diajak bicara .
2174,He measured the length of the bed.,Dia mengukur panjang tempat tidur itu.,(S (NP (PRP He)) (VP (VBD measured) (NP (NP (DT the) (NN length)) (PP (IN of) (NP (DT the) (NN bed))))) (. .)),simple,he measured the length of the bed .,dia mengukur panjang tempat tidur itu .
2281,Tom made an excuse for being late.,Tom membuat alasan atas keterlambatannya.,(S (NP (NNP Tom)) (VP (VBD made) (NP (NP (DT an) (NN excuse)) (PP (IN for) (S (VP (VBG being) (ADJP (JJ late))))))) (. .)),simple,tom made an excuse for being late .,tom membuat alasan atas keterlambatannya .
3209,Tom wanted Mary to go to Boston with him.,Tom ingin Mary pergi ke Boston bersamanya.,(S (NP (NNP Tom)) (VP (VBD wanted) (S (NP (NNP Mary)) (VP (TO to) (VP (VB go) (PP (IN to) (NP (NNP Boston))) (PP (IN with) (NP (PRP him))))))) (. .)),simple,tom wanted mary to go to boston with him .,tom ingin mary pergi ke boston bersamanya .
1988,You have nothing to worry about.,Tidak ada yang perlu dikhawatirkan.,(S (NP (PRP You)) (VP (VBP have) (NP (NP (NN nothing)) (SBAR (S (VP (TO to) (VP (VB worry) (PP (IN about)))))))) (. .)),complex,you have nothing to worry about .,tidak ada yang perlu dikhawatirkan .
1096,Tom rushed into the office.,Tom bergegas menuju kantor.,(S (NP (NNP Tom)) (VP (VBD rushed) (PP (IN into) (NP (DT the) (NN office)))) (. .)),simple,tom rushed into the office .,tom bergegas menuju kantor .
3361,"Once upon a time, there lived a cruel king.","Pada zaman dahulu, hiduplah seorang raja yang kejam.","(S (PP (ADVP (RB Once)) (PP (IN upon) (NP (DT a) (NN time)))) (, ,) (NP (EX there)) (VP (VBD lived) (NP (DT a) (JJ cruel) (NN king))) (. .))",simple,once upon a time there lived a cruel king .,pada zaman dahulu hiduplah seorang raja yang kejam .
3834,Tom has to meet Mary in the park tomorrow at 2:30.,Tom harus bertemu Mary besok di taman pada pukul 2:30.,(S (NP (NNP Tom)) (VP (VBZ has) (S (VP (TO to) (VP (VB meet) (NP (NNP Mary)) (PP (IN in) (NP (DT the) (NN park))) (NP (NN tomorrow)) (PP (IN at) (NP (CD 2:30))))))) (. .)),simple,tom has to meet mary in the park tomorrow at .,tom harus bertemu mary besok di taman pada pukul .
2298,We know Tom was born in Australia.,Kita tahu bahwa Tom lahir di Australia.,(S (NP (PRP We)) (VP (VBP know) (SBAR (S (NP (NNP Tom)) (VP (VBD was) (VP (VBN born) (PP (IN in) (NP (NNP Australia)))))))) (. .)),complex,we know tom was born in australia .,kita tahu bahwa tom lahir di australia .
283,It is in the kitchen.,Itu ada di dapur.,(S (NP (PRP It)) (VP (VBZ is) (PP (IN in) (NP (DT the) (NN kitchen)))) (. .)),simple,it is in the kitchen .,itu ada di dapur .
3102,A lot of birthday cards will arrive soon.,Bayak kartu ulang tahun yang akan segera datang.,(S (NP (NP (DT A) (NN lot)) (PP (IN of) (NP (NN birthday) (NNS cards)))) (VP (MD will) (VP (VB arrive) (ADVP (RB soon)))) (. .)),simple,a lot of birthday cards will arrive soon .,bayak kartu ulang tahun yang akan segera datang .
2953,There is no use crying over spilt milk.,Nasi sudah menjadi bubur.,(S (NP (EX There)) (VP (VBZ is) (NP (NP (DT no) (NN use)) (S (VP (VBG crying) (PP (IN over) (NP (JJ spilt) (NN milk))))))) (. .)),simple,there is no use crying over spilt milk .,nasi sudah menjadi bubur .
1876,I'm going over to Tom's tonight.,Aku akan pergi ke rumah Tom malam ini.,(S (NP (PRP I)) (VP (VBP 'm) (VP (VBG going) (ADVP (ADVP (RB over)) (PP (IN to) (NP (NNP Tom) (POS 's)))) (NP (NN tonight)))) (. .)),simple,i m going over to tom s tonight .,aku akan pergi ke rumah tom malam ini .
1626,What kind of mushroom is this?,Ini jamur apa?,(SBARQ (WHNP (WHNP (WP What) (NN kind)) (PP (IN of) (NP (NN mushroom)))) (SQ (VBZ is) (NP (DT this))) (. ?)),simple,what kind of mushroom is this ?,ini jamur apa ?
613,Please say hello to her.,Tolong sampaikan salamku kepadanya.,(S (VB Please) (VP (VB say) (NP (UH hello)) (PP (IN to) (NP (PRP her)))) (. .)),simple,please say hello to her .,tolong sampaikan salamku kepadanya .
2805,Neither Tom nor Mary has one of those.,Tom maupun Mary tidak memiliki itu.,(S (NP (CC Neither) (NNP Tom) (CC nor) (NNP Mary)) (VP (VBZ has) (NP (NP (CD one)) (PP (IN of) (NP (DT those))))) (. .)),simple,neither tom nor mary has one of those .,tom maupun mary tidak memiliki itu .
1861,I met up with her on the street.,Aku bertemu dengannya di jalan.,(S (NP (PRP I)) (VP (VBD met) (PRT (RP up)) (PP (IN with) (NP (PRP her))) (PP (IN on) (NP (DT the) (NN street)))) (. .)),simple,i met up with her on the street .,aku bertemu dengannya di jalan .
1752,They've helped a lot of people.,Mereka telah membantu banyak orang.,(S (NP (PRP They)) (VP (VBP 've) (VP (VBN helped) (NP (NP (DT a) (NN lot)) (PP (IN of) (NP (NNS people)))))) (. .)),simple,they ve helped a lot of people .,mereka telah membantu banyak orang .
423,What a waste of money!,Buang-buang duit aja!,(FRAG (WP What) (DT a) (NN waste) (PP (IN of) (NP (NN money))) (. !)),simple,what a waste of money !,buang buang duit aja !
3382,There are many tall buildings in that town.,Ada banyak gedung tinggi di kota itu.,(S (NP (EX There)) (VP (VBP are) (NP (JJ many) (JJ tall) (NNS buildings)) (PP (IN in) (NP (DT that) (NN town)))) (. .)),simple,there are many tall buildings in that town .,ada banyak gedung tinggi di kota itu .
1412,There's no grass on the moon.,Tidak ada rumput di bulan.,(S (NP (EX There)) (VP (VBZ 's) (NP (DT no) (NN grass)) (PP (IN on) (NP (DT the) (NN moon)))) (. .)),simple,there s no grass on the moon .,tidak ada rumput di bulan .
3809,He cleansed the wound before putting on a bandage.,Dia membersihkan lukanya sebelum membalutnya.,(S (NP (PRP He)) (VP (VBD cleansed) (NP (DT the) (NN wound)) (PP (IN before) (S (VP (VBG putting) (PRT (RP on)) (NP (DT a) (NN bandage)))))) (. .)),simple,he cleansed the wound before putting on a bandage .,dia membersihkan lukanya sebelum membalutnya .
839,Add more salt to the soup.,Tambahkan lebih garam ke dalam sopnya.,(S (VP (VB Add) (NP (JJR more) (NN salt)) (PP (IN to) (NP (DT the) (NN soup)))) (. .)),simple,add more salt to the soup .,tambahkan lebih garam ke dalam sopnya .
500,Thanks for the comment.,Terima kasih untuk komentarnya.,(NP (NP (NNS Thanks)) (PP (IN for) (NP (DT the) (NN comment))) (. .)),simple,thanks for the comment .,terima kasih untuk komentarnya .
1438,Tom was bitten by a mosquito.,Tom digigit nyamuk.,(S (NP (NNP Tom)) (VP (VBD was) (VP (VBN bitten) (PP (IN by) (NP (DT a) (NN mosquito))))) (. .)),simple,tom was bitten by a mosquito .,tom digigit nyamuk .
1398,Thanks for your quick answer.,Terima kasih telah menjawabnya dengan cepat.,(NP (NNS Thanks) (PP (IN for) (NP (PRP$ your) (JJ quick) (NN answer))) (. .)),simple,thanks for your quick answer .,terima kasih telah menjawabnya dengan cepat .
549,Did you know about this?,Apakah Anda mengetahui hal ini?,(SQ (VBD Did) (NP (PRP you)) (VP (VB know) (PP (IN about) (NP (DT this)))) (. ?)),simple,did you know about this ?,apakah anda mengetahui hal ini ?
557,Don't play in this room.,Jangan bermain di kamar ini.,(S (VP (VBP Do) (RB n't) (VP (VB play) (PP (IN in) (NP (DT this) (NN room))))) (. .)),simple,don t play in this room .,jangan bermain di kamar ini .
1657,He put his bag under the table.,Dia meletakkan tasnya di bawah meja.,(S (NP (PRP He)) (VP (VBD put) (NP (PRP$ his) (NN bag)) (PP (IN under) (NP (DT the) (NN table)))) (. .)),simple,he put his bag under the table .,dia meletakkan tasnya di bawah meja .
3692,Tom said that he sees Mary at school every day.,Tom berkata bahwa dia melihat Mary di sekolah setiap hari.,(S (NP (NNP Tom)) (VP (VBD said) (SBAR (IN that) (S (NP (PRP he)) (VP (VBZ sees) (NP (NNP Mary)) (PP (IN at) (NP (NN school))) (NP (DT every) (NN day)))))) (. .)),complex,tom said that he sees mary at school every day .,tom berkata bahwa dia melihat mary di sekolah setiap hari .
218,Math is hard for me.,Matematika sulit bagi saya.,(S (NP (NN Math)) (VP (VBZ is) (ADJP (JJ hard)) (PP (IN for) (NP (PRP me)))) (. .)),simple,math is hard for me .,matematika sulit bagi saya .
2279,Tom just looked down at the floor.,Tom hanya melihat ke arah lantai.,(S (NP (NNP Tom)) (ADVP (RB just)) (VP (VBD looked) (ADVP (RB down)) (PP (IN at) (NP (DT the) (NN floor)))) (. .)),simple,tom just looked down at the floor .,tom hanya melihat ke arah lantai .
1138,Don't be noisy in this room.,Jangan ribut di ruangan ini.,(S (VP (VBP Do) (RB n't) (VP (VB be) (ADJP (JJ noisy)) (PP (IN in) (NP (DT this) (NN room))))) (. .)),simple,don t be noisy in this room .,jangan ribut di ruangan ini .
209,I'm grateful to you.,Aku berterima kasih padamu.,(S (NP (PRP I)) (VP (VBP 'm) (ADJP (JJ grateful) (PP (IN to) (NP (PRP you))))) (. .)),simple,i m grateful to you .,aku berterima kasih padamu .
2267,Tom and Mary are in the cafeteria.,Tom dan Mary ada di kantin.,(S (NP (NNP Tom) (CC and) (NNP Mary)) (VP (VBP are) (PP (IN in) (NP (DT the) (NN cafeteria)))) (. .)),simple,tom and mary are in the cafeteria .,tom dan mary ada di kantin .
3311,Didn't you notice us going out of the room?,Kamu tidak menyadari kami keluar dari kamar?,(SQ (VBD Did) (RB n't) (NP (PRP you)) (VP (VB notice) (S (NP (PRP us)) (VP (VBG going) (PP (IN out) (PP (IN of) (NP (DT the) (NN room))))))) (. ?)),simple,didn t you notice us going out of the room ?,kamu tidak menyadari kami keluar dari kamar ?
3832,"Those grapes look sweet, but in fact they're sour.","Buah anggur itu terlihat manis, tetapi sebenarnya asam.","(S (S (NP (DT Those) (NNS grapes)) (VP (VBP look) (ADJP (JJ sweet)))) (, ,) (CC but) (S (PP (IN in) (NP (NN fact))) (NP (PRP they)) (VP (VBP 're) (ADJP (JJ sour)))) (. .))",compound,those grapes look sweet but in fact they re sour .,buah anggur itu terlihat manis tetapi sebenarnya asam .
2011,Do these paintings appeal to you?,Apa kau suka lukisan-lukisan ini?,(SQ (VBP Do) (NP (DT these) (NNS paintings)) (VP (VB appeal) (PP (IN to) (NP (PRP you)))) (. ?)),simple,do these paintings appeal to you ?,apa kau suka lukisan lukisan ini ?
948,Tom never arrives on time.,Tom tidak pernah datang tepat waktu.,(S (NP (NNP Tom)) (ADVP (RB never)) (VP (VBZ arrives) (PP (IN on) (NP (NN time)))) (. .)),simple,tom never arrives on time .,tom tidak pernah datang tepat waktu .
3130,I can't remember the melody of that song.,Saya tidak bisa mengingat melodi lagu itu.,(S (NP (PRP I)) (VP (MD ca) (RB n't) (VP (VB remember) (NP (NP (DT the) (NN melody)) (PP (IN of) (NP (DT that) (NN song)))))) (. .)),simple,i can t remember the melody of that song .,saya tidak bisa mengingat melodi lagu itu .
532,We made a lot of money.,Kita menghasilkan banyak uang.,(S (NP (PRP We)) (VP (VBD made) (NP (NP (DT a) (NN lot)) (PP (IN of) (NP (NN money))))) (. .)),simple,we made a lot of money .,kita menghasilkan banyak uang .
2483,Black smoke came out of the chimney.,Asap hitam keluar dari cerobong asap itu.,(S (NP (JJ Black) (NN smoke)) (VP (VBD came) (PP (IN out) (PP (IN of) (NP (DT the) (NN chimney))))) (. .)),simple,black smoke came out of the chimney .,asap hitam keluar dari cerobong asap itu .
3334,I met my teacher on the way to the station.,Saya bertemu dengan guru saya dalam perjalanan ke stasiun.,(S (NP (PRP I)) (VP (VBD met) (NP (PRP$ my) (NN teacher)) (PP (IN on) (NP (NP (DT the) (NN way)) (PP (IN to) (NP (DT the) (NN station)))))) (. .)),simple,i met my teacher on the way to the station .,saya bertemu dengan guru saya dalam perjalanan ke stasiun .
4070,"From the hill, we could see all the buildings in the city.","Dari bukit itu, kita bisa melihat semua bangunan di kota itu.","(S (PP (IN From) (NP (DT the) (NN hill))) (, ,) (NP (PRP we)) (VP (MD could) (VP (VB see) (NP (NP (PDT all) (DT the) (NNS buildings)) (PP (IN in) (NP (DT the) (NN city)))))) (. .))",simple,from the hill we could see all the buildings in the city .,dari bukit itu kita bisa melihat semua bangunan di kota itu .
3367,She looked very beautiful in her new dress.,Dia terlihat sangat cantik memakai gaun barunya.,(S (NP (PRP She)) (VP (VBD looked) (ADJP (RB very) (JJ beautiful)) (PP (IN in) (NP (PRP$ her) (JJ new) (NN dress)))) (. .)),simple,she looked very beautiful in her new dress .,dia terlihat sangat cantik memakai gaun barunya .
4064,Tom wasn't allowed to visit his father who was in prison.,Tom tidak diperbolehkan mengunjungi ayahnya yang ada di penjara.,(S (NP (NNP Tom)) (VP (VBD was) (RB n't) (VP (VBN allowed) (S (VP (TO to) (VP (VB visit) (NP (NP (PRP$ his) (NN father)) (SBAR (WHNP (WP who)) (S (VP (VBD was) (PP (IN in) (NP (NN prison)))))))))))) (. .)),complex,tom wasn t allowed to visit his father who was in prison .,tom tidak diperbolehkan mengunjungi ayahnya yang ada di penjara .
4152,How do you think I can convince her to spend more time with me?,Bagaimana menurutmu cara agar aku bisa membujuknya menghabiskan lebih banyak waktu bersamaku?,(SBARQ (WHADVP (WRB How)) (SQ (VBP do) (NP (PRP you)) (VP (VB think) (SBAR (S (NP (PRP I)) (VP (MD can) (VP (VB convince) (NP (PRP her)) (S (VP (TO to) (VP (VB spend) (NP (JJR more) (NN time)) (PP (IN with) (NP (PRP me)))))))))))) (. ?)),complex,how do you think i can convince her to spend more time with me ?,bagaimana menurutmu cara agar aku bisa membujuknya menghabiskan lebih banyak waktu bersamaku ?
3563,Write your name and address on this envelope.,Tuliskan nama dan alamat anda pada amplop ini.,(S (VP (VB Write) (NP (PRP$ your) (NN name) (CC and) (NN address)) (PP (IN on) (NP (DT this) (NN envelope)))) (. .)),simple,write your name and address on this envelope .,tuliskan nama dan alamat anda pada amplop ini .
0,Go to bed.,Pergilah tidur.,(S (VP (VB Go) (PP (IN to) (NP (NN bed)))) (. .)),simple,go to bed .,pergilah tidur .
3683,The train station will be closed from tomorrow.,Stasiun kereta akan ditutup mulai besok.,(S (NP (DT The) (NN train) (NN station)) (VP (MD will) (VP (VB be) (VP (VBN closed) (PP (IN from) (NP (NN tomorrow)))))) (. .)),simple,the train station will be closed from tomorrow .,stasiun kereta akan ditutup mulai besok .
4215,The United States has almost a fourth of the world's prison population.,Amerika Serikat memiliki hampir seperempat penghuni penjara dunia.,(S (NP (DT The) (NNP United) (NNPS States)) (VP (VBZ has) (NP (NP (QP (RB almost) (DT a) (JJ fourth))) (PP (IN of) (NP (NP (DT the) (NN world) (POS 's)) (NN prison) (NN population))))) (. .)),simple,the united states has almost a fourth of the world s prison population .,amerika serikat memiliki hampir seperempat penghuni penjara dunia .
2610,Tom saw Mary heading into the woods.,Tom melihat Mary pergi ke hutan.,(S (NP (NNP Tom)) (VP (VBD saw) (S (NP (NNP Mary)) (VP (VBG heading) (PP (IN into) (NP (DT the) (NNS woods)))))) (. .)),simple,tom saw mary heading into the woods .,tom melihat mary pergi ke hutan .
1476,Have you ever been to America?,Pernah ke Amerika?,(SQ (VBP Have) (NP (PRP you)) (ADVP (RB ever)) (VP (VBN been) (PP (IN to) (NP (NNP America)))) (. ?)),simple,have you ever been to america ?,pernah ke amerika ?
1235,Tom is playing with his son.,Tom bermain dengan anak laki-lakinya.,(S (NP (NNP Tom)) (VP (VBZ is) (VP (VBG playing) (PP (IN with) (NP (PRP$ his) (NN son))))) (. .)),simple,tom is playing with his son .,tom bermain dengan anak laki lakinya .
247,Don't make fun of me.,Jangan mempermainkanku.,(S (VP (VBP Do) (RB n't) (VP (VB make) (NP (NN fun)) (PP (IN of) (NP (PRP me))))) (. .)),simple,don t make fun of me .,jangan mempermainkanku .
3535,The accident happened previous to my arrival.,Kecelakaan itu terjadi sebelum kedatanganku.,(S (NP (DT The) (NN accident)) (VP (VBD happened) (ADVP (JJ previous) (PP (IN to) (NP (PRP$ my) (NN arrival))))) (. .)),simple,the accident happened previous to my arrival .,kecelakaan itu terjadi sebelum kedatanganku .
3966,Both Tom and Mary lived in Boston when they were kids.,Tom dan Mary sama-sama tinggal di Boston ketika mereka masih kecil.,(S (NP (DT Both) (NNP Tom) (CC and) (NNP Mary)) (VP (VBD lived) (PP (IN in) (NP (NNP Boston))) (SBAR (WHADVP (WRB when)) (S (NP (PRP they)) (VP (VBD were) (NP (NNS kids)))))) (. .)),complex,both tom and mary lived in boston when they were kids .,tom dan mary sama sama tinggal di boston ketika mereka masih kecil .
3416,"At first, he could not speak English at all.","Pada awalnya, ia tidak bisa bebicara Bahasa Inggris sama sekali.","(S (PP (IN At) (ADVP (RB first))) (, ,) (NP (PRP he)) (VP (MD could) (RB not) (VP (VB speak) (NP (NNP English)) (ADVP (RB at) (RB all)))) (. .))",simple,at first he could not speak english at all .,pada awalnya ia tidak bisa bebicara bahasa inggris sama sekali .
2704,These books aren't just for children.,Buku-buku ini bukan hanya untuk anak-anak.,(S (NP (DT These) (NNS books)) (VP (VBP are) (RB n't) (PP (ADVP (RB just)) (IN for) (NP (NNS children)))) (. .)),simple,these books aren t just for children .,buku buku ini bukan hanya untuk anak anak .
2638,Did you do your homework by yourself?,Apakah kamu sendiri yang mengerjakan PR-mu?,(SQ (VBD Did) (NP (PRP you)) (VP (VB do) (NP (PRP$ your) (NN homework)) (PP (IN by) (NP (PRP yourself)))) (. ?)),simple,did you do your homework by yourself ?,apakah kamu sendiri yang mengerjakan pr mu ?
3215,"When it comes to fishing, he's an expert.","Ketika memancing, dialah ahlinya.","(S (SBAR (WHADVP (WRB When)) (S (NP (PRP it)) (VP (VBZ comes) (PP (IN to) (NP (NN fishing)))))) (, ,) (NP (PRP he)) (VP (VBZ 's) (NP (DT an) (NN expert))) (. .))",complex,when it comes to fishing he s an expert .,ketika memancing dialah ahlinya .
2978,Tom loves listening to classical music.,Tom suka mendengarkan musik klasik.,(S (NP (NNP Tom)) (VP (VBZ loves) (S (VP (VBG listening) (PP (IN to) (NP (JJ classical) (NN music)))))) (. .)),simple,tom loves listening to classical music .,tom suka mendengarkan musik klasik .
1983,What was Tom doing in your room?,Apa yang Tom lakukan di kamarmu?,(SBARQ (WHNP (WP What)) (SQ (VBD was) (NP (NNP Tom)) (VP (VBG doing) (PP (IN in) (NP (PRP$ your) (NN room))))) (. ?)),simple,what was tom doing in your room ?,apa yang tom lakukan di kamarmu ?
2283,Tom often borrows books from Mary.,Tom sering meminjam buku dari Mary.,(S (NP (NNP Tom)) (ADVP (RB often)) (VP (VBZ borrows) (NP (NNS books)) (PP (IN from) (NP (NNP Mary)))) (. .)),simple,tom often borrows books from mary .,tom sering meminjam buku dari mary .
2659,I heard something fall to the ground.,Aku dengar sesuatu jatuh ke tanah.,(S (NP (PRP I)) (VP (VBD heard) (S (NP (NN something)) (VP (VB fall) (PP (IN to) (NP (DT the) (NN ground)))))) (. .)),simple,i heard something fall to the ground .,aku dengar sesuatu jatuh ke tanah .
1468,Does Tom Jackson work for you?,Apakah Tom Jackson bekerja untuk mu?,(SQ (VBZ Does) (NP (NNP Tom) (NNP Jackson)) (VP (VB work) (PP (IN for) (NP (PRP you)))) (. ?)),simple,does tom jackson work for you ?,apakah tom jackson bekerja untuk mu ?
2486,Did you hear about yesterday's fire?,Apa kamu dengar tentang kebakaran yang terjadi kemarin?,(SQ (VBD Did) (NP (PRP you)) (VP (VB hear) (PP (IN about) (NP (NP (NN yesterday) (POS 's)) (NN fire)))) (. ?)),simple,did you hear about yesterday s fire ?,apa kamu dengar tentang kebakaran yang terjadi kemarin ?
2124,Tom took charge of the situation.,Tom mengambil alih situasi.,(S (NP (NNP Tom)) (VP (VBD took) (NP (NN charge)) (PP (IN of) (NP (DT the) (NN situation)))) (. .)),simple,tom took charge of the situation .,tom mengambil alih situasi .
4229,"We are all equal before the law, but the rich often have a big advantage.","Di hadapan hukum kita semua sejajar, tetapi orang kaya terkadang memiliki keuntungan lebih.","(S (S (NP (PRP We)) (VP (VBP are) (DT all) (ADJP (JJ equal)) (PP (IN before) (NP (DT the) (NN law))))) (, ,) (CC but) (S (NP (DT the) (JJ rich)) (ADVP (RB often)) (VP (VBP have) (NP (DT a) (JJ big) (NN advantage)))) (. .))",compound,we are all equal before the law but the rich often have a big advantage .,di hadapan hukum kita semua sejajar tetapi orang kaya terkadang memiliki keuntungan lebih .
278,I'll go home by taxi.,Saya pulang ke rumah naik taksi.,(S (NP (PRP I)) (VP (MD 'll) (VP (VB go) (ADVP (RB home)) (PP (IN by) (NP (NN taxi))))) (. .)),simple,i ll go home by taxi .,saya pulang ke rumah naik taksi .
952,Tom was in seventh heaven.,Tom sudah ada di langit ketujuh,(S (NP (NNP Tom)) (VP (VBD was) (PP (IN in) (NP (JJ seventh) (NN heaven)))) (. .)),simple,tom was in seventh heaven .,tom sudah ada di langit ketujuh
2499,How long did you live on the island?,Sudah berapa lama Anda tinggal di pulau tersebut?,(SBARQ (WHADVP (WRB How) (RB long)) (SQ (VBD did) (NP (PRP you)) (VP (VB live) (PP (IN on) (NP (DT the) (NN island))))) (. ?)),simple,how long did you live on the island ?,sudah berapa lama anda tinggal di pulau tersebut ?
3541,The kitten was drinking milk under the table.,Anak kucing minum susu di bawah meja.,(S (NP (DT The) (NN kitten)) (VP (VBD was) (VP (VBG drinking) (NP (NN milk)) (PP (IN under) (NP (DT the) (NN table))))) (. .)),simple,the kitten was drinking milk under the table .,anak kucing minum susu di bawah meja .
1421,Tom got stung by a jellyfish.,Tom disengat ubur-ubur.,(S (NP (NNP Tom)) (VP (VBD got) (VP (VBN stung) (PP (IN by) (NP (DT a) (NN jellyfish))))) (. .)),simple,tom got stung by a jellyfish .,tom disengat ubur ubur .
1309,"Fill it with regular, please.",Tolong isi penuh dengan yang reguler.,"(S (VP (VB Fill) (NP (PRP it)) (PP (IN with) (NP (JJ regular))) (, ,) (ADVP (RB please))) (. .))",simple,fill it with regular please .,tolong isi penuh dengan yang reguler .
2856,Tom spends a lot of time on the beach.,Tom menghabiskan banyak waktu di pantai.,(S (NP (NNP Tom)) (VP (VBZ spends) (NP (NP (DT a) (NN lot)) (PP (IN of) (NP (NN time)))) (PP (IN on) (NP (DT the) (NN beach)))) (. .)),simple,tom spends a lot of time on the beach .,tom menghabiskan banyak waktu di pantai .
4133,They say that the Vikings discovered America before Columbus.,Ada yang bilang kalau bangsa Viking lebih dulu menemukan benua Amerika sebelum Columbus.,(S (NP (PRP They)) (VP (VBP say) (SBAR (IN that) (S (NP (DT the) (NNPS Vikings)) (VP (VBD discovered) (NP (NNP America)) (PP (IN before) (NP (NNP Columbus))))))) (. .)),complex,they say that the vikings discovered america before columbus .,ada yang bilang kalau bangsa viking lebih dulu menemukan benua amerika sebelum columbus .
4003,"That may mean nothing to you, but it means a lot to me.","Mungkin itu tidak berarti apa-apa bagimu, tetapi itu sangat berarti bagiku.","(S (S (NP (DT That)) (VP (MD may) (VP (VB mean) (NP (NN nothing)) (PP (IN to) (NP (PRP you)))))) (, ,) (CC but) (S (NP (PRP it)) (VP (VBZ means) (NP (DT a) (NN lot)) (PP (IN to) (NP (PRP me))))) (. .))",compound,that may mean nothing to you but it means a lot to me .,mungkin itu tidak berarti apa apa bagimu tetapi itu sangat berarti bagiku .
3071,Tom bought three bars of soap yesterday.,Tom membeli tiga batang sabun kemarin.,(S (NP (NNP Tom)) (VP (VBD bought) (NP (NP (CD three) (NNS bars)) (PP (IN of) (NP (NN soap)))) (NP (NN yesterday))) (. .)),simple,tom bought three bars of soap yesterday .,tom membeli tiga batang sabun kemarin .
155,I'll come with you.,Aku akan ikut denganmu.,(S (NP (PRP I)) (VP (MD 'll) (VP (VB come) (PP (IN with) (NP (PRP you))))) (. .)),simple,i ll come with you .,aku akan ikut denganmu .
985,Can I find you on Facebook?,Bisakah aku menemukanmu di Facebook?,(SQ (MD Can) (NP (PRP I)) (VP (VB find) (NP (PRP you)) (PP (IN on) (NP (NNP Facebook)))) (. ?)),simple,can i find you on facebook ?,bisakah aku menemukanmu di facebook ?
2882,Astronomy is by no means a new science.,Astronomi sama sekali bukanlah ilmu yang baru.,(S (NP (NN Astronomy)) (VP (VBZ is) (PP (IN by) (NP (DT no) (NNS means))) (NP (DT a) (JJ new) (NN science))) (. .)),simple,astronomy is by no means a new science .,astronomi sama sekali bukanlah ilmu yang baru .
1351,I think I'm fluent in French.,Aku rasa aku lancar berbahasa Prancis.,(S (NP (PRP I)) (VP (VBP think) (SBAR (S (NP (PRP I)) (VP (VBP 'm) (ADJP (JJ fluent) (PP (IN in) (NP (NNP French)))))))) (. .)),complex,i think i m fluent in french .,aku rasa aku lancar berbahasa prancis .
1392,Somebody knocked on the door.,Ada yang mengetuk pintu.,(S (NP (NN Somebody)) (VP (VBD knocked) (PP (IN on) (NP (DT the) (NN door)))) (. .)),simple,somebody knocked on the door .,ada yang mengetuk pintu .
1837,He reminds me of my grandfather.,Dia mengingatkan pada kakekku.,(S (NP (PRP He)) (VP (VBZ reminds) (NP (PRP me)) (PP (IN of) (NP (PRP$ my) (NN grandfather)))) (. .)),simple,he reminds me of my grandfather .,dia mengingatkan pada kakekku .
1612,Tom ran out of food and water.,Tom kehabisan makanan dan minuman.,(S (NP (NNP Tom)) (VP (VBD ran) (PP (IN out) (PP (IN of) (NP (NN food) (CC and) (NN water))))) (. .)),simple,tom ran out of food and water .,tom kehabisan makanan dan minuman .
1878,I'm looking for a part-time job.,Saya sedang mencari pekerjaan paruh-waktu.,(S (NP (PRP I)) (VP (VBP 'm) (VP (VBG looking) (PP (IN for) (NP (DT a) (NML (JJ part) (HYPH -) (NN time)) (NN job))))) (. .)),simple,i m looking for a part time job .,saya sedang mencari pekerjaan paruh waktu .
1641,Does this remind you of anyone?,Apakah ini mengingatkanmu pada seseorang?,(SQ (VBZ Does) (NP (DT this)) (VP (VB remind) (NP (PRP you)) (PP (IN of) (NP (NN anyone)))) (. ?)),simple,does this remind you of anyone ?,apakah ini mengingatkanmu pada seseorang ?
1510,I like to listen to the radio.,Aku suka mendengarkan radio.,(S (NP (PRP I)) (VP (VBP like) (S (VP (TO to) (VP (VB listen) (PP (IN to) (NP (DT the) (NN radio))))))) (. .)),simple,i like to listen to the radio .,aku suka mendengarkan radio .
4075,"In the near future, we will be able to put an end to AIDS.",Dalam waktu dekat ini kita akan mampu mengobati AIDS,"(S (PP (IN In) (NP (DT the) (JJ near) (NN future))) (, ,) (NP (PRP we)) (VP (MD will) (VP (VB be) (ADJP (JJ able) (S (VP (TO to) (VP (VB put) (NP (DT an) (NN end)) (PP (IN to) (NP (NNP AIDS))))))))) (. .))",simple,in the near future we will be able to put an end to aids .,dalam waktu dekat ini kita akan mampu mengobati aids
3713,He regretted having borrowed that book from her.,Dia menyesal telah meminjam buku itu darinya.,(S (NP (PRP He)) (VP (VBD regretted) (S (VP (VBG having) (VP (VBN borrowed) (NP (DT that) (NN book)) (PP (IN from) (NP (PRP her))))))) (. .)),simple,he regretted having borrowed that book from her .,dia menyesal telah meminjam buku itu darinya .
700,Don't let go of the rope.,Jangan lepaskan talinya.,(S (VP (VBP Do) (RB n't) (VP (VB let) (PRT (VB go)) (PP (IN of) (NP (DT the) (NN rope))))) (. .)),simple,don t let go of the rope .,jangan lepaskan talinya .
2110,Tom knew that Mary was in danger.,Tom tau kalau Mary dalam bahaya.,(S (NP (NNP Tom)) (VP (VBD knew) (SBAR (IN that) (S (NP (NNP Mary)) (VP (VBD was) (PP (IN in) (NP (NN danger))))))) (. .)),complex,tom knew that mary was in danger .,tom tau kalau mary dalam bahaya .
644,Tom is in constant pain.,Tom merasakan sakit yang tidak ada henti-hentinya.,(S (NP (NNP Tom)) (VP (VBZ is) (PP (IN in) (NP (JJ constant) (NN pain)))) (. .)),simple,tom is in constant pain .,tom merasakan sakit yang tidak ada henti hentinya .
3933,Is there something that you can't stop talking about?,Adakah hal yang tidak bisa kamu berhenti bicarakan?,(SQ (VBZ Is) (NP (EX there)) (NP (NP (NN something)) (SBAR (WHNP (WDT that)) (S (NP (PRP you)) (VP (MD ca) (RB n't) (VP (VB stop) (S (VP (VBG talking) (PP (IN about))))))))) (. ?)),complex,is there something that you can t stop talking about ?,adakah hal yang tidak bisa kamu berhenti bicarakan ?
929,The sun rises in the east.,Matahari terbit dari timur.,(S (NP (DT The) (NN sun)) (VP (VBZ rises) (PP (IN in) (NP (DT the) (NN east)))) (. .)),simple,the sun rises in the east .,matahari terbit dari timur .
2897,He sat surrounded by his grandchildren.,Dia duduk sambil dikelilingi cucu-cucunya.,(S (NP (PRP He)) (VP (VBD sat) (S (VP (VBN surrounded) (PP (IN by) (NP (PRP$ his) (NNS grandchildren)))))) (. .)),simple,he sat surrounded by his grandchildren .,dia duduk sambil dikelilingi cucu cucunya .
4178,"When I was a child, my mother would often read fairy tales to me.","Ketika aku kecil, ibu sering membacakan dongeng untukku.","(S (SBAR (WHADVP (WRB When)) (S (NP (PRP I)) (VP (VBD was) (NP (DT a) (NN child))))) (, ,) (NP (PRP$ my) (NN mother)) (VP (MD would) (ADVP (RB often)) (VP (VB read) (NP (JJ fairy) (NNS tales)) (PP (IN to) (NP (PRP me))))) (. .))",complex,when i was a child my mother would often read fairy tales to me .,ketika aku kecil ibu sering membacakan dongeng untukku .
2752,You should be very proud of yourself.,Kamu pasti sangat bangga dengan dirimu.,(S (NP (PRP You)) (VP (MD should) (VP (VB be) (ADJP (RB very) (JJ proud) (PP (IN of) (NP (PRP yourself)))))) (. .)),simple,you should be very proud of yourself .,kamu pasti sangat bangga dengan dirimu .
246,Can we come with you?,Bolehkah kami datang denganmu?,(SQ (MD Can) (NP (PRP we)) (VP (VB come) (PP (IN with) (NP (PRP you)))) (. ?)),simple,can we come with you ?,bolehkah kami datang denganmu ?
2855,Tom saw a boy waiting at the bus stop.,Tom melihat seorang anak laki-laki menunggu di halte.,(S (NP (NNP Tom)) (VP (VBD saw) (S (NP (DT a) (NN boy)) (VP (VBG waiting) (PP (IN at) (NP (DT the) (NN bus) (NN stop)))))) (. .)),simple,tom saw a boy waiting at the bus stop .,tom melihat seorang anak laki laki menunggu di halte .
923,Thanks for your hard work.,Terima kasih atas kerja kerasmu.,(NP (NP (NNS Thanks)) (PP (IN for) (NP (PRP$ your) (JJ hard) (NN work))) (. .)),simple,thanks for your hard work .,terima kasih atas kerja kerasmu .
1185,"In Japan, it's now 3:00 a.m.","Di Jepang, sekarang 3:00 pagi.","(S (PP (IN In) (NP (NNP Japan))) (, ,) (NP (PRP it)) (VP (VBZ 's) (ADVP (RB now)) (NP (CD 3:00) (. a.m.))))",simple,in japan it s now a .m .,di jepang sekarang pagi .
4035,It was in this room that we had the meeting last Friday.,Hari Jumat lalu kita rapat di ruangan ini.,(S (NP (PRP It)) (VP (VBD was) (PP (IN in) (NP (DT this) (NN room))) (SBAR (WHADVP (WDT that)) (S (NP (PRP we)) (VP (VBD had) (NP (DT the) (NN meeting)) (NP (JJ last) (NNP Friday)))))) (. .)),complex,it was in this room that we had the meeting last friday .,hari jumat lalu kita rapat di ruangan ini .
669,What did you talk about?,Kamu membicarakan tentang apa?,(SBARQ (WHNP (WP What)) (SQ (VBD did) (NP (PRP you)) (VP (VB talk) (PP (IN about)))) (. ?)),simple,what did you talk about ?,kamu membicarakan tentang apa ?
2442,Tom never goes to places like that.,Tom tidak pernah pergi ke tempat seperti itu.,(S (NP (NNP Tom)) (ADVP (RB never)) (VP (VBZ goes) (PP (IN to) (NP (NP (NNS places)) (PP (IN like) (NP (DT that)))))) (. .)),simple,tom never goes to places like that .,tom tidak pernah pergi ke tempat seperti itu .
1507,I have my own bedroom at home.,Aku punya kamar tidurku sendiri di rumah.,(S (NP (PRP I)) (VP (VBP have) (NP (PRP$ my) (JJ own) (NN bedroom)) (PP (IN at) (NP (NN home)))) (. .)),simple,i have my own bedroom at home .,aku punya kamar tidurku sendiri di rumah .
4024,He said he would run 200 kilometers in a day and he did.,Dia bilang dia ingin lari 200 kilometer dalam sehari dan dia melaksanakannya.,(S (S (NP (PRP He)) (VP (VBD said) (SBAR (S (NP (PRP he)) (VP (MD would) (VP (VB run) (NP (CD 200) (NNS kilometers)) (PP (IN in) (NP (DT a) (NN day))))))))) (CC and) (S (NP (PRP he)) (VP (VBD did))) (. .)),complex,he said he would run kilometers in a day and he did .,dia bilang dia ingin lari kilometer dalam sehari dan dia melaksanakannya .
2889,Don't confuse astrology with astronomy.,Jangan mencampuradukkan astrologi dengan astronomi.,(S (VP (VBP Do) (RB n't) (VP (VB confuse) (NP (NN astrology)) (PP (IN with) (NP (NN astronomy))))) (. .)),simple,don t confuse astrology with astronomy .,jangan mencampuradukkan astrologi dengan astronomi .
2880,Are you going to the station in a taxi?,Apakah kamu akan pergi ke stasiun naik taksi?,(SQ (VBP Are) (NP (PRP you)) (VP (VBG going) (PP (IN to) (NP (DT the) (NN station))) (PP (IN in) (NP (DT a) (NN taxi)))) (. ?)),simple,are you going to the station in a taxi ?,apakah kamu akan pergi ke stasiun naik taksi ?
3632,Tom is too old to be doing this kind of thing.,Tom terlalu tua untuk melakukan hal semacam ini.,(S (NP (NNP Tom)) (VP (VBZ is) (ADJP (RB too) (JJ old) (S (VP (TO to) (VP (VB be) (VP (VBG doing) (NP (NP (DT this) (NN kind)) (PP (IN of) (NP (NN thing)))))))))) (. .)),simple,tom is too old to be doing this kind of thing .,tom terlalu tua untuk melakukan hal semacam ini .
648,Tom put milk in his tea.,Tom menambahkan susu ke dalam tehnya.,(S (NP (NNP Tom)) (VP (VBD put) (NP (NN milk)) (PP (IN in) (NP (PRP$ his) (NN tea)))) (. .)),simple,tom put milk in his tea .,tom menambahkan susu ke dalam tehnya .
543,You were late for work.,Kau terlambat untuk bekerja.,(S (NP (PRP You)) (VP (VBD were) (ADJP (JJ late) (PP (IN for) (NP (NN work))))) (. .)),simple,you were late for work .,kau terlambat untuk bekerja .
1844,I am badly in need of your help.,Aku sangat membutuhkan bantuanmu.,(S (NP (PRP I)) (VP (VBP am) (PP (ADVP (RB badly)) (IN in) (NP (NP (NN need)) (PP (IN of) (NP (PRP$ your) (NN help)))))) (. .)),simple,i am badly in need of your help .,aku sangat membutuhkan bantuanmu .
1366,I'm writing a message to Tom.,Saya sedang menulis pesan kepada Tom.,(S (NP (PRP I)) (VP (VBP 'm) (VP (VBG writing) (NP (DT a) (NN message)) (PP (IN to) (NP (NNP Tom))))) (. .)),simple,i m writing a message to tom .,saya sedang menulis pesan kepada tom .
3320,He was a professor at Cambridge University.,Beliau adalah seorang profesor di Universitas Cambridge.,(S (NP (PRP He)) (VP (VBD was) (NP (NP (DT a) (NN professor)) (PP (IN at) (NP (NNP Cambridge) (NNP University))))) (. .)),simple,he was a professor at cambridge university .,beliau adalah seorang profesor di universitas cambridge .
259,He's in the bathroom.,Dia ada di kamar mandi.,(S (NP (PRP He)) (VP (VBZ 's) (PP (IN in) (NP (DT the) (NN bathroom)))) (. .)),simple,he s in the bathroom .,dia ada di kamar mandi .
3629,"Tom has a lot of money, but he has no friends.","Tom punya banyak uang, tetapi dia tidak punya teman.","(S (S (NP (NNP Tom)) (VP (VBZ has) (NP (NP (DT a) (NN lot)) (PP (IN of) (NP (NN money)))))) (, ,) (CC but) (S (NP (PRP he)) (VP (VBZ has) (NP (DT no) (NNS friends)))) (. .))",compound,tom has a lot of money but he has no friends .,tom punya banyak uang tetapi dia tidak punya teman .
2202,I think that I'm fluent in French.,Aku rasa aku lancar berbahasa Prancis.,(S (NP (PRP I)) (VP (VBP think) (SBAR (IN that) (S (NP (PRP I)) (VP (VBP 'm) (ADJP (JJ fluent) (PP (IN in) (NP (NNP French)))))))) (. .)),complex,i think that i m fluent in french .,aku rasa aku lancar berbahasa prancis .
927,The phone is out of order.,Teleponnya rusak.,(S (NP (DT The) (NN phone)) (VP (VBZ is) (PP (IN out) (PP (IN of) (NP (NN order))))) (. .)),simple,the phone is out of order .,teleponnya rusak .
612,Please answer in French.,Tolong jawab dalam bahasa Prancis.,(S (VB Please) (VP (VB answer) (PP (IN in) (NP (NNP French)))) (. .)),simple,please answer in french .,tolong jawab dalam bahasa prancis .
1023,I hope he will wait for me.,Aku harap dia akan menungguku.,(S (NP (PRP I)) (VP (VBP hope) (SBAR (S (NP (PRP he)) (VP (MD will) (VP (VB wait) (PP (IN for) (NP (PRP me)))))))) (. .)),complex,i hope he will wait for me .,aku harap dia akan menungguku .
1606,Tom is in Australia this year.,Tom sedang di Australia tahun ini.,(S (NP (NNP Tom)) (VP (VBZ is) (PP (IN in) (NP (NNP Australia))) (NP (DT this) (NN year))) (. .)),simple,tom is in australia this year .,tom sedang di australia tahun ini .
1152,I have no knife to cut with.,Aku tidak punya pisau untuk memotongnya.,(S (NP (PRP I)) (VP (VBP have) (NP (NP (DT no) (NN knife)) (SBAR (S (VP (TO to) (VP (VB cut) (PP (IN with)))))))) (. .)),complex,i have no knife to cut with .,aku tidak punya pisau untuk memotongnya .
219,She works in a bank.,Dia bekerja di sebuah bank.,(S (NP (PRP She)) (VP (VBZ works) (PP (IN in) (NP (DT a) (NN bank)))) (. .)),simple,she works in a bank .,dia bekerja di sebuah bank .
3539,The house is being painted by a professional.,Rumah itu dicat oleh seorang profesional.,(S (NP (DT The) (NN house)) (VP (VBZ is) (VP (VBG being) (VP (VBN painted) (PP (IN by) (NP (DT a) (NN professional)))))) (. .)),simple,the house is being painted by a professional .,rumah itu dicat oleh seorang profesional .
485,Love will come in time.,Cinta akan datang pada waktunya.,(S (NP (NN Love)) (VP (MD will) (VP (VB come) (PP (IN in) (NP (NN time))))) (. .)),simple,love will come in time .,cinta akan datang pada waktunya .
2622,We're having a problem with pigeons.,Kami bermasalah dengan merpati.,(S (NP (PRP We)) (VP (VBP 're) (VP (VBG having) (NP (NP (DT a) (NN problem)) (PP (IN with) (NP (NNS pigeons)))))) (. .)),simple,we re having a problem with pigeons .,kami bermasalah dengan merpati .
1615,Tom wants to go to the movies.,Tom ingin pergi ke bioskop.,(S (NP (NNP Tom)) (VP (VBZ wants) (S (VP (TO to) (VP (VB go) (PP (IN to) (NP (DT the) (NNS movies))))))) (. .)),simple,tom wants to go to the movies .,tom ingin pergi ke bioskop .
258,He left home at 8:00.,Dia meninggalkan rumah pukul 8:00.,(S (NP (PRP He)) (VP (VBD left) (NP (NN home)) (PP (IN at) (NP (CD 8:00)))) (. .)),simple,he left home at .,dia meninggalkan rumah pukul .
3268,The traffic jam was caused by a car crash.,Kemacetan tersebut disebabkan oleh kecelakaan mobil.,(S (NP (DT The) (NN traffic) (NN jam)) (VP (VBD was) (VP (VBN caused) (PP (IN by) (NP (DT a) (NN car) (NN crash))))) (. .)),simple,the traffic jam was caused by a car crash .,kemacetan tersebut disebabkan oleh kecelakaan mobil .
386,Let's go to the beach.,Mari kita pergi ke pantai.,(S (VP (VB Let) (S (NP (PRP 's)) (VP (VB go) (PP (IN to) (NP (DT the) (NN beach)))))) (. .)),simple,let s go to the beach .,mari kita pergi ke pantai .
847,"Go home to your wife, Tom.","Pulanglah ke istrimu, Tom.","(S (VP (VB Go) (ADVP (RB home)) (PP (IN to) (NP (NP (PRP$ your) (NN wife)) (, ,) (NP (NNP Tom))))) (. .))",simple,go home to your wife tom .,pulanglah ke istrimu tom .
4126,"Just by looking at your face, I know that you have good news.","Dengan melihat mukamu saja, Saya tau bahwa kamu mempunyai berita bagus.","(S (PP (ADVP (RB Just)) (IN by) (S (VP (VBG looking) (PP (IN at) (NP (PRP$ your) (NN face)))))) (, ,) (NP (PRP I)) (VP (VBP know) (SBAR (IN that) (S (NP (PRP you)) (VP (VBP have) (NP (JJ good) (NN news)))))) (. .))",complex,just by looking at your face i know that you have good news .,dengan melihat mukamu saja saya tau bahwa kamu mempunyai berita bagus .
1829,Four multiplied by two is eight.,Empat dikali dua sama dengan delapan.,(S (NP (NP (CD Four)) (VP (VBN multiplied) (PP (IN by) (NP (CD two))))) (VP (VBZ is) (NP (CD eight))) (. .)),simple,four multiplied by two is eight .,empat dikali dua sama dengan delapan .
4194,I want to go to sleep soon because I need to get up early tomorrow.,Aku ingin segera tidur karena aku harus bangun pagi besok.,(S (NP (PRP I)) (VP (VBP want) (S (VP (TO to) (VP (VB go) (PP (IN to) (NP (VB sleep))) (ADVP (RB soon))))) (SBAR (IN because) (S (NP (PRP I)) (VP (VBP need) (S (VP (TO to) (VP (VB get) (PRT (RP up)) (ADVP (RB early)) (NN tomorrow)))))))) (. .)),complex,i want to go to sleep soon because i need to get up early tomorrow .,aku ingin segera tidur karena aku harus bangun pagi besok .
3053,The company rewarded him with promotion.,Perusahaan menghadiahkan kenaikan jabatan padanya.,(S (NP (DT The) (NN company)) (VP (VBD rewarded) (NP (PRP him)) (PP (IN with) (NP (NN promotion)))) (. .)),simple,the company rewarded him with promotion .,perusahaan menghadiahkan kenaikan jabatan padanya .
4083,Tom is the only one in our family who's been to Australia.,Tom satu-satunya di keluarga kami yang pernah pergi ke Australia.,(S (NP (NNP Tom)) (VP (VBZ is) (NP (NP (NP (DT the) (JJ only) (CD one)) (PP (IN in) (NP (PRP$ our) (NN family)))) (SBAR (WHNP (WP who)) (S (VP (VBZ 's) (VP (VBN been) (PP (IN to) (NP (NNP Australia))))))))) (. .)),complex,tom is the only one in our family who s been to australia .,tom satu satunya di keluarga kami yang pernah pergi ke australia .
1233,"Tom is lying in bed, asleep.","Tom terbaring di tempat tidur, terlelap.","(S (NP (NNP Tom)) (VP (VBZ is) (VP (VBG lying) (PP (IN in) (NP (NN bed))) (, ,) (S (VP (VBG asleep))))) (. .))",simple,tom is lying in bed asleep .,tom terbaring di tempat tidur terlelap .
1912,The dog was sleeping on the mat.,Anjing itu tidur di atas tikar.,(S (NP (DT The) (NN dog)) (VP (VBD was) (VP (VBG sleeping) (PP (IN on) (NP (DT the) (NN mat))))) (. .)),simple,the dog was sleeping on the mat .,anjing itu tidur di atas tikar .
3497,Why did you let Tom go to Boston by himself?,Kenapa kamu membiarkan Tom pergi ke Boston sendirian?,(SBARQ (WHADVP (WRB Why)) (SQ (VBD did) (NP (PRP you)) (VP (VB let) (S (NP (NNP Tom)) (VP (VB go) (PP (IN to) (NP (NNP Boston))) (PP (IN by) (NP (PRP himself))))))) (. ?)),simple,why did you let tom go to boston by himself ?,kenapa kamu membiarkan tom pergi ke boston sendirian ?
3210,Tom wasn't the best student in our class.,Tom bukan siswa terbaik di kelas kami.,(S (NP (NNP Tom)) (VP (VBD was) (RB n't) (NP (NP (DT the) (JJS best) (NN student)) (PP (IN in) (NP (PRP$ our) (NN class))))) (. .)),simple,tom wasn t the best student in our class .,tom bukan siswa terbaik di kelas kami .
2887,Do you want to go to the opera with me?,Maukah kamu pergi ke opera bersamaku?,(SQ (VBP Do) (NP (PRP you)) (VP (VB want) (S (VP (TO to) (VP (VB go) (PP (IN to) (NP (DT the) (NN opera))) (PP (IN with) (NP (PRP me))))))) (. ?)),simple,do you want to go to the opera with me ?,maukah kamu pergi ke opera bersamaku ?
3033,"In autumn, leaves change color and fall.","Pada musim gugur, dedaunan berubah warna dan berguguran.","(S (PP (IN In) (NP (NN autumn))) (, ,) (NP (NNS leaves)) (VP (VP (VBP change) (NP (NN color))) (CC and) (VP (NN fall))) (. .))",simple,in autumn leaves change color and fall .,pada musim gugur dedaunan berubah warna dan berguguran .
1095,Tom played a trick on Mary.,Tom menipu Mary.,(S (NP (NNP Tom)) (VP (VBD played) (NP (DT a) (NN trick)) (PP (IN on) (NP (NNP Mary)))) (. .)),simple,tom played a trick on mary .,tom menipu mary .
3303,You should be careful in choosing friends.,Kamu harus berhati-hati dalam memilih teman.,(S (NP (PRP You)) (VP (MD should) (VP (VB be) (ADJP (JJ careful)) (PP (IN in) (S (VP (VBG choosing) (NP (NNS friends))))))) (. .)),simple,you should be careful in choosing friends .,kamu harus berhati hati dalam memilih teman .
1807,You may not smoke in this room.,Anda tidak boleh merokok di ruangan ini.,(S (NP (PRP You)) (VP (MD may) (RB not) (VP (VB smoke) (PP (IN in) (NP (DT this) (NN room))))) (. .)),simple,you may not smoke in this room .,anda tidak boleh merokok di ruangan ini .
1487,He took a book from the shelf.,Dia mengambil sebuah buku dari rak.,(S (NP (PRP He)) (VP (VBD took) (NP (DT a) (NN book)) (PP (IN from) (NP (DT the) (NN shelf)))) (. .)),simple,he took a book from the shelf .,dia mengambil sebuah buku dari rak .
507,Tom dreamed about Mary.,Tom memimpikan Mary,(S (NP (NNP Tom)) (VP (VBD dreamed) (PP (IN about) (NP (NNP Mary)))) (. .)),simple,tom dreamed about mary .,tom memimpikan mary
7,Look at Tom.,Lihatlah ke arah Tom.,(S (VP (VB Look) (PP (IN at) (NP (NNP Tom)))) (. .)),simple,look at tom .,lihatlah ke arah tom .
3451,Kyoto is famous for its shrines and temples.,Kyoto terkenal dengan kuil dan viharanya.,(S (NP (NNP Kyoto)) (VP (VBZ is) (ADJP (JJ famous) (PP (IN for) (NP (PRP$ its) (NNS shrines) (CC and) (NNS temples))))) (. .)),simple,kyoto is famous for its shrines and temples .,kyoto terkenal dengan kuil dan viharanya .
2303,What does Tom plan to do for Mary?,Apakah rencana Tom untuk Mary?,(SBARQ (WHNP (WP What)) (SQ (VBZ does) (NP (NNP Tom)) (VP (VB plan) (S (VP (TO to) (VP (VB do) (PP (IN for) (NP (NNP Mary)))))))) (. ?)),simple,what does tom plan to do for mary ?,apakah rencana tom untuk mary ?
2429,Thousands of people died of hunger.,Ribuan orang meninggal akibat kelaparan.,(S (NP (NP (NNS Thousands)) (PP (IN of) (NP (NNS people)))) (VP (VBD died) (PP (IN of) (NP (NN hunger)))) (. .)),simple,thousands of people died of hunger .,ribuan orang meninggal akibat kelaparan .
2358,I haven't done this in a long time.,Aku sudah lama tidak melakukan ini.,(S (NP (PRP I)) (VP (VBP have) (RB n't) (VP (VBN done) (NP (DT this)) (PP (IN in) (NP (DT a) (JJ long) (NN time))))) (. .)),simple,i haven t done this in a long time .,aku sudah lama tidak melakukan ini .
3526,"I'm not angry at you, just very disappointed.",Aku tidak marah padamu. Aku hanya sangat kecewa.,"(S (NP (PRP I)) (VP (VBP 'm) (RB not) (ADJP (JJ angry) (PP (IN at) (NP (PRP you)))) (, ,) (ADJP (RB just) (RB very) (JJ disappointed))) (. .))",simple,i m not angry at you just very disappointed .,aku tidak marah padamu . aku hanya sangat kecewa .
1634,A dog followed me to my school.,Seekor anjing mengikutiku sampai ke sekolah.,(S (NP (DT A) (NN dog)) (VP (VBD followed) (NP (PRP me)) (PP (IN to) (NP (PRP$ my) (NN school)))) (. .)),simple,a dog followed me to my school .,seekor anjing mengikutiku sampai ke sekolah .
378,I'm tired of all this.,Aku lelah dengan ini semua.,(S (NP (PRP I)) (VP (VBP 'm) (ADJP (JJ tired) (PP (IN of) (NP (PDT all) (DT this))))) (. .)),simple,i m tired of all this .,aku lelah dengan ini semua .
3148,I wrote a letter to my parents back home.,Aku menulis surat untuk orang tuaku yang ada di kampung halaman.,(S (NP (PRP I)) (VP (VBD wrote) (NP (DT a) (NN letter)) (PP (IN to) (NP (PRP$ my) (NNS parents))) (ADVP (RB back) (NN home))) (. .)),simple,i wrote a letter to my parents back home .,aku menulis surat untuk orang tuaku yang ada di kampung halaman .
678,What's for dinner today?,Apa makan malam hari ini?,(SBARQ (WHNP (WP What)) (SQ (VBZ 's) (PP (IN for) (NP (NN dinner))) (NP (NN today))) (. ?)),simple,what s for dinner today ?,apa makan malam hari ini ?
3911,There was an enormous traffic jam in downtown Kyoto.,Terdapat banyak kemacetan lalu lintas di jalanan Kyoto.,(S (NP (EX There)) (VP (VBD was) (NP (DT an) (JJ enormous) (NN traffic) (NN jam)) (PP (IN in) (NP (NN downtown) (NNP Kyoto)))) (. .)),simple,there was an enormous traffic jam in downtown kyoto .,terdapat banyak kemacetan lalu lintas di jalanan kyoto .
1543,One of my earrings is missing.,Salah satu anting-anting saya hilang.,(S (NP (NP (CD One)) (PP (IN of) (NP (PRP$ my) (NNS earrings)))) (VP (VBZ is) (VP (VBG missing))) (. .)),simple,one of my earrings is missing .,salah satu anting anting saya hilang .
1011,I can't go to school today.,Aku tidak bisa pergi ke sekolah hari ini.,(S (NP (PRP I)) (VP (MD ca) (RB n't) (VP (VB go) (PP (IN to) (NP (NN school))) (NP (NN today)))) (. .)),simple,i can t go to school today .,aku tidak bisa pergi ke sekolah hari ini .
1767,Tom left his trumpet at school.,Tom meninggalkan trompetnya di sekolah.,(S (NP (NNP Tom)) (VP (VBD left) (NP (PRP$ his) (NN trumpet)) (PP (IN at) (NP (NN school)))) (. .)),simple,tom left his trumpet at school .,tom meninggalkan trompetnya di sekolah .
1610,Tom lost his way in the woods.,Tom tersesat di hutan.,(S (NP (NNP Tom)) (VP (VBD lost) (NP (PRP$ his) (NN way)) (PP (IN in) (NP (DT the) (NNS woods)))) (. .)),simple,tom lost his way in the woods .,tom tersesat di hutan .
4216,The old man was hit by a car and was immediately taken to the hospital.,Pria tua itu tertabrak sebuah mobil dan segera dilarikan ke rumah sakit.,(S (NP (DT The) (JJ old) (NN man)) (VP (VP (VBD was) (VP (VBN hit) (PP (IN by) (NP (DT a) (NN car))))) (CC and) (VP (VBD was) (ADVP (RB immediately)) (VP (VBN taken) (PP (IN to) (NP (DT the) (NN hospital)))))) (. .)),simple,the old man was hit by a car and was immediately taken to the hospital .,pria tua itu tertabrak sebuah mobil dan segera dilarikan ke rumah sakit .
65,He ran into debt.,Dia mengambil pinjaman uang.,(S (NP (PRP He)) (VP (VBD ran) (PP (IN into) (NP (NN debt)))) (. .)),simple,he ran into debt .,dia mengambil pinjaman uang .
3820,It's one of the most polluted cities in the world.,Kota itu adalah salah satu kota paling berpolusi di dunia.,(S (NP (PRP It)) (VP (VBZ 's) (NP (NP (CD one)) (PP (IN of) (NP (NP (DT the) (ADJP (RBS most) (JJ polluted)) (NNS cities)) (PP (IN in) (NP (DT the) (NN world))))))) (. .)),simple,it s one of the most polluted cities in the world .,kota itu adalah salah satu kota paling berpolusi di dunia .
3466,The next concert will take place in October.,Konser selanjutnya akan berlangsung pada bulan Oktober.,(S (NP (DT The) (JJ next) (NN concert)) (VP (MD will) (VP (VB take) (NP (NN place)) (PP (IN in) (NP (NNP October))))) (. .)),simple,the next concert will take place in october .,konser selanjutnya akan berlangsung pada bulan oktober .
3341,I'm sorry I wasn't able to do that for you.,Maaf saya tidak bisa membantumu melakukan itu.,(S (NP (PRP I)) (VP (VBP 'm) (ADJP (JJ sorry) (SBAR (S (NP (PRP I)) (VP (VBD was) (RB n't) (ADJP (JJ able) (S (VP (TO to) (VP (VB do) (NP (DT that)) (PP (IN for) (NP (PRP you)))))))))))) (. .)),complex,i m sorry i wasn t able to do that for you .,maaf saya tidak bisa membantumu melakukan itu .
3083,Tom is playing with his dog in the yard.,Tom sedang bermain bersama anjingnya di halaman.,(S (NP (NNP Tom)) (VP (VBZ is) (VP (VBG playing) (PP (IN with) (NP (PRP$ his) (NN dog))) (PP (IN in) (NP (DT the) (NN yard))))) (. .)),simple,tom is playing with his dog in the yard .,tom sedang bermain bersama anjingnya di halaman .
679,What's happening to you?,Kamu kenapa?,(SBARQ (WHNP (WP What)) (SQ (VBZ 's) (VP (VBG happening) (PP (IN to) (NP (PRP you))))) (. ?)),simple,what s happening to you ?,kamu kenapa ?
2195,I hope nobody sits in front of us.,Aku harap tidak ada seorangpun yang akan duduk di depan kita.,(S (NP (PRP I)) (VP (VBP hope) (SBAR (S (NP (NN nobody)) (VP (VBZ sits) (PP (IN in) (NP (NP (NN front)) (PP (IN of) (NP (PRP us))))))))) (. .)),complex,i hope nobody sits in front of us .,aku harap tidak ada seorangpun yang akan duduk di depan kita .
781,This is taught in school.,Ini diajarkan di sekolah.,(S (NP (DT This)) (VP (VBZ is) (VP (VBN taught) (PP (IN in) (NP (NN school))))) (. .)),simple,this is taught in school .,ini diajarkan di sekolah .
3045,She came here all the way from Hokkaido.,Dia jauh-jauh datang ke sini dari Hokkaido.,(S (NP (PRP She)) (VP (VBD came) (ADVP (RB here)) (NP (PDT all) (DT the) (NN way)) (PP (IN from) (NP (NNP Hokkaido)))) (. .)),simple,she came here all the way from hokkaido .,dia jauh jauh datang ke sini dari hokkaido .
627,The car ran into a tree.,Mobilnya menabrak pohon.,(S (NP (DT The) (NN car)) (VP (VBD ran) (PP (IN into) (NP (DT a) (NN tree)))) (. .)),simple,the car ran into a tree .,mobilnya menabrak pohon .
2005,Can you put it down on the table?,Dapatkah kamu meletakannya di meja?,(SQ (MD Can) (NP (PRP you)) (VP (VB put) (NP (PRP it)) (PRT (RP down)) (PP (IN on) (NP (DT the) (NN table)))) (. ?)),simple,can you put it down on the table ?,dapatkah kamu meletakannya di meja ?
1618,We talked late into the night.,Kami berbincang-bincang hingga larut malam.,(S (NP (PRP We)) (VP (VBD talked) (ADVP (RB late) (PP (IN into) (NP (DT the) (NN night))))) (. .)),simple,we talked late into the night .,kami berbincang bincang hingga larut malam .
1789,We met at the door of my house.,Kami bertemu di depan pintu rumahku.,(S (NP (PRP We)) (VP (VBD met) (PP (IN at) (NP (NP (DT the) (NN door)) (PP (IN of) (NP (PRP$ my) (NN house)))))) (. .)),simple,we met at the door of my house .,kami bertemu di depan pintu rumahku .
4185,All of our blood goes through our kidneys about sixty times a day.,Darah mengalir melalui ginjal sekitar enam puluh kali sehari.,(S (NP (NP (DT All)) (PP (IN of) (NP (PRP$ our) (NN blood)))) (VP (VBZ goes) (PP (IN through) (NP (PRP$ our) (NNS kidneys))) (NP (NP (QP (RB about) (CD sixty)) (NNS times)) (NP (DT a) (NN day)))) (. .)),simple,all of our blood goes through our kidneys about sixty times a day .,darah mengalir melalui ginjal sekitar enam puluh kali sehari .
3103,A lot of kids don't wear bicycle helmets.,Banyak anak-anak yang tidak memakai helm sepeda.,(S (NP (NP (DT A) (NN lot)) (PP (IN of) (NP (NNS kids)))) (VP (VBP do) (RB n't) (VP (VB wear) (NP (NN bicycle) (NNS helmets)))) (. .)),simple,a lot of kids don t wear bicycle helmets .,banyak anak anak yang tidak memakai helm sepeda .
883,I'll go to a museum today.,Aku akan pergi ke sebuah museum hari ini.,(S (NP (PRP I)) (VP (MD 'll) (VP (VB go) (PP (IN to) (NP (DT a) (NN museum))) (NP (NN today)))) (. .)),simple,i ll go to a museum today .,aku akan pergi ke sebuah museum hari ini .
1091,Tom lives across the river.,Tom tinggal di seberang sungai.,(S (NP (NNP Tom)) (VP (VBZ lives) (PP (IN across) (NP (DT the) (NN river)))) (. .)),simple,tom lives across the river .,tom tinggal di seberang sungai .
382,It is under the chair.,Itu ada di bawah kursi.,(S (NP (PRP It)) (VP (VBZ is) (PP (IN under) (NP (DT the) (NN chair)))) (. .)),simple,it is under the chair .,itu ada di bawah kursi .
3666,I think one of us ought to attend that meeting.,Aku pikir salah satu dari kita harus menghadiri rapat itu.,(S (NP (PRP I)) (VP (VBP think) (SBAR (S (NP (NP (CD one)) (PP (IN of) (NP (PRP us)))) (VP (MD ought) (S (VP (TO to) (VP (VB attend) (NP (DT that) (NN meeting))))))))) (. .)),complex,i think one of us ought to attend that meeting .,aku pikir salah satu dari kita harus menghadiri rapat itu .
3213,We watched a baseball game on television.,Kami menonton pertandingan bisbol di televisi.,(S (NP (PRP We)) (VP (VBD watched) (NP (DT a) (NN baseball) (NN game)) (PP (IN on) (NP (NN television)))) (. .)),simple,we watched a baseball game on television .,kami menonton pertandingan bisbol di televisi .
1728,She's a beauty from a distance.,Dia cantik dari jauh.,(S (NP (PRP She)) (VP (VBZ 's) (NP (DT a) (NN beauty)) (PP (IN from) (NP (DT a) (NN distance)))) (. .)),simple,she s a beauty from a distance .,dia cantik dari jauh .
4051,"I spoke to the boy, who seemed to be older than the girl.","saya berbicara dengan anak laki-laki itu, yang tampaknya lebih tua dibandingkan anak perempuan","(S (NP (PRP I)) (VP (VBD spoke) (PP (IN to) (NP (NP (DT the) (NN boy)) (, ,) (SBAR (WHNP (WP who)) (S (VP (VBD seemed) (S (VP (TO to) (VP (VB be) (ADJP (ADJP (JJR older)) (PP (IN than) (NP (DT the) (NN girl))))))))))))) (. .))",complex,i spoke to the boy who seemed to be older than the girl .,saya berbicara dengan anak laki laki itu yang tampaknya lebih tua dibandingkan anak perempuan
31,He came by bus.,Dia datang dengan bus.,(S (NP (PRP He)) (VP (VBD came) (PP (IN by) (NP (NN bus)))) (. .)),simple,he came by bus .,dia datang dengan bus .
2464,What do you think of his new novel?,Bagaimana pendapat Anda tentang novel barunya?,(SBARQ (WHNP (WP What)) (SQ (VBP do) (NP (PRP you)) (VP (VB think) (PP (IN of) (NP (PRP$ his) (JJ new) (NN novel))))) (. ?)),simple,what do you think of his new novel ?,bagaimana pendapat anda tentang novel barunya ?
1972,We stayed at a three-star hotel.,Kami menginap di hotel bintang tiga.,(S (NP (PRP We)) (VP (VBD stayed) (PP (IN at) (NP (DT a) (NML (CD three) (HYPH -) (NN star)) (NN hotel)))) (. .)),simple,we stayed at a three star hotel .,kami menginap di hotel bintang tiga .
3250,I'm starting to lose my patience with you.,Saya mulai kehilangan kesabaran terhadap anda.,(S (NP (PRP I)) (VP (VBP 'm) (VP (VBG starting) (S (VP (TO to) (VP (VB lose) (NP (NP (PRP$ my) (NN patience)) (PP (IN with) (NP (PRP you))))))))) (. .)),simple,i m starting to lose my patience with you .,saya mulai kehilangan kesabaran terhadap anda .
610,No one came to my party.,Tidak ada yang datang ke pestaku.,(S (NP (DT No) (NN one)) (VP (VBD came) (PP (IN to) (NP (PRP$ my) (NN party)))) (. .)),simple,no one came to my party .,tidak ada yang datang ke pestaku .
570,I don't work for anyone.,Aku tidak bekerja untuk siapapun.,(S (NP (PRP I)) (VP (VBP do) (RB n't) (VP (VB work) (PP (IN for) (NP (NN anyone))))) (. .)),simple,i don t work for anyone .,aku tidak bekerja untuk siapapun .
2240,Thank you for lending us the book.,Terima kasih telah meminjamkan buku itu kepada kami.,(S (VP (VB Thank) (NP (PRP you)) (PP (IN for) (S (VP (VBG lending) (NP (PRP us)) (NP (DT the) (NN book)))))) (. .)),simple,thank you for lending us the book .,terima kasih telah meminjamkan buku itu kepada kami .
343,He is in the bathroom.,Dia ada di kamar mandi.,(S (NP (PRP He)) (VP (VBZ is) (PP (IN in) (NP (DT the) (NN bathroom)))) (. .)),simple,he is in the bathroom .,dia ada di kamar mandi .
2218,Music is the language of the soul.,Musik adalah bahasa jiwa.,(S (NP (NN Music)) (VP (VBZ is) (NP (NP (DT the) (NN language)) (PP (IN of) (NP (DT the) (NN soul))))) (. .)),simple,music is the language of the soul .,musik adalah bahasa jiwa .
2422,This desk is designed for children.,Meja ini diperuntukkan bagi anak-anak.,(S (NP (DT This) (NN desk)) (VP (VBZ is) (VP (VBN designed) (PP (IN for) (NP (NNS children))))) (. .)),simple,this desk is designed for children .,meja ini diperuntukkan bagi anak anak .
2321,Come to my house whenever you like.,Datanglah ke rumahku kapan pun kamu mau.,(S (VP (VB Come) (PP (IN to) (NP (PRP$ my) (NN house))) (SBAR (WHADVP (WRB whenever)) (S (NP (PRP you)) (VP (VBP like))))) (. .)),complex,come to my house whenever you like .,datanglah ke rumahku kapan pun kamu mau .
3433,I know you were looking for me this morning.,Aku tahu kalian mencariku pagi ini.,(S (NP (PRP I)) (VP (VBP know) (SBAR (S (NP (PRP you)) (VP (VBD were) (VP (VBG looking) (PP (IN for) (NP (PRP me))) (NP (DT this) (NN morning))))))) (. .)),complex,i know you were looking for me this morning .,aku tahu kalian mencariku pagi ini .
3915,Tom picked up John's briefcase and handed it to him.,Tom mengambil tas milik John dan menyerahkannya kepada John.,(S (NP (NNP Tom)) (VP (VP (VBD picked) (PRT (RP up)) (NP (NP (NNP John) (POS 's)) (NN briefcase))) (CC and) (VP (VBD handed) (NP (PRP it)) (PP (IN to) (NP (PRP him))))) (. .)),simple,tom picked up john s briefcase and handed it to him .,tom mengambil tas milik john dan menyerahkannya kepada john .
2820,The boxer got up on the count of nine.,Petinju itu bangun pada hitungan kesembilan.,(S (NP (DT The) (NN boxer)) (VP (VBD got) (PRT (RP up)) (PP (IN on) (NP (NP (DT the) (NN count)) (PP (IN of) (NP (CD nine)))))) (. .)),simple,the boxer got up on the count of nine .,petinju itu bangun pada hitungan kesembilan .
4183,"After getting through customs, I was free to go wherever I wanted.","Setelah melalui pemeriksaan pabean, saya bebas pergi ke mana pun yang saya inginkan.","(S (PP (IN After) (S (VP (VBG getting) (PP (IN through) (NP (NNS customs)))))) (, ,) (NP (PRP I)) (VP (VBD was) (ADJP (JJ free) (S (VP (TO to) (VP (VB go) (SBAR (WHADVP (WRB wherever)) (S (NP (PRP I)) (VP (VBD wanted))))))))) (. .))",complex,after getting through customs i was free to go wherever i wanted .,setelah melalui pemeriksaan pabean saya bebas pergi ke mana pun yang saya inginkan .
3430,I have a younger sister who lives in Boston.,Aku punya adik perempuan yang tinggal di Boston.,(S (NP (PRP I)) (VP (VBP have) (NP (NP (DT a) (JJR younger) (NN sister)) (SBAR (WHNP (WP who)) (S (VP (VBZ lives) (PP (IN in) (NP (NNP Boston)))))))) (. .)),complex,i have a younger sister who lives in boston .,aku punya adik perempuan yang tinggal di boston .
1533,It has nothing to do with you.,Ini tidak ada hubungannya denganmu.,(S (NP (PRP It)) (VP (VBZ has) (NP (NP (NN nothing)) (SBAR (S (VP (TO to) (VP (VB do) (PP (IN with) (NP (PRP you))))))))) (. .)),complex,it has nothing to do with you .,ini tidak ada hubungannya denganmu .
1135,Do you believe in evolution?,Apa kau percaya pada evolusi?,(SQ (VBP Do) (NP (PRP you)) (VP (VB believe) (PP (IN in) (NP (NN evolution)))) (. ?)),simple,do you believe in evolution ?,apa kau percaya pada evolusi ?
2377,I'm sick of conferences these days.,Akhir-akhir ini aku bosan dengan rapat.,(S (NP (PRP I)) (VP (VBP 'm) (ADJP (JJ sick) (PP (IN of) (NP (NNS conferences)))) (NP (DT these) (NNS days))) (. .)),simple,i m sick of conferences these days .,akhir akhir ini aku bosan dengan rapat .
4147,Tom lives in a three-bedroom house on the outskirts of Boston.,Tom tinggal di sebuah rumah dengan tiga kamar di pinggiran kota Boston.,(S (NP (NNP Tom)) (VP (VBZ lives) (PP (IN in) (NP (NP (DT a) (NML (CD three) (HYPH -) (NN bedroom)) (NN house)) (PP (IN on) (NP (NP (DT the) (NNS outskirts)) (PP (IN of) (NP (NNP Boston)))))))) (. .)),simple,tom lives in a three bedroom house on the outskirts of boston .,tom tinggal di sebuah rumah dengan tiga kamar di pinggiran kota boston .
841,"Could you look at me, Tom?","Dapatkah kamu melihatku, Tom?","(SQ (MD Could) (NP (PRP you)) (VP (VB look) (PP (IN at) (NP (PRP me))) (, ,) (NP (NNP Tom))) (. ?))",simple,could you look at me tom ?,dapatkah kamu melihatku tom ?
3476,There's no entertainment in the countryside.,Tidak ada hiburan di pedesaan.,(S (NP (EX There)) (VP (VBZ 's) (NP (DT no) (NN entertainment)) (PP (IN in) (NP (DT the) (NN countryside)))) (. .)),simple,there s no entertainment in the countryside .,tidak ada hiburan di pedesaan .
1479,Have you ever lived in Boston?,Apakah kamu pernah tinggal di Boston?,(SQ (VBP Have) (NP (PRP you)) (ADVP (RB ever)) (VP (VBN lived) (PP (IN in) (NP (NNP Boston)))) (. ?)),simple,have you ever lived in boston ?,apakah kamu pernah tinggal di boston ?
965,What have you done to Tom?,Apa yang sudah kau perbuat pada Tom?,(SBARQ (WHNP (WP What)) (SQ (VBP have) (NP (PRP you)) (VP (VBN done) (PP (IN to) (NP (NNP Tom))))) (. ?)),simple,what have you done to tom ?,apa yang sudah kau perbuat pada tom ?
528,Tom will do it for you.,Tom akan melakukannya untuk kalian.,(S (NP (NNP Tom)) (VP (MD will) (VP (VB do) (NP (PRP it)) (PP (IN for) (NP (PRP you))))) (. .)),simple,tom will do it for you .,tom akan melakukannya untuk kalian .
176,We ran out of food.,Kita kehabisan makanan.,(S (NP (PRP We)) (VP (VBD ran) (PP (IN out) (PP (IN of) (NP (NN food))))) (. .)),simple,we ran out of food .,kita kehabisan makanan .
422,We're on our way home.,Kami sedang berada dalam perjalanan pulang.,(S (NP (PRP We)) (VP (VBP 're) (PP (IN on) (NP (NP (PRP$ our) (NN way)) (NN home)))) (. .)),simple,we re on our way home .,kami sedang berada dalam perjalanan pulang .
1738,The rain lasted for three days.,Hujannya bertahan selama tiga hari.,(S (NP (DT The) (NN rain)) (VP (VBD lasted) (PP (IN for) (NP (CD three) (NNS days)))) (. .)),simple,the rain lasted for three days .,hujannya bertahan selama tiga hari .
3671,Kelantan is one of the states in West Malaysia.,Kelantan adalah salah satu negara bagian di Malaysia Barat.,(S (NP (NNP Kelantan)) (VP (VBZ is) (NP (NP (CD one)) (PP (IN of) (NP (NP (DT the) (NNS states)) (PP (IN in) (NP (NNP West) (NNP Malaysia))))))) (. .)),simple,kelantan is one of the states in west malaysia .,kelantan adalah salah satu negara bagian di malaysia barat .
2297,We have been here for three weeks.,Kita sudah di sini tiga minggu.,(S (NP (PRP We)) (VP (VBP have) (VP (VBN been) (ADVP (RB here)) (PP (IN for) (NP (CD three) (NNS weeks))))) (. .)),simple,we have been here for three weeks .,kita sudah di sini tiga minggu .
572,I eat dinner after work.,Aku makan malam setelah bekerja.,(S (NP (PRP I)) (VP (VBP eat) (NP (NN dinner)) (PP (IN after) (NP (NN work)))) (. .)),simple,i eat dinner after work .,aku makan malam setelah bekerja .
2605,Tom poured cold water over his head.,Tom menuangkan air dingin ke kepalanya.,(S (NP (NNP Tom)) (VP (VBD poured) (NP (JJ cold) (NN water)) (PP (IN over) (NP (PRP$ his) (NN head)))) (. .)),simple,tom poured cold water over his head .,tom menuangkan air dingin ke kepalanya .
288,My mother is at home.,Ibuku di rumah.,(S (NP (PRP$ My) (NN mother)) (VP (VBZ is) (PP (IN at) (NP (NN home)))) (. .)),simple,my mother is at home .,ibuku di rumah .
1554,Thank you for listening to me.,Terima kasih sudah mendengarkanku.,(S (VP (VB Thank) (NP (PRP you)) (PP (IN for) (S (VP (VBG listening) (PP (IN to) (NP (PRP me))))))) (. .)),simple,thank you for listening to me .,terima kasih sudah mendengarkanku .
1647,He disappeared without a trace.,Dia menghilang tanpa jejak.,(S (NP (PRP He)) (VP (VBD disappeared) (PP (IN without) (NP (DT a) (NN trace)))) (. .)),simple,he disappeared without a trace .,dia menghilang tanpa jejak .
2977,Tom likes to listen to classical music.,Tom suka mendengarkan musik klasik.,(S (NP (NNP Tom)) (VP (VBZ likes) (S (VP (TO to) (VP (VB listen) (PP (IN to) (NP (JJ classical) (NN music))))))) (. .)),simple,tom likes to listen to classical music .,tom suka mendengarkan musik klasik .
2866,What's your favorite item of clothing?,Pakaian apa yang paling kamu sukai?,(SBARQ (WHNP (WP What)) (SQ (VBZ 's) (NP (NP (PRP$ your) (JJ favorite) (NN item)) (PP (IN of) (NP (NN clothing))))) (. ?)),simple,what s your favorite item of clothing ?,pakaian apa yang paling kamu sukai ?
3270,There are too many people in that rowboat.,Perahu dayung itu sudah terlalu banyak orang.,(S (NP (EX There)) (VP (VBP are) (NP (ADJP (RB too) (JJ many)) (NNS people)) (PP (IN in) (NP (DT that) (NN rowboat)))) (. .)),simple,there are too many people in that rowboat .,perahu dayung itu sudah terlalu banyak orang .
2615,"Two glasses of orange juice, please.",Saya pesan dua gelas jus jeruk.,"(NP (NP (NP (CD Two) (NNS glasses)) (PP (IN of) (NP (NN orange) (NN juice)))) (, ,) (ADVP (RB please)) (. .))",simple,two glasses of orange juice please .,saya pesan dua gelas jus jeruk .
4015,You have to unpack your luggage for customs inspection.,Anda harus membuka barang bawaan anda untuk pemeriksaan pabean.,(S (NP (PRP You)) (VP (VBP have) (S (VP (TO to) (VP (VB unpack) (NP (PRP$ your) (NN luggage)) (PP (IN for) (NP (NNS customs) (NN inspection))))))) (. .)),simple,you have to unpack your luggage for customs inspection .,anda harus membuka barang bawaan anda untuk pemeriksaan pabean .
2941,The car left a cloud of dust behind it.,Mobil itu mengeluarkan asap tebal.,(S (NP (DT The) (NN car)) (VP (VBD left) (NP (NP (DT a) (NN cloud)) (PP (IN of) (NP (NN dust)))) (PP (IN behind) (NP (PRP it)))) (. .)),simple,the car left a cloud of dust behind it .,mobil itu mengeluarkan asap tebal .
3384,There are thirty children in the classroom.,Ada tiga puluh orang anak di dalam kelas.,(S (NP (EX There)) (VP (VBP are) (NP (CD thirty) (NNS children)) (PP (IN in) (NP (DT the) (NN classroom)))) (. .)),simple,there are thirty children in the classroom .,ada tiga puluh orang anak di dalam kelas .
3842,Do you know who the British Ambassador to Japan is?,Apakah kamu tahu siapa duta besar Inggris untuk Jepang?,(SQ (VBP Do) (NP (PRP you)) (VP (VB know) (SBAR (WHNP (WP who)) (S (NP (NP (DT the) (NNP British) (NNP Ambassador)) (PP (IN to) (NP (NNP Japan)))) (VP (VBZ is))))) (. ?)),complex,do you know who the british ambassador to japan is ?,apakah kamu tahu siapa duta besar inggris untuk jepang ?
3296,We're going to cycle to the lake tomorrow.,Kami akan bersepeda ke danau besok.,(S (NP (PRP We)) (VP (VBP 're) (VP (VBG going) (S (VP (TO to) (VP (VB cycle) (PP (IN to) (NP (DT the) (NN lake))) (NP (NN tomorrow))))))) (. .)),simple,we re going to cycle to the lake tomorrow .,kami akan bersepeda ke danau besok .
383,It is under the chair.,Ada di bawah kursi.,(S (NP (PRP It)) (VP (VBZ is) (PP (IN under) (NP (DT the) (NN chair)))) (. .)),simple,it is under the chair .,ada di bawah kursi .
3505,Air is a mixture of gases that we cannot see.,Udara adalah campuran dari gas yang tidak dapat kita lihat.,(S (NP (NN Air)) (VP (VBZ is) (NP (NP (NP (DT a) (NN mixture)) (PP (IN of) (NP (NNS gases)))) (SBAR (WHNP (WDT that)) (S (NP (PRP we)) (VP (MD can) (RB not) (VP (VB see))))))) (. .)),complex,air is a mixture of gases that we cannot see .,udara adalah campuran dari gas yang tidak dapat kita lihat .
370,I was inspired by Tom.,Aku terinspirasi oleh Tom.,(S (NP (PRP I)) (VP (VBD was) (VP (VBN inspired) (PP (IN by) (NP (NNP Tom))))) (. .)),simple,i was inspired by tom .,aku terinspirasi oleh tom .
2183,I am sure of his passing the exam.,Aku yakin dia akan berhasil melewati tesnya.,(S (NP (PRP I)) (VP (VBP am) (ADJP (JJ sure) (PP (IN of) (S (NP (PRP$ his)) (VP (VBG passing) (NP (DT the) (NN exam))))))) (. .)),simple,i am sure of his passing the exam .,aku yakin dia akan berhasil melewati tesnya .
3441,I'd like to show this picture of Tom to you.,Aku ingin menunjukkan foto Tom ini kepadamu.,(S (NP (PRP I)) (VP (MD 'd) (VP (VB like) (S (VP (TO to) (VP (VB show) (NP (NP (DT this) (NN picture)) (PP (IN of) (NP (NNP Tom)))) (PP (IN to) (NP (PRP you)))))))) (. .)),simple,i d like to show this picture of tom to you .,aku ingin menunjukkan foto tom ini kepadamu .
4103,"Tom didn't like the look of his nose, so he had a nose job.","Tom tidak suka dengan penampilan hidungnya, jadi dia melakukan operasi plastik.","(S (S (NP (NNP Tom)) (VP (VBD did) (RB n't) (VP (VB like) (NP (NP (DT the) (NN look)) (PP (IN of) (NP (PRP$ his) (NN nose))))))) (, ,) (IN so) (S (NP (PRP he)) (VP (VBD had) (NP (DT a) (NN nose) (NN job)))) (. .))",compound,tom didn t like the look of his nose so he had a nose job .,tom tidak suka dengan penampilan hidungnya jadi dia melakukan operasi plastik .
1105,We can't compete with Asia.,Kita tidak bisa berkompetisi dengan Asia.,(S (NP (PRP We)) (VP (MD ca) (RB n't) (VP (VB compete) (PP (IN with) (NP (NNP Asia))))) (. .)),simple,we can t compete with asia .,kita tidak bisa berkompetisi dengan asia .
3807,"At this time, we still don't know what causes ALS.","Saat ini, kita masih belum tahu apa yang menyebabkan ALS.","(S (PP (IN At) (NP (DT this) (NN time))) (, ,) (NP (PRP we)) (ADVP (RB still)) (VP (VBP do) (RB n't) (VP (VB know) (SBAR (WHNP (WP what)) (S (VP (VBZ causes) (NP (NNP ALS))))))) (. .))",complex,at this time we still don t know what causes als .,saat ini kita masih belum tahu apa yang menyebabkan als .
1564,The bridge is open to traffic.,Jembatan itu terbuka untuk lalu lintas.,(S (NP (DT The) (NN bridge)) (VP (VBZ is) (ADJP (JJ open) (PP (IN to) (NP (NN traffic))))) (. .)),simple,the bridge is open to traffic .,jembatan itu terbuka untuk lalu lintas .
2921,I told my wife to get ready in a hurry.,Aku memberitahu istriku untuk cepat bersiap-siap.,(S (NP (PRP I)) (VP (VBD told) (NP (PRP$ my) (NN wife)) (S (VP (TO to) (VP (VB get) (ADJP (JJ ready)) (PP (IN in) (NP (DT a) (NN hurry))))))) (. .)),simple,i told my wife to get ready in a hurry .,aku memberitahu istriku untuk cepat bersiap siap .
2342,Honesty is no guarantee of success.,Kejujuran bukan jaminan sukses.,(S (NP (NN Honesty)) (VP (VBZ is) (NP (NP (DT no) (NN guarantee)) (PP (IN of) (NP (NN success))))) (. .)),simple,honesty is no guarantee of success .,kejujuran bukan jaminan sukses .
141,He lives near here.,Dia tinggal di dekat sini.,(S (NP (PRP He)) (VP (VBZ lives) (PP (IN near) (ADVP (RB here)))) (. .)),simple,he lives near here .,dia tinggal di dekat sini .
3804,What kind of books do you want to read this year?,Buku apa yang ingin kamu baca tahun ini?,(SBARQ (WHNP (WHNP (WP What) (NN kind)) (PP (IN of) (NP (NNS books)))) (SQ (VBP do) (NP (PRP you)) (VP (VB want) (S (VP (TO to) (VP (VB read) (NP (DT this) (NN year))))))) (. ?)),simple,what kind of books do you want to read this year ?,buku apa yang ingin kamu baca tahun ini ?
491,Stop playing with that.,Berhenti memainkan itu.,(S (VP (VB Stop) (S (VP (VBG playing) (PP (IN with) (NP (DT that)))))) (. .)),simple,stop playing with that .,berhenti memainkan itu .
198,I ran out of breath.,Aku kehabisan napas.,(S (NP (PRP I)) (VP (VBD ran) (PP (IN out) (PP (IN of) (NP (NN breath))))) (. .)),simple,i ran out of breath .,aku kehabisan napas .
2525,I wake up every morning before dawn.,Aku bangun setiap pagi sebelum fajar.,(S (NP (PRP I)) (VP (VBP wake) (PRT (RP up)) (NP (NP (DT every) (NN morning)) (PP (IN before) (NP (NN dawn))))) (. .)),simple,i wake up every morning before dawn .,aku bangun setiap pagi sebelum fajar .
1171,I'll have to think about it.,Aku akan memikirkannya dulu.,(S (NP (PRP I)) (VP (MD 'll) (VP (VB have) (S (VP (TO to) (VP (VB think) (PP (IN about) (NP (PRP it)))))))) (. .)),simple,i ll have to think about it .,aku akan memikirkannya dulu .
1226,This song reminds me of Tom.,Lagu ini mengingatkanku pada Tom.,(S (NP (DT This) (NN song)) (VP (VBZ reminds) (NP (PRP me)) (PP (IN of) (NP (NNP Tom)))) (. .)),simple,this song reminds me of tom .,lagu ini mengingatkanku pada tom .
1808,You never mentioned that to me.,Kamu tidak pernah menyebutkan hal itu padaku.,(S (NP (PRP You)) (ADVP (RB never)) (VP (VBD mentioned) (NP (DT that)) (PP (IN to) (NP (PRP me)))) (. .)),simple,you never mentioned that to me .,kamu tidak pernah menyebutkan hal itu padaku .
3331,I have to make the best of that small room.,Aku harus memanfaatkan ruang yang kecil itu sebaik-baiknya.,(S (NP (PRP I)) (VP (VBP have) (S (VP (TO to) (VP (VB make) (NP (NP (DT the) (JJS best)) (PP (IN of) (NP (DT that) (JJ small) (NN room)))))))) (. .)),simple,i have to make the best of that small room .,aku harus memanfaatkan ruang yang kecil itu sebaik baiknya .
1688,I never had to worry about you.,Aku tidak pernah harus mengkhawatirkanmu.,(S (NP (PRP I)) (ADVP (RB never)) (VP (VBD had) (S (VP (TO to) (VP (VB worry) (PP (IN about) (NP (PRP you))))))) (. .)),simple,i never had to worry about you .,aku tidak pernah harus mengkhawatirkanmu .
1882,"In doing anything, do your best.","Ketika melakukan sesuatu, lakukanlah yang terbaik.","(S (PP (IN In) (S (VP (VBG doing) (NP (NN anything))))) (, ,) (VP (VB do) (NP (PRP$ your) (JJS best))) (. .))",simple,in doing anything do your best .,ketika melakukan sesuatu lakukanlah yang terbaik .
195,I felt like smiling.,Aku merasa ingin tersenyum.,(S (NP (PRP I)) (VP (VBD felt) (PP (IN like) (S (VP (VBG smiling))))) (. .)),simple,i felt like smiling .,aku merasa ingin tersenyum .
874,I need someone to talk to.,Saya perlu seseorang untuk diajak bicara.,(S (NP (PRP I)) (VP (VBP need) (NP (NP (NN someone)) (SBAR (S (VP (TO to) (VP (VB talk) (PP (IN to)))))))) (. .)),complex,i need someone to talk to .,saya perlu seseorang untuk diajak bicara .
2757,Are you absolutely certain about this?,Apa kau benar-benar yakin dengan hal ini?,(SQ (VBP Are) (NP (PRP you)) (ADJP (RB absolutely) (JJ certain) (PP (IN about) (NP (DT this)))) (. ?)),simple,are you absolutely certain about this ?,apa kau benar benar yakin dengan hal ini ?
3726,I wonder what the weather will be like tomorrow.,Aku bertanya-tanya bagaimana cuaca hari esok.,(S (NP (PRP I)) (VP (VBP wonder) (SBAR (WHNP (WP what)) (S (NP (DT the) (NN weather)) (VP (MD will) (VP (VB be) (PP (IN like)) (NP (NN tomorrow))))))) (. .)),complex,i wonder what the weather will be like tomorrow .,aku bertanya tanya bagaimana cuaca hari esok .
3001,Can I borrow this for about three weeks?,Boleh saya pinjam sekitar tiga minggu?,(SQ (MD Can) (NP (PRP I)) (VP (VB borrow) (NP (DT this)) (PP (IN for) (NP (QP (RB about) (CD three)) (NNS weeks)))) (. ?)),simple,can i borrow this for about three weeks ?,boleh saya pinjam sekitar tiga minggu ?
840,Can I do anything for you?,Ada yang bisa saya lakukan untuk Anda?,(SQ (MD Can) (NP (PRP I)) (VP (VB do) (NP (NN anything)) (PP (IN for) (NP (PRP you)))) (. ?)),simple,can i do anything for you ?,ada yang bisa saya lakukan untuk anda ?
581,I live in a small house.,Aku tinggal di sebuah rumah kecil.,(S (NP (PRP I)) (VP (VBP live) (PP (IN in) (NP (DT a) (JJ small) (NN house)))) (. .)),simple,i live in a small house .,aku tinggal di sebuah rumah kecil .
4135,Tom came to Boston with his parents when he was really young.,Tom datang ke Boston bersama orang tuanya saat dia masih sangat muda.,(S (NP (NNP Tom)) (VP (VBD came) (PP (IN to) (NP (NNP Boston))) (PP (IN with) (NP (PRP$ his) (NNS parents))) (SBAR (WHADVP (WRB when)) (S (NP (PRP he)) (VP (VBD was) (ADJP (RB really) (JJ young)))))) (. .)),complex,tom came to boston with his parents when he was really young .,tom datang ke boston bersama orang tuanya saat dia masih sangat muda .
1436,Tom usually sits in the back.,Tom biasanya duduk di belakang.,(S (NP (NNP Tom)) (ADVP (RB usually)) (VP (VBZ sits) (PP (IN in) (NP (DT the) (NN back)))) (. .)),simple,tom usually sits in the back .,tom biasanya duduk di belakang .
905,It's time to go to school.,Waktunya pergi ke sekolah.,(S (NP (PRP It)) (VP (VBZ 's) (NP (NP (NN time)) (SBAR (S (VP (TO to) (VP (VB go) (PP (IN to) (NP (NN school))))))))) (. .)),complex,it s time to go to school .,waktunya pergi ke sekolah .
631,There's plenty of water.,Airnya banyak.,(S (NP (EX There)) (VP (VBZ 's) (NP (NP (NN plenty)) (PP (IN of) (NP (NN water))))) (. .)),simple,there s plenty of water .,airnya banyak .
2287,Tom retired from coaching in 2013.,Tom berhenti melatih pada tahun 2013,(S (NP (NNP Tom)) (VP (VBD retired) (PP (IN from) (NP (NN coaching))) (PP (IN in) (NP (CD 2013)))) (. .)),simple,tom retired from coaching in .,tom berhenti melatih pada tahun 
1424,Tom is leaving in three days.,Tom akan berangkat dalam tiga hari.,(S (NP (NNP Tom)) (VP (VBZ is) (VP (VBG leaving) (PP (IN in) (NP (CD three) (NNS days))))) (. .)),simple,tom is leaving in three days .,tom akan berangkat dalam tiga hari .
162,Let go of the rope.,Lepaskan talinya.,(S (VP (VB Let) (VP (VB go) (PP (IN of) (NP (DT the) (NN rope))))) (. .)),simple,let go of the rope .,lepaskan talinya .
2344,How much do you charge by the hour?,Berapa besar Anda mematok biaya per jamnya?,(SBARQ (WHNP (WRB How) (JJ much)) (SQ (VBP do) (NP (PRP you)) (VP (VB charge) (PP (IN by) (NP (DT the) (NN hour))))) (. ?)),simple,how much do you charge by the hour ?,berapa besar anda mematok biaya per jamnya ?
1703,I'm the owner of this building.,Saya adalah pemilik gedung ini.,(S (NP (PRP I)) (VP (VBP 'm) (NP (NP (DT the) (NN owner)) (PP (IN of) (NP (DT this) (NN building))))) (. .)),simple,i m the owner of this building .,saya adalah pemilik gedung ini .
3789,The Atlantic Ocean separates America from Europe.,Samudra Atlantik memisahkan Amerika dari Eropa.,(S (NP (DT The) (NNP Atlantic) (NNP Ocean)) (VP (VBZ separates) (NP (NNP America)) (PP (IN from) (NP (NNP Europe)))) (. .)),simple,the atlantic ocean separates america from europe .,samudra atlantik memisahkan amerika dari eropa .
2414,There is no cure for schizophrenia.,Tidak ada obat untuk skizofrenia.,(S (NP (EX There)) (VP (VBZ is) (NP (NP (DT no) (NN cure)) (PP (IN for) (NP (NN schizophrenia))))) (. .)),simple,there is no cure for schizophrenia .,tidak ada obat untuk skizofrenia .
617,She was born in America.,Dia lahir di Amerika.,(S (NP (PRP She)) (VP (VBD was) (VP (VBN born) (PP (IN in) (NP (NNP America))))) (. .)),simple,she was born in america .,dia lahir di amerika .
3007,"From across the room, you look like Tom.","Jika dilihat dari luar, kamu mirip seperti Tom","(S (PP (IN From) (PP (IN across) (NP (DT the) (NN room)))) (, ,) (NP (PRP you)) (VP (VBP look) (PP (IN like) (NP (NNP Tom)))) (. .))",simple,from across the room you look like tom .,jika dilihat dari luar kamu mirip seperti tom
925,The doctor gave it to her.,Dokter itu memberikannya padanya.,(S (NP (DT The) (NN doctor)) (VP (VBD gave) (NP (PRP it)) (PP (IN to) (NP (PRP her)))) (. .)),simple,the doctor gave it to her .,dokter itu memberikannya padanya .
3154,It's hard not to come to this conclusion.,Kesimpulan ini sulit untuk dipungkiri.,(S (NP (NP (PRP It))) (VP (VBZ 's) (ADJP (JJ hard)) (S (RB not) (VP (TO to) (VP (VB come) (PP (IN to) (NP (DT this) (NN conclusion))))))) (. .)),simple,it s hard not to come to this conclusion .,kesimpulan ini sulit untuk dipungkiri .
547,Are you sure about this?,Apa kau yakin dengan hal ini?,(SQ (VBP Are) (NP (PRP you)) (ADJP (JJ sure) (PP (IN about) (NP (DT this)))) (. ?)),simple,are you sure about this ?,apa kau yakin dengan hal ini ?
3482,"Tom is at the bus station, waiting for Mary.","Tom sedang di terminal bus, menunggu Mary.","(S (NP (NNP Tom)) (VP (VBZ is) (PP (IN at) (NP (DT the) (NN bus) (NN station))) (, ,) (S (VP (VBG waiting) (PP (IN for) (NP (NNP Mary)))))) (. .))",simple,tom is at the bus station waiting for mary .,tom sedang di terminal bus menunggu mary .
1534,It rained for hours and hours.,Hujan terus-menerus turun selama berjam-jam.,(S (NP (PRP It)) (VP (VBD rained) (PP (IN for) (NP (NNS hours) (CC and) (NNS hours)))) (. .)),simple,it rained for hours and hours .,hujan terus menerus turun selama berjam jam .
2359,I haven't seen Tom since breakfast.,Saya belum melihat Tom sejak sarapan.,(S (NP (PRP I)) (VP (VBP have) (RB n't) (VP (VBN seen) (NP (NNP Tom)) (PP (IN since) (NP (NN breakfast))))) (. .)),simple,i haven t seen tom since breakfast .,saya belum melihat tom sejak sarapan .
2127,"Two for the lunch buffet, please.",Saya pesan dua bufet santap siang.,"(NP (NP (NP (CD Two)) (PP (IN for) (NP (DT the) (NN lunch) (NN buffet)))) (, ,) (ADVP (RB please)) (. .))",simple,two for the lunch buffet please .,saya pesan dua bufet santap siang .
3004,Do you always come to school this early?,Apa kamu selalu datang ke sekolah sepagi ini?,(SQ (VBP Do) (NP (PRP you)) (ADVP (RB always)) (VP (VB come) (PP (IN to) (NP (NN school))) (ADVP (DT this) (RB early))) (. ?)),simple,do you always come to school this early ?,apa kamu selalu datang ke sekolah sepagi ini ?
3220,You'll feel better after a night's sleep.,Kamu akan merasa lebih baik setelah tidur malam.,(S (NP (PRP You)) (VP (MD 'll) (VP (VB feel) (ADVP (JJR better)) (PP (IN after) (NP (NP (DT a) (NN night) (POS 's)) (NN sleep))))) (. .)),simple,you ll feel better after a night s sleep .,kamu akan merasa lebih baik setelah tidur malam .
611,Paper is made from wood.,Kertas terbuat dari kayu.,(S (NP (NN Paper)) (VP (VBZ is) (VP (VBN made) (PP (IN from) (NP (NN wood))))) (. .)),simple,paper is made from wood .,kertas terbuat dari kayu .
1336,I found him covered in blood.,Aku mendapatinya berlumuran darah.,(S (NP (PRP I)) (VP (VBD found) (S (NP (PRP him)) (VP (VBN covered) (PP (IN in) (NP (NN blood)))))) (. .)),simple,i found him covered in blood .,aku mendapatinya berlumuran darah .
2480,Are you completely out of your mind?,Apa kamu benar-benar sudah gila?,(SQ (VBP Are) (NP (PRP you)) (PP (ADVP (RB completely)) (IN out) (PP (IN of) (NP (PRP$ your) (NN mind)))) (. ?)),simple,are you completely out of your mind ?,apa kamu benar benar sudah gila ?
640,Tom has been good to us.,Tom selalu baik kepada kami.,(S (NP (NNP Tom)) (VP (VBZ has) (VP (VBN been) (ADJP (JJ good)) (PP (IN to) (NP (PRP us))))) (. .)),simple,tom has been good to us .,tom selalu baik kepada kami .
2554,Please help yourselves to some cake.,Silakan nikmati kuenya.,(S (VP (VB Please) (VP (VB help) (NP (PRP yourselves)) (PP (IN to) (NP (DT some) (NN cake))))) (. .)),simple,please help yourselves to some cake .,silakan nikmati kuenya .
3803,We've decided to move the meeting to next Sunday.,Kami telah memutuskan untuk menunda rapat hingga hari Minggu berikutnya.,(S (NP (PRP We)) (VP (VBP 've) (VP (VBN decided) (S (VP (TO to) (VP (VB move) (NP (DT the) (NN meeting)) (PP (IN to) (NP (JJ next) (NNP Sunday)))))))) (. .)),simple,we ve decided to move the meeting to next sunday .,kami telah memutuskan untuk menunda rapat hingga hari minggu berikutnya .
3639,What were you doing at that particular moment?,Apa yang sedang kau lakukan pada saat itu?,(SBARQ (WHNP (WP What)) (SQ (VBD were) (NP (PRP you)) (VP (VBG doing) (PP (IN at) (NP (DT that) (JJ particular) (NN moment))))) (. ?)),simple,what were you doing at that particular moment ?,apa yang sedang kau lakukan pada saat itu ?
742,I want Tom put in prison.,Aku mau Tom dijebloskan ke penjara.,(S (NP (PRP I)) (VP (VBP want) (S (NP (NNP Tom)) (VP (VBN put) (PP (IN in) (NP (NN prison)))))) (. .)),simple,i want tom put in prison .,aku mau tom dijebloskan ke penjara .
637,Tom fell into the water.,Tom jatuh ke dalam air.,(S (NP (NNP Tom)) (VP (VBD fell) (PP (IN into) (NP (DT the) (NN water)))) (. .)),simple,tom fell into the water .,tom jatuh ke dalam air .
4254,Tom probably has better things to do with his time than sit in meetings all day.,Tom kemungkinan memiliki urusan yang lebih penting ketimbang duduk di ruang rapat selama seharian.,(S (NP (NNP Tom)) (ADVP (RB probably)) (VP (VBZ has) (NP (NP (NP (JJR better) (NNS things)) (SBAR (S (VP (TO to) (VP (VB do) (PP (IN with) (NP (PRP$ his) (NN time)))))))) (SBAR (IN than) (S (VP (VB sit) (PP (IN in) (NP (NNS meetings))) (NP (DT all) (NN day))))))) (. .)),complex,tom probably has better things to do with his time than sit in meetings all day .,tom kemungkinan memiliki urusan yang lebih penting ketimbang duduk di ruang rapat selama seharian .
2582,These boxes are made out of plastic.,Kotak-kotak ini terbuat dari plastik.,(S (NP (DT These) (NNS boxes)) (VP (VBP are) (VP (VBN made) (PP (IN out) (PP (IN of) (NP (NN plastic)))))) (. .)),simple,these boxes are made out of plastic .,kotak kotak ini terbuat dari plastik .
3856,Mount Everest is the highest mountain in the world.,Gunung Everest adalah gunung tertinggi di dunia.,(S (NP (NNP Mount) (NNP Everest)) (VP (VBZ is) (NP (NP (DT the) (JJS highest) (NN mountain)) (PP (IN in) (NP (DT the) (NN world))))) (. .)),simple,mount everest is the highest mountain in the world .,gunung everest adalah gunung tertinggi di dunia .
2206,I wouldn't lose any sleep over it.,Saya tidak ingin kekurangan tidur karena ini.,(S (NP (PRP I)) (VP (MD would) (RB n't) (VP (VB lose) (NP (NP (DT any) (NN sleep)) (PP (IN over) (NP (PRP it)))))) (. .)),simple,i wouldn t lose any sleep over it .,saya tidak ingin kekurangan tidur karena ini .
1097,Tom saw blood on the floor.,Tom melihat darah di lantai.,(S (NP (NNP Tom)) (VP (VBD saw) (NP (NN blood)) (PP (IN on) (NP (DT the) (NN floor)))) (. .)),simple,tom saw blood on the floor .,tom melihat darah di lantai .
2902,How many rooms are there in your house?,Ada berapa banyak kamar di rumahmu?,(SBARQ (WHNP (WHADJP (WRB How) (JJ many)) (NNS rooms)) (SQ (VBP are) (NP (EX there)) (PP (IN in) (NP (PRP$ your) (NN house)))) (. ?)),simple,how many rooms are there in your house ?,ada berapa banyak kamar di rumahmu ?
48,I'm tired of it.,Aku lelah dengan hal itu.,(S (NP (PRP I)) (VP (VBP 'm) (ADJP (JJ tired) (PP (IN of) (NP (PRP it))))) (. .)),simple,i m tired of it .,aku lelah dengan hal itu .
4188,"Many years later, the author added two more chapters to the novel.","Bertahun-tahun kemudian, penulis itu menambahkan dua bab lagi ke dalam novel.","(S (ADVP (NP (JJ Many) (NNS years)) (RB later)) (, ,) (NP (DT the) (NN author)) (VP (VBD added) (NP (CD two) (JJR more) (NNS chapters)) (PP (IN to) (NP (DT the) (NN novel)))) (. .))",simple,many years later the author added two more chapters to the novel .,bertahun tahun kemudian penulis itu menambahkan dua bab lagi ke dalam novel .
1749,These are gifts for my friends.,Ini hadiah untuk teman-temanku.,(S (NP (DT These)) (VP (VBP are) (NP (NP (NNS gifts)) (PP (IN for) (NP (PRP$ my) (NNS friends))))) (. .)),simple,these are gifts for my friends .,ini hadiah untuk teman temanku .
921,Thank you for your answer.,Terima kasih untuk jawaban Anda.,(S (VP (VB Thank) (NP (PRP you)) (PP (IN for) (NP (PRP$ your) (NN answer)))) (. .)),simple,thank you for your answer .,terima kasih untuk jawaban anda .
2673,I'll never ask you for anything else.,Aku tidak akan memintamu yang lain-lain lagi.,(S (NP (PRP I)) (VP (MD 'll) (ADVP (RB never)) (VP (VB ask) (NP (PRP you)) (PP (IN for) (NP (NN anything) (RB else))))) (. .)),simple,i ll never ask you for anything else .,aku tidak akan memintamu yang lain lain lagi .
4031,I think we've finally found the solution to the problem.,Aku rasa kita sudah menemukan solusi untuk masalah ini.,(S (NP (PRP I)) (VP (VBP think) (SBAR (S (NP (PRP we)) (VP (VBP 've) (ADVP (RB finally)) (VP (VBN found) (NP (NP (DT the) (NN solution)) (PP (IN to) (NP (DT the) (NN problem))))))))) (. .)),complex,i think we ve finally found the solution to the problem .,aku rasa kita sudah menemukan solusi untuk masalah ini .
2725,Tom left about an hour ago with Mary.,Tom pergi sejam yang lalu dengan Mary,(S (NP (NNP Tom)) (VP (VBD left) (ADVP (NP (RB about) (DT an) (NN hour)) (RB ago)) (PP (IN with) (NP (NNP Mary)))) (. .)),simple,tom left about an hour ago with mary .,tom pergi sejam yang lalu dengan mary
756,I've never been to Paris.,Aku belum pernah pergi ke Paris.,(S (NP (PRP I)) (VP (VBP 've) (ADVP (RB never)) (VP (VBN been) (PP (IN to) (NP (NNP Paris))))) (. .)),simple,i ve never been to paris .,aku belum pernah pergi ke paris .
1717,Paris is the capital of France.,Paris adalah ibu kota Prancis.,(S (NP (NNP Paris)) (VP (VBZ is) (NP (NP (DT the) (NN capital)) (PP (IN of) (NP (NNP France))))) (. .)),simple,paris is the capital of france .,paris adalah ibu kota prancis .
2676,Lack of sleep is bad for your health.,Kurang tidur tidak baik bagi kesehatan anda.,(S (NP (NP (NN Lack)) (PP (IN of) (NP (NN sleep)))) (VP (VBZ is) (ADJP (JJ bad) (PP (IN for) (NP (PRP$ your) (NN health))))) (. .)),simple,lack of sleep is bad for your health .,kurang tidur tidak baik bagi kesehatan anda .
1896,Ottawa is the capital of Canada.,Ottawa adalah ibu kota Kanada.,(S (NP (NNP Ottawa)) (VP (VBZ is) (NP (NP (DT the) (NN capital)) (PP (IN of) (NP (NNP Canada))))) (. .)),simple,ottawa is the capital of canada .,ottawa adalah ibu kota kanada .
2606,Tom put the pencil down on the desk.,Tom meletakkan pensilnya di atas meja.,(S (NP (NNP Tom)) (VP (VBD put) (NP (DT the) (NN pencil)) (PRT (RP down)) (PP (IN on) (NP (DT the) (NN desk)))) (. .)),simple,tom put the pencil down on the desk .,tom meletakkan pensilnya di atas meja .
2678,My father helped me with my homework.,Ayahku membantuku mengerjakan PRku.,(S (NP (PRP$ My) (NN father)) (VP (VBD helped) (NP (PRP me)) (PP (IN with) (NP (PRP$ my) (NN homework)))) (. .)),simple,my father helped me with my homework .,ayahku membantuku mengerjakan prku .
2123,Tom took a trip around the world.,Tom pergi berkeliling dunia.,(S (NP (NNP Tom)) (VP (VBD took) (NP (NP (DT a) (NN trip)) (PP (IN around) (NP (DT the) (NN world))))) (. .)),simple,tom took a trip around the world .,tom pergi berkeliling dunia .
2751,You have a big stain on your sweater.,Ada noda besar di swetermu.,(S (NP (PRP You)) (VP (VBP have) (NP (DT a) (JJ big) (NN stain)) (PP (IN on) (NP (PRP$ your) (NN sweater)))) (. .)),simple,you have a big stain on your sweater .,ada noda besar di swetermu .
836,A gun might come in handy.,Pistol mungkin akan berguna.,(S (NP (DT A) (NN gun)) (VP (MD might) (VP (VB come) (PP (IN in) (ADJP (JJ handy))))) (. .)),simple,a gun might come in handy .,pistol mungkin akan berguna .
2416,There's a rowboat right over there.,Ada perahu dayung di sebelah sana.,(S (NP (EX There)) (VP (VBZ 's) (NP (DT a) (NN rowboat)) (PP (ADVP (RB right)) (IN over) (RB there))) (. .)),simple,there s a rowboat right over there .,ada perahu dayung di sebelah sana .
2037,I don't want to do this with you.,Saya tidak mau melakukan ini dengan kamu.,(S (NP (PRP I)) (VP (VBP do) (RB n't) (VP (VB want) (S (VP (TO to) (VP (VB do) (NP (DT this)) (PP (IN with) (NP (PRP you)))))))) (. .)),simple,i don t want to do this with you .,saya tidak mau melakukan ini dengan kamu .
2753,You should put that cash in the safe.,Kau seharusnya memasukkan uang tunai itu ke dalam brankas.,(S (NP (PRP You)) (VP (MD should) (VP (VB put) (NP (DT that) (NN cash)) (PP (IN in) (NP (DT the) (NN safe))))) (. .)),simple,you should put that cash in the safe .,kau seharusnya memasukkan uang tunai itu ke dalam brankas .
2860,Tom wrote something in the guest book.,Tom menulis sesuatu dalam buku tamu.,(S (NP (NNP Tom)) (VP (VBD wrote) (NP (NN something)) (PP (IN in) (NP (DT the) (NN guest) (NN book)))) (. .)),simple,tom wrote something in the guest book .,tom menulis sesuatu dalam buku tamu .
1659,He tried to sleep on the floor.,Dia mencoba tidur di lantai.,(S (NP (PRP He)) (VP (VBD tried) (S (VP (TO to) (VP (VB sleep) (PP (IN on) (NP (DT the) (NN floor))))))) (. .)),simple,he tried to sleep on the floor .,dia mencoba tidur di lantai .
3151,"If you're looking for Tom, he's not here.","Jika kamu mencari Tom, dia tidak di sini.","(S (SBAR (IN If) (S (NP (PRP you)) (VP (VBP 're) (VP (VBG looking) (PP (IN for) (NP (NNP Tom))))))) (, ,) (NP (PRP he)) (VP (VBZ 's) (RB not) (ADVP (RB here))) (. .))",complex,if you re looking for tom he s not here .,jika kamu mencari tom dia tidak di sini .
4192,"I don't know what's going on around here, but I intend to find out.","Aku tidak tahu apa yang terjadi di sini, tapi aku berniat mencari tahu.","(S (S (NP (PRP I)) (VP (VBP do) (RB n't) (VP (VB know) (SBAR (WHNP (WP what)) (S (VP (VBZ 's) (VP (VBG going) (PRT (RP on)) (PP (IN around) (ADVP (RB here)))))))))) (, ,) (CC but) (S (NP (PRP I)) (VP (VBP intend) (S (VP (TO to) (VP (VB find) (PRT (RP out))))))) (. .))",complex,i don t know what s going on around here but i intend to find out .,aku tidak tahu apa yang terjadi di sini tapi aku berniat mencari tahu .
1070,Stay away from Tom's house.,Jauhi rumah Tom.,(S (VP (VB Stay) (ADVP (RB away) (PP (IN from) (NP (NP (NNP Tom) (POS 's)) (NN house))))) (. .)),simple,stay away from tom s house .,jauhi rumah tom .
4132,There was a traffic accident in front of the house yesterday.,Kemarin telah terjadi kecakaan didepan rumah saya.,(S (NP (EX There)) (VP (VBD was) (NP (DT a) (NN traffic) (NN accident)) (PP (IN in) (NP (NP (NN front)) (PP (IN of) (NP (DT the) (NN house))))) (NP (NN yesterday))) (. .)),simple,there was a traffic accident in front of the house yesterday .,kemarin telah terjadi kecakaan didepan rumah saya .
2216,It feels like my mouth is on fire.,Mulutku terasa seperti terbakar.,(S (NP (PRP It)) (VP (VBZ feels) (SBAR (IN like) (S (NP (PRP$ my) (NN mouth)) (VP (VBZ is) (PP (IN on) (NP (NN fire))))))) (. .)),complex,it feels like my mouth is on fire .,mulutku terasa seperti terbakar .
2477,A friend of mine is studying abroad.,Seorang temanku sedang belajar di luar negeri.,(S (NP (NP (DT A) (NN friend)) (PP (IN of) (NP (PRP mine)))) (VP (VBZ is) (VP (VBG studying) (ADVP (RB abroad)))) (. .)),simple,a friend of mine is studying abroad .,seorang temanku sedang belajar di luar negeri .
2759,Berlin is the largest city in Germany.,Berlin adalah kota terbesar di Jerman.,(S (NP (NNP Berlin)) (VP (VBZ is) (NP (NP (DT the) (JJS largest) (NN city)) (PP (IN in) (NP (NNP Germany))))) (. .)),simple,berlin is the largest city in germany .,berlin adalah kota terbesar di jerman .
4077,"Mary has nobody to talk with, but she doesn't feel lonely.","Mary tidak punya teman bicara, tapi dia tidak merasa kesepian.","(S (S (NP (NNP Mary)) (VP (VBZ has) (NP (NP (NN nobody)) (SBAR (S (VP (TO to) (VP (VB talk) (PP (IN with))))))))) (, ,) (CC but) (S (NP (PRP she)) (VP (VBZ does) (RB n't) (VP (VB feel) (ADJP (JJ lonely))))) (. .))",complex,mary has nobody to talk with but she doesn t feel lonely .,mary tidak punya teman bicara tapi dia tidak merasa kesepian .
3091,Tom's family moved to Australia in 2013.,Keluarga Tom pindah ke Australia pada tahun 2013.,(S (NP (NP (NNP Tom) (POS 's)) (NN family)) (VP (VBD moved) (PP (IN to) (NP (NNP Australia))) (PP (IN in) (NP (CD 2013)))) (. .)),simple,tom s family moved to australia in .,keluarga tom pindah ke australia pada tahun .
3415,Air is a mixture of gases that we can't see.,Udara adalah campuran dari gas yang tidak dapat kita lihat.,(S (NP (NN Air)) (VP (VBZ is) (NP (NP (NP (DT a) (NN mixture)) (PP (IN of) (NP (NNS gases)))) (SBAR (WHNP (WDT that)) (S (NP (PRP we)) (VP (MD ca) (RB n't) (VP (VB see))))))) (. .)),complex,air is a mixture of gases that we can t see .,udara adalah campuran dari gas yang tidak dapat kita lihat .
2370,I was brought here against my will.,Aku dibawa ke sini tidak atas keinginanku.,(S (NP (PRP I)) (VP (VBD was) (VP (VBN brought) (ADVP (RB here)) (PP (IN against) (NP (PRP$ my) (NN will))))) (. .)),simple,i was brought here against my will .,aku dibawa ke sini tidak atas keinginanku .
1326,How about eating out with me?,Mau pergi makan bersamaku?,(SBARQ (WHADVP (WRB How)) (IN about) (S (VP (VBG eating) (PRT (RP out)) (PP (IN with) (NP (PRP me))))) (. ?)),simple,how about eating out with me ?,mau pergi makan bersamaku ?
1488,He whispered something to her.,Ia membisikkan sesuatu padanya.,(S (NP (PRP He)) (VP (VBD whispered) (NP (NN something)) (PP (IN to) (NP (PRP her)))) (. .)),simple,he whispered something to her .,ia membisikkan sesuatu padanya .
3489,"Tomorrow, I'm going to study at the library.",Besok aku akan belajar di perpustakaan.,"(S (NP (NN Tomorrow)) (, ,) (NP (PRP I)) (VP (VBP 'm) (VP (VBG going) (S (VP (TO to) (VP (VB study) (PP (IN at) (NP (DT the) (NN library)))))))) (. .))",simple,tomorrow i m going to study at the library .,besok aku akan belajar di perpustakaan .
2519,I have a reservation for six-thirty.,Saya sudah memesan yang pukul enam tiga puluh.,(S (NP (PRP I)) (VP (VBP have) (NP (NP (DT a) (NN reservation)) (PP (IN for) (NP (CD six) (HYPH -) (NN thirty))))) (. .)),simple,i have a reservation for six thirty .,saya sudah memesan yang pukul enam tiga puluh .
3165,That book is available in only one store.,Buku itu tersedia hanya di satu toko.,(S (NP (DT That) (NN book)) (VP (VBZ is) (ADJP (JJ available)) (PP (IN in) (NP (QP (RB only) (CD one)) (NN store)))) (. .)),simple,that book is available in only one store .,buku itu tersedia hanya di satu toko .
2952,There is no point in giving him advice.,Tidak ada gunanya menasihatinya.,(S (NP (EX There)) (VP (VBZ is) (NP (NP (DT no) (NN point)) (PP (IN in) (S (VP (VBG giving) (NP (PRP him)) (NP (NN advice))))))) (. .)),simple,there is no point in giving him advice .,tidak ada gunanya menasihatinya .
3285,Tom is alone in the dining room with Mary.,Tom berada seorang diri di ruang dapur bersama Mary.,(S (NP (NNP Tom)) (VP (VBZ is) (ADVP (RB alone)) (PP (IN in) (NP (DT the) (NN dining) (NN room))) (PP (IN with) (NP (NNP Mary)))) (. .)),simple,tom is alone in the dining room with mary .,tom berada seorang diri di ruang dapur bersama mary .
2004,Can it be phrased in another way?,Bisakan itu diungkapkan dengan cara lain?,(SQ (MD Can) (NP (PRP it)) (VP (VB be) (VP (VBN phrased) (PP (IN in) (NP (DT another) (NN way))))) (. ?)),simple,can it be phrased in another way ?,bisakan itu diungkapkan dengan cara lain ?
1830,Give me something to write with.,Berikan aku sesuatu yang bisa aku tulisi.,(S (VP (VB Give) (NP (PRP me)) (NP (NP (NN something)) (SBAR (S (VP (TO to) (VP (VB write) (PP (IN with)))))))) (. .)),complex,give me something to write with .,berikan aku sesuatu yang bisa aku tulisi .
1650,He goes to London once a month.,Dia pergi ke London sebulan sekali.,(S (NP (PRP He)) (VP (VBZ goes) (PP (IN to) (NP (NNP London))) (NP (ADVP (RB once)) (DT a) (NN month))) (. .)),simple,he goes to london once a month .,dia pergi ke london sebulan sekali .
1662,He was sleeping under the tree.,Dia tidur di bawah pohon.,(S (NP (PRP He)) (VP (VBD was) (VP (VBG sleeping) (PP (IN under) (NP (DT the) (NN tree))))) (. .)),simple,he was sleeping under the tree .,dia tidur di bawah pohon .
1373,It was good working with you.,Saya senang bisa bekerja dengan Anda.,(S (NP (PRP It)) (VP (VBD was) (ADJP (JJ good)) (S (VP (VBG working) (PP (IN with) (NP (PRP you)))))) (. .)),simple,it was good working with you .,saya senang bisa bekerja dengan anda .
3885,Tom posted a lewd photo of himself on social media.,Tom mengepos foto tidak senonohnya di media sosial.,(S (NP (NNP Tom)) (VP (VBD posted) (NP (NP (DT a) (JJ lewd) (NN photo)) (PP (IN of) (NP (PRP himself)))) (PP (IN on) (NP (JJ social) (NNS media)))) (. .)),simple,tom posted a lewd photo of himself on social media .,tom mengepos foto tidak senonohnya di media sosial .
3010,He fell in love with her at first sight.,Dia jatuh cinta padanya pada pandangan pertama.,(S (NP (PRP He)) (VP (VBD fell) (PP (IN in) (NP (NN love))) (PP (IN with) (NP (PRP her))) (PP (IN at) (NP (JJ first) (NN sight)))) (. .)),simple,he fell in love with her at first sight .,dia jatuh cinta padanya pada pandangan pertama .
1602,Tom bought a new car for Mary.,Tom membeli mobil baru untuk Mary.,(S (NP (NNP Tom)) (VP (VBD bought) (NP (DT a) (JJ new) (NN car)) (PP (IN for) (NP (NNP Mary)))) (. .)),simple,tom bought a new car for mary .,tom membeli mobil baru untuk mary .
867,I ate a hot dog for lunch.,Saya makan hot dog untuk makan siang.,(S (NP (PRP I)) (VP (VBD ate) (NP (DT a) (JJ hot) (NN dog)) (PP (IN for) (NP (NN lunch)))) (. .)),simple,i ate a hot dog for lunch .,saya makan hot dog untuk makan siang .
926,The doll lay on the floor.,Boneka itu tergeletak di atas lantai.,(S (NP (DT The) (NN doll)) (VP (VBD lay) (PP (IN on) (NP (DT the) (NN floor)))) (. .)),simple,the doll lay on the floor .,boneka itu tergeletak di atas lantai .
1923,There's nothing under the chair.,Tidak ada apa-apa di bawah kursi.,(S (NP (EX There)) (VP (VBZ 's) (NP (NN nothing)) (PP (IN under) (NP (DT the) (NN chair)))) (. .)),simple,there s nothing under the chair .,tidak ada apa apa di bawah kursi .
997,Fill the bucket with water.,Isi embernya dengan air.,(S (VP (VB Fill) (NP (DT the) (NN bucket)) (PP (IN with) (NP (NN water)))) (. .)),simple,fill the bucket with water .,isi embernya dengan air .
1337,I found this in Tom's closet.,Aku menemukan ini di lemari Tom.,(S (NP (PRP I)) (VP (VBD found) (NP (DT this)) (PP (IN in) (NP (NP (NNP Tom) (POS 's)) (NN closet)))) (. .)),simple,i found this in tom s closet .,aku menemukan ini di lemari tom .
3414,"After we finish eating, let's go for a walk.","Setelah selesai makan, kita jalan-jalan, yuk.","(S (SBAR (IN After) (S (NP (PRP we)) (VP (VBP finish) (S (VP (VBG eating)))))) (, ,) (VP (VB let) (S (NP (PRP 's)) (VP (VB go) (PP (IN for) (NP (DT a) (NN walk)))))) (. .))",complex,after we finish eating let s go for a walk .,setelah selesai makan kita jalan jalan yuk .
1099,Tom stood in front of Mary.,Tom berdiri di depan Mary.,(S (NP (NNP Tom)) (VP (VBD stood) (PP (IN in) (NP (NP (NN front)) (PP (IN of) (NP (NNP Mary)))))) (. .)),simple,tom stood in front of mary .,tom berdiri di depan mary .
1132,Come the day after tomorrow.,Datanglah lusa.,(S (VP (VB Come) (NP (NP (DT the) (NN day)) (PP (IN after) (NP (NN tomorrow))))) (. .)),simple,come the day after tomorrow .,datanglah lusa .
1732,The bank isn't open on Sundays.,Banknya tidak buka pada hari Minggu.,(S (NP (DT The) (NN bank)) (VP (VBZ is) (RB n't) (ADJP (JJ open)) (PP (IN on) (NP (NNPS Sundays)))) (. .)),simple,the bank isn t open on sundays .,banknya tidak buka pada hari minggu .
2347,I bought three kilograms of apples.,Aku membeli tiga kilogram apel.,(S (NP (PRP I)) (VP (VBD bought) (NP (NP (CD three) (NNS kilograms)) (PP (IN of) (NP (NNS apples))))) (. .)),simple,i bought three kilograms of apples .,aku membeli tiga kilogram apel .
210,I'm sad without you.,Aku sedih tanpamu.,(S (NP (PRP I)) (VP (VBP 'm) (ADJP (JJ sad)) (PP (IN without) (NP (PRP you)))) (. .)),simple,i m sad without you .,aku sedih tanpamu .
3185,They dropped an atomic bomb on Hiroshima.,Mereka menjatuhkan bom atom di Hiroshima.,(S (NP (PRP They)) (VP (VBD dropped) (NP (DT an) (JJ atomic) (NN bomb)) (PP (IN on) (NP (NNP Hiroshima)))) (. .)),simple,they dropped an atomic bomb on hiroshima .,mereka menjatuhkan bom atom di hiroshima .
3344,It is getting colder and colder day by day.,Makin hari makin dingin.,(S (NP (PRP It)) (VP (VBZ is) (VP (VBG getting) (ADJP (JJR colder) (CC and) (JJR colder)) (NP (NP (NN day)) (PP (IN by) (NP (NN day)))))) (. .)),simple,it is getting colder and colder day by day .,makin hari makin dingin .
59,Are you like Tom?,Apakah kamu seperti Tom?,(SQ (VBP Are) (NP (PRP you)) (PP (IN like) (NP (NNP Tom))) (. ?)),simple,are you like tom ?,apakah kamu seperti tom ?
1211,Thanks for your quick reply.,Terima kasih telah membalasnya dengan cepat.,(NP (NP (NNS Thanks)) (PP (IN for) (NP (PRP$ your) (JJ quick) (NN reply))) (. .)),simple,thanks for your quick reply .,terima kasih telah membalasnya dengan cepat .
2341,He was very good at playing tennis.,Dia dulu sangat pandai bermain tenis.,(S (NP (PRP He)) (VP (VBD was) (ADJP (RB very) (JJ good) (PP (IN at) (S (VP (VBG playing) (NP (NN tennis))))))) (. .)),simple,he was very good at playing tennis .,dia dulu sangat pandai bermain tenis .
3589,I should probably just toss this in the trash.,Mungkin lebih baik aku buang saja ini ke tempat sampah.,(S (NP (PRP I)) (VP (MD should) (ADVP (RB probably)) (ADVP (RB just)) (VP (VB toss) (NP (DT this)) (PP (IN in) (NP (DT the) (NN trash))))) (. .)),simple,i should probably just toss this in the trash .,mungkin lebih baik aku buang saja ini ke tempat sampah .
4239,I entered the museum through the wrong gate. I should have been more careful.,Aku masuk ke museum melalui gerbang yang salah. Seharusnya aku lebih berhati-hati.,(S (NP (PRP I)) (VP (VBD entered) (NP (DT the) (NN museum)) (PP (IN through) (NP (DT the) (JJ wrong) (NN gate)))) (. .)),simple,i entered the museum through the wrong gate . i should have been more careful .,aku masuk ke museum melalui gerbang yang salah . seharusnya aku lebih berhati hati .
1545,Please explain it to me again.,Tolong jelaskan kembali padaku.,(S (VP (VB Please) (VP (VB explain) (NP (PRP it)) (PP (IN to) (NP (PRP me))) (ADVP (RB again)))) (. .)),simple,please explain it to me again .,tolong jelaskan kembali padaku .
765,Open the car door for me.,Bukakan pintu mobil untukku.,(S (VP (VB Open) (NP (DT the) (NN car) (NN door)) (PP (IN for) (NP (PRP me)))) (. .)),simple,open the car door for me .,bukakan pintu mobil untukku .
2378,"I'm sorry, my mother's not at home.","Maaf, ibuku sedang tidak di rumah.","(S (S (NP (PRP I)) (VP (VBP 'm) (ADJP (JJ sorry)))) (, ,) (S (NP (PRP$ my) (NN mother)) (VP (VBZ 's) (RB not) (PP (IN at) (NP (NN home))))) (. .))",compound,i m sorry my mother s not at home .,maaf ibuku sedang tidak di rumah .
1569,The dove is a symbol of peace.,Merpati adalah simbol perdamaian.,(S (NP (DT The) (NN dove)) (VP (VBZ is) (NP (NP (DT a) (NN symbol)) (PP (IN of) (NP (NN peace))))) (. .)),simple,the dove is a symbol of peace .,merpati adalah simbol perdamaian .
1078,The rain changed into snow.,Hujannya berubah menjadi salju.,(S (NP (DT The) (NN rain)) (VP (VBD changed) (PP (IN into) (NP (NN snow)))) (. .)),simple,the rain changed into snow .,hujannya berubah menjadi salju .
1550,Someone shoved me from behind.,Seseorang mendorong saya dari belakang.,(S (NP (NN Someone)) (VP (VBD shoved) (NP (PRP me)) (PP (IN from) (NP (RB behind)))) (. .)),simple,someone shoved me from behind .,seseorang mendorong saya dari belakang .
2634,You can eat lunch here in this room.,Kamu bisa makan siang di ruangan ini.,(S (NP (PRP You)) (VP (MD can) (VP (VB eat) (NP (NN lunch)) (ADVP (ADVP (RB here)) (PP (IN in) (NP (DT this) (NN room)))))) (. .)),simple,you can eat lunch here in this room .,kamu bisa makan siang di ruangan ini .
2312,You'd better take care of it soon.,Sebaiknya kamu segera mengurusnya.,(S (NP (PRP You)) (VP (MD 'd) (ADVP (RB better)) (VP (VB take) (NP (NP (NN care)) (PP (IN of) (NP (PRP it)))) (ADVP (RB soon)))) (. .)),simple,you d better take care of it soon .,sebaiknya kamu segera mengurusnya .
3402,Tom picked the diamond up and looked at it.,Tom mengambil intan dan mengamatinya.,(S (NP (NNP Tom)) (VP (VP (VBD picked) (NP (DT the) (NN diamond)) (PRT (RP up))) (CC and) (VP (VBD looked) (PP (IN at) (NP (PRP it))))) (. .)),simple,tom picked the diamond up and looked at it .,tom mengambil intan dan mengamatinya .
3100,Why do you know so much about Australia?,Mengapa kamu tahu begitu banyak tentang Australia?,(SBARQ (WHADVP (WRB Why)) (SQ (VBP do) (NP (PRP you)) (VP (VB know) (NP (NP (ADJP (RB so) (JJ much))) (PP (IN about) (NP (NNP Australia)))))) (. ?)),simple,why do you know so much about australia ?,mengapa kamu tahu begitu banyak tentang australia ?
582,I lived there for years.,Aku bertahun-tahun tinggal di sana.,(S (NP (PRP I)) (VP (VBD lived) (ADVP (RB there)) (PP (IN for) (NP (NNS years)))) (. .)),simple,i lived there for years .,aku bertahun tahun tinggal di sana .
2222,Please drop me off at the station.,Tolong turunkan saya di stasiun.,(S (VP (VB Please) (VP (VB drop) (NP (PRP me)) (PRT (RP off)) (PP (IN at) (NP (DT the) (NN station))))) (. .)),simple,please drop me off at the station .,tolong turunkan saya di stasiun .
1665,How long will Tom stay with us?,Berapa lama Tom akan tinggal bersama kami?,(SBARQ (WHADVP (WRB How) (RB long)) (SQ (MD will) (NP (NNP Tom)) (VP (VB stay) (PP (IN with) (NP (PRP us))))) (. ?)),simple,how long will tom stay with us ?,berapa lama tom akan tinggal bersama kami ?
2096,They talked over a cup of coffee.,Mereka mengobrol sambil minum kopi.,(S (NP (PRP They)) (VP (VBD talked) (PP (IN over) (NP (NP (DT a) (NN cup)) (PP (IN of) (NP (NN coffee)))))) (. .)),simple,they talked over a cup of coffee .,mereka mengobrol sambil minum kopi .
940,Tom is from a poor family.,Tom berasal dari keluarga yang miskin.,(S (NP (NNP Tom)) (VP (VBZ is) (PP (IN from) (NP (DT a) (JJ poor) (NN family)))) (. .)),simple,tom is from a poor family .,tom berasal dari keluarga yang miskin .
1080,These gloves belong to Tom.,Sarung tangan ini milik Tom.,(S (NP (DT These) (NNS gloves)) (VP (VBP belong) (PP (IN to) (NP (NNP Tom)))) (. .)),simple,these gloves belong to tom .,sarung tangan ini milik tom .
187,God loves all of us.,Tuhan mencintai kita semua.,(S (NP (NNP God)) (VP (VBZ loves) (NP (NP (DT all)) (PP (IN of) (NP (PRP us))))) (. .)),simple,god loves all of us .,tuhan mencintai kita semua .
941,Tom is here because of me.,Tom berada di sini karena aku.,(S (NP (NNP Tom)) (VP (VBZ is) (ADVP (RB here)) (PP (IN because) (IN of) (NP (PRP me)))) (. .)),simple,tom is here because of me .,tom berada di sini karena aku .
3690,Tom asked my father for permission to marry me.,Tom meminta izin kepada ayah saya untuk menikahi saya.,(S (NP (NNP Tom)) (VP (VBD asked) (NP (PRP$ my) (NN father)) (PP (IN for) (NP (NN permission) (S (VP (TO to) (VP (VB marry) (NP (PRP me)))))))) (. .)),simple,tom asked my father for permission to marry me .,tom meminta izin kepada ayah saya untuk menikahi saya .
3023,I wanted Mary to love me instead of Tom.,Aku ingin Mary mencintaiku dan bukan Tom.,(S (NP (PRP I)) (VP (VBD wanted) (S (NP (NNP Mary)) (VP (TO to) (VP (VB love) (NP (PRP me)) (PP (RB instead) (IN of) (NP (NNP Tom))))))) (. .)),simple,i wanted mary to love me instead of tom .,aku ingin mary mencintaiku dan bukan tom .
1967,War is a crime against humanity.,Perang adalah kejahatan terhadap kemanusiaan.,(S (NP (NN War)) (VP (VBZ is) (NP (NP (DT a) (NN crime)) (PP (IN against) (NP (NN humanity))))) (. .)),simple,war is a crime against humanity .,perang adalah kejahatan terhadap kemanusiaan .
4203,"My name cannot be pronounced by Earthlings, but you may call me Tom.","Nama saya tidak bisa diucapkan oleh penduduk Bumi, tetapi Anda bisa memanggil saya Tom.","(S (S (NP (PRP$ My) (NN name)) (VP (MD can) (RB not) (VP (VB be) (VP (VBN pronounced) (PP (IN by) (NP (NNPS Earthlings))))))) (, ,) (CC but) (S (NP (PRP you)) (VP (MD may) (VP (VB call) (NP (PRP me)) (S (NP (NNP Tom)))))) (. .))",compound,my name cannot be pronounced by earthlings but you may call me tom .,nama saya tidak bisa diucapkan oleh penduduk bumi tetapi anda bisa memanggil saya tom .
3089,Tom was stabbed three times in the neck.,Tom ditikam tiga kali di bagian leher.,(S (NP (NNP Tom)) (VP (VBD was) (VP (VBN stabbed) (NP (CD three) (NNS times)) (PP (IN in) (NP (DT the) (NN neck))))) (. .)),simple,tom was stabbed three times in the neck .,tom ditikam tiga kali di bagian leher .
2989,Tom will leave for Australia next week.,Tom akan pergi ke Australia minggu depan.,(S (NP (NNP Tom)) (VP (MD will) (VP (VB leave) (PP (IN for) (NP (NNP Australia))) (NP (JJ next) (NN week)))) (. .)),simple,tom will leave for australia next week .,tom akan pergi ke australia minggu depan .
3396,Tom has never lived anywhere except Boston.,Tom tidak pernah tinggal di tempat lain selain Boston.,(S (NP (NNP Tom)) (VP (VBZ has) (ADVP (RB never)) (VP (VBN lived) (ADVP (RB anywhere)) (PP (IN except) (NP (NNP Boston))))) (. .)),simple,tom has never lived anywhere except boston .,tom tidak pernah tinggal di tempat lain selain boston .
226,Tom is in the attic.,Tom ada di loteng.,(S (NP (NNP Tom)) (VP (VBZ is) (PP (IN in) (NP (DT the) (NN attic)))) (. .)),simple,tom is in the attic .,tom ada di loteng .
2451,Tom scolded his son for being lazy.,Tom memarahi anak laki-lakinya karena telah malas.,(S (NP (NNP Tom)) (VP (VBD scolded) (NP (PRP$ his) (NN son)) (PP (IN for) (S (VP (VBG being) (ADJP (JJ lazy)))))) (. .)),simple,tom scolded his son for being lazy .,tom memarahi anak laki lakinya karena telah malas .
535,We've run out of sugar.,Kita kehabisan gula.,(S (NP (PRP We)) (VP (VBP 've) (VP (VBN run) (ADVP (IN out) (PP (IN of) (NP (NN sugar)))))) (. .)),simple,we ve run out of sugar .,kita kehabisan gula .
1556,Thank you for the explanation.,Terima kasih atas penjelasannya.,(S (VP (VB Thank) (NP (PRP you)) (PP (IN for) (NP (DT the) (NN explanation)))) (. .)),simple,thank you for the explanation .,terima kasih atas penjelasannya .
3641,Why doesn't anyone want to be friends with me?,Mengapa tidak ada yang mau berteman denganku?,(SBARQ (WHADVP (WRB Why)) (SQ (VBZ does) (RB n't) (NP (NN anyone)) (VP (VB want) (S (VP (TO to) (VP (VB be) (NP (NP (NNS friends)) (PP (IN with) (NP (PRP me))))))))) (. ?)),simple,why doesn t anyone want to be friends with me ?,mengapa tidak ada yang mau berteman denganku ?
1404,The meeting finished at nine.,Rapatnya selesai pada pukul sembilan.,(S (NP (DT The) (NN meeting)) (VP (VBD finished) (PP (IN at) (NP (CD nine)))) (. .)),simple,the meeting finished at nine .,rapatnya selesai pada pukul sembilan .
3475,There might be an issue with the connection.,Mungkin ada masalah dengan koneksinya.,(S (NP (EX There)) (VP (MD might) (VP (VB be) (NP (NP (DT an) (NN issue)) (PP (IN with) (NP (DT the) (NN connection)))))) (. .)),simple,there might be an issue with the connection .,mungkin ada masalah dengan koneksinya .
697,Can I pay by credit card?,Bisakah saya membayar dengan menggunakan kartu kredit?,(SQ (MD Can) (NP (PRP I)) (VP (VB pay) (PP (IN by) (NP (NN credit) (NN card)))) (. ?)),simple,can i pay by credit card ?,bisakah saya membayar dengan menggunakan kartu kredit ?
2340,He was educated by his grandfather.,Dia dididik oleh kakeknya.,(S (NP (PRP He)) (VP (VBD was) (VP (VBN educated) (PP (IN by) (NP (PRP$ his) (NN grandfather))))) (. .)),simple,he was educated by his grandfather .,dia dididik oleh kakeknya .
1721,She has a lot of history books.,Dia punya banyak buku sejarah.,(S (NP (PRP She)) (VP (VBZ has) (NP (NP (DT a) (NN lot)) (PP (IN of) (NP (NN history) (NNS books))))) (. .)),simple,she has a lot of history books .,dia punya banyak buku sejarah .
3065,This river flows into the Pacific Ocean.,Sungai ini mengalir ke Samudra Pasifik.,(S (NP (DT This) (NN river)) (VP (VBZ flows) (PP (IN into) (NP (DT the) (NNP Pacific) (NNP Ocean)))) (. .)),simple,this river flows into the pacific ocean .,sungai ini mengalir ke samudra pasifik .
4154,I still haven't decided whether I should go by car or by train.,Aku masih belum memutuskan harus pergi dengan mobil atau kereta api.,(S (NP (PRP I)) (ADVP (RB still)) (VP (VBP have) (RB n't) (VP (VBN decided) (SBAR (IN whether) (S (NP (PRP I)) (VP (MD should) (VP (VB go) (PP (PP (IN by) (NP (NN car))) (CC or) (PP (IN by) (NP (NN train)))))))))) (. .)),complex,i still haven t decided whether i should go by car or by train .,aku masih belum memutuskan harus pergi dengan mobil atau kereta api .
586,I met my wife in Boston.,Saya bertemu istri saya di Boston.,(S (NP (PRP I)) (VP (VBD met) (NP (PRP$ my) (NN wife)) (PP (IN in) (NP (NNP Boston)))) (. .)),simple,i met my wife in boston .,saya bertemu istri saya di boston .
2259,They eat dinner at twelve o'clock.,Mereka makan malam pukul dua belas.,(S (NP (PRP They)) (VP (VBP eat) (NP (NN dinner)) (PP (IN at) (NP (CD twelve) (NN o'clock)))) (. .)),simple,they eat dinner at twelve o clock .,mereka makan malam pukul dua belas .
1400,The bowl is filled with milk.,Mangkuk itu terisi susu.,(S (NP (DT The) (NN bowl)) (VP (VBZ is) (VP (VBN filled) (PP (IN with) (NP (NN milk))))) (. .)),simple,the bowl is filled with milk .,mangkuk itu terisi susu .
3265,The impact of science on society is great.,Pengaruh ilmu pengetahuan pada masyarakat sangatlah besar.,(S (NP (NP (DT The) (NN impact)) (PP (IN of) (NP (NN science))) (PP (IN on) (NP (NN society)))) (VP (VBZ is) (ADJP (JJ great))) (. .)),simple,the impact of science on society is great .,pengaruh ilmu pengetahuan pada masyarakat sangatlah besar .
2328,Everybody laughed at Tom's mistake.,Semua orang menertawakan kesalahan Tom.,(S (NP (NN Everybody)) (VP (VBD laughed) (PP (IN at) (NP (NP (NNP Tom) (POS 's)) (NN mistake)))) (. .)),simple,everybody laughed at tom s mistake .,semua orang menertawakan kesalahan tom .
1037,"I was born on June 4, 1974.",Aku lahir pada tanggal 4 Juni 1974.,"(S (NP (PRP I)) (VP (VBD was) (VP (VBN born) (PP (IN on) (NP (NNP June) (CD 4) (, ,) (CD 1974))))) (. .))",simple,i was born on june .,aku lahir pada tanggal juni .
208,I'm going to church.,Aku sedang pergi ke gereja.,(S (NP (PRP I)) (VP (VBP 'm) (VP (VBG going) (PP (IN to) (NP (NN church))))) (. .)),simple,i m going to church .,aku sedang pergi ke gereja .
2649,I borrow books from the city library.,Aku meminjam buku dari perpustakaan kota.,(S (NP (PRP I)) (VP (VBP borrow) (NP (NNS books)) (PP (IN from) (NP (DT the) (NN city) (NN library)))) (. .)),simple,i borrow books from the city library .,aku meminjam buku dari perpustakaan kota .
565,His car ran into a tree.,Mobilnya menabrak pohon.,(S (NP (PRP$ His) (NN car)) (VP (VBD ran) (PP (IN into) (NP (DT a) (NN tree)))) (. .)),simple,his car ran into a tree .,mobilnya menabrak pohon .
313,We ran down the hill.,Kami berlari menuruni bukit.,(S (NP (PRP We)) (VP (VBD ran) (PP (IN down) (NP (DT the) (NN hill)))) (. .)),simple,we ran down the hill .,kami berlari menuruni bukit .
601,I'm not afraid of death.,Aku tidak takut mati.,(S (NP (PRP I)) (VP (VBP 'm) (RB not) (ADJP (JJ afraid) (PP (IN of) (NP (NN death))))) (. .)),simple,i m not afraid of death .,aku tidak takut mati .
233,Tom works from home.,Tom bekerja dari rumah.,(S (NP (NNP Tom)) (VP (VBZ works) (PP (IN from) (NP (NN home)))) (. .)),simple,tom works from home .,tom bekerja dari rumah .
1627,Who did you write a letter to?,Ditujukan kepada siapa surat itu?,(SBARQ (WHNP (WP Who)) (SQ (VBD did) (NP (PRP you)) (VP (VB write) (NP (DT a) (NN letter)) (PP (IN to)))) (. ?)),simple,who did you write a letter to ?,ditujukan kepada siapa surat itu ?
931,There's no room for doubt.,Tidak ada ruang untuk ragu.,(S (NP (EX There)) (VP (VBZ 's) (NP (NP (DT no) (NN room)) (PP (IN for) (NP (NN doubt))))) (. .)),simple,there s no room for doubt .,tidak ada ruang untuk ragu .
3647,"A tsunami is coming, so please be on the alert.","Tsunami sedang menerjang, jadi mohon berhati-hati.","(S (S (NP (DT A) (NN tsunami)) (VP (VBZ is) (VP (VBG coming)))) (, ,) (RB so) (S (VB please) (VP (VB be) (PP (IN on) (NP (DT the) (NN alert))))) (. .))",compound,a tsunami is coming so please be on the alert .,tsunami sedang menerjang jadi mohon berhati hati .
3661,Human remains were found during the excavation.,Beberapa peninggalan manusia ditemukan sewaktu penggalian.,(S (NP (JJ Human) (NNS remains)) (VP (VBD were) (VP (VBN found) (PP (IN during) (NP (DT the) (NN excavation))))) (. .)),simple,human remains were found during the excavation .,beberapa peninggalan manusia ditemukan sewaktu penggalian .
3995,Here is our answer to your fax message dated April 1st.,Ini adalah jawaban kami untuk pesan faks Anda pada tanggal 1 April.,(SINV (ADVP (RB Here)) (VP (VBZ is)) (NP (NP (PRP$ our) (NN answer)) (PP (IN to) (NP (NP (PRP$ your) (NN fax) (NN message)) (VP (VBN dated) (NP (NNP April) (NNP 1st)))))) (. .)),simple,here is our answer to your fax message dated april st .,ini adalah jawaban kami untuk pesan faks anda pada tanggal april .
111,Leave me in peace!,Tinggalkan aku sendiri!,(S (VP (VB Leave) (NP (PRP me)) (PP (IN in) (NP (NN peace)))) (. !)),simple,leave me in peace !,tinggalkan aku sendiri !
2658,I have no idea what Tom said to Mary.,Aku tidak tahu apa yang Tom katakan pada Mary.,(S (NP (PRP I)) (VP (VBP have) (NP (NP (DT no) (NN idea)) (SBAR (WHNP (WP what)) (S (NP (NNP Tom)) (VP (VBD said) (PP (IN to) (NP (NNP Mary)))))))) (. .)),complex,i have no idea what tom said to mary .,aku tidak tahu apa yang tom katakan pada mary .
1089,Tom is sleeping in his car.,Tom sedang tidur di dalam mobilnya.,(S (NP (NNP Tom)) (VP (VBZ is) (VP (VBG sleeping) (PP (IN in) (NP (PRP$ his) (NN car))))) (. .)),simple,tom is sleeping in his car .,tom sedang tidur di dalam mobilnya .
4109,"If it hadn't been for the storm, we would have been in time.","Jika bukan karena badai, kami pasti bisa datang tepat waktu.","(S (SBAR (IN If) (S (NP (PRP it)) (VP (VBD had) (RB n't) (VP (VBN been) (PP (IN for) (NP (DT the) (NN storm))))))) (, ,) (NP (PRP we)) (VP (MD would) (VP (VB have) (VP (VBN been) (PP (IN in) (NP (NN time)))))) (. .))",complex,if it hadn t been for the storm we would have been in time .,jika bukan karena badai kami pasti bisa datang tepat waktu .
230,Tom moved to Boston.,Tom pindah ke Boston.,(S (NP (NNP Tom)) (VP (VBD moved) (PP (IN to) (NP (NNP Boston)))) (. .)),simple,tom moved to boston .,tom pindah ke boston .
3718,I felt out of place in the expensive restaurant.,Aku merasa tidak pantas di restoran mahal itu.,(S (NP (PRP I)) (VP (VBD felt) (PP (IN out) (PP (IN of) (NP (NN place)))) (PP (IN in) (NP (DT the) (JJ expensive) (NN restaurant)))) (. .)),simple,i felt out of place in the expensive restaurant .,aku merasa tidak pantas di restoran mahal itu .
1954,Tom received a letter from Mary.,Tom menerima surat dari Mary.,(S (NP (NNP Tom)) (VP (VBD received) (NP (DT a) (NN letter)) (PP (IN from) (NP (NNP Mary)))) (. .)),simple,tom received a letter from mary .,tom menerima surat dari mary .
2016,Exercise is good for your health.,Berolahraga baik untuk kesehatanmu.,(S (NP (NN Exercise)) (VP (VBZ is) (ADJP (JJ good) (PP (IN for) (NP (PRP$ your) (NN health))))) (. .)),simple,exercise is good for your health .,berolahraga baik untuk kesehatanmu .
472,I'm not as tall as Tom.,Aku tidak setinggi Tom.,(S (NP (PRP I)) (VP (VBP 'm) (RB not) (ADJP (ADJP (RB as) (JJ tall)) (PP (IN as) (NP (NNP Tom))))) (. .)),simple,i m not as tall as tom .,aku tidak setinggi tom .
3544,This is the third longest river in the world.,Ini adalah sungai terpanjang ketiga di dunia.,(S (NP (DT This)) (VP (VBZ is) (NP (NP (DT the) (ADJP (JJ third) (JJS longest)) (NN river)) (PP (IN in) (NP (DT the) (NN world))))) (. .)),simple,this is the third longest river in the world .,ini adalah sungai terpanjang ketiga di dunia .
2372,I'll help you if you're in trouble.,Aku akan membantu saat kau dalam masalah.,(S (NP (PRP I)) (VP (MD 'll) (VP (VB help) (NP (PRP you)) (SBAR (IN if) (S (NP (PRP you)) (VP (VBP 're) (PP (IN in) (NP (NN trouble)))))))) (. .)),complex,i ll help you if you re in trouble .,aku akan membantu saat kau dalam masalah .
3778,London is one of the largest cities in the world.,London adalah salah satu kota terbesar di dunia.,(S (NP (NNP London)) (VP (VBZ is) (NP (NP (CD one)) (PP (IN of) (NP (NP (DT the) (JJS largest) (NNS cities)) (PP (IN in) (NP (DT the) (NN world))))))) (. .)),simple,london is one of the largest cities in the world .,london adalah salah satu kota terbesar di dunia .
3262,Somebody is standing in front of his room.,Seseorang berdiri di depan kamarnya.,(S (NP (NN Somebody)) (VP (VBZ is) (VP (VBG standing) (PP (IN in) (NP (NP (NN front)) (PP (IN of) (NP (PRP$ his) (NN room))))))) (. .)),simple,somebody is standing in front of his room .,seseorang berdiri di depan kamarnya .
3738,The other day I met an old friend on the street.,Tidak lama ini aku bertemu teman lamaku di jalan.,(S (NP (DT The) (JJ other) (NN day)) (NP (PRP I)) (VP (VBD met) (NP (DT an) (JJ old) (NN friend)) (PP (IN on) (NP (DT the) (NN street)))) (. .)),simple,the other day i met an old friend on the street .,tidak lama ini aku bertemu teman lamaku di jalan .
1746,There was no one there but Tom.,Di sana tidak ada orang selain Tom.,(S (NP (EX There)) (VP (VBD was) (NP (NP (DT no) (NN one)) (ADVP (RB there))) (PP (IN but) (NP (NNP Tom)))) (. .)),simple,there was no one there but tom .,di sana tidak ada orang selain tom .
3977,I'm not likely to be able to talk Tom into doing that.,Aku sepertinya tidak bisa membujuk Tom melakukan itu.,(S (NP (PRP I)) (VP (VBP 'm) (RB not) (ADJP (JJ likely) (S (VP (TO to) (VP (VB be) (ADJP (JJ able) (S (VP (TO to) (VP (VB talk) (NP (NNP Tom)) (PP (IN into) (S (VP (VBG doing) (NP (DT that)))))))))))))) (. .)),simple,i m not likely to be able to talk tom into doing that .,aku sepertinya tidak bisa membujuk tom melakukan itu .
1714,Nobody knows except Tom and me.,Tidak ada yang tahu kecuali Tom dan aku.,(S (NP (NN Nobody)) (VP (VBZ knows) (PP (IN except) (NP (NNP Tom) (CC and) (PRP me)))) (. .)),simple,nobody knows except tom and me .,tidak ada yang tahu kecuali tom dan aku .
3986,Tom noticed Mary's car parked in front of the library.,Tom menyadari mobil Mary yang diparkir di depan perpustakaan.,(S (NP (NNP Tom)) (VP (VBD noticed) (NP (NP (NP (NNP Mary) (POS 's)) (NN car)) (VP (VBN parked) (PP (IN in) (NP (NP (NN front)) (PP (IN of) (NP (DT the) (NN library)))))))) (. .)),simple,tom noticed mary s car parked in front of the library .,tom menyadari mobil mary yang diparkir di depan perpustakaan .
3686,There shouldn't be any commas in this sentence.,Semestinya tidak ada koma pada kalimat ini.,(S (NP (EX There)) (VP (MD should) (RB n't) (VP (VB be) (NP (DT any) (NNS commas)) (PP (IN in) (NP (DT this) (NN sentence))))) (. .)),simple,there shouldn t be any commas in this sentence .,semestinya tidak ada koma pada kalimat ini .
361,I saw Tom in the hall.,Aku melihat Tom di aula.,(S (NP (PRP I)) (VP (VBD saw) (NP (NNP Tom)) (PP (IN in) (NP (DT the) (NN hall)))) (. .)),simple,i saw tom in the hall .,aku melihat tom di aula .
135,Are you sure of it?,Apa kau yakin dengan hal itu?,(SQ (VBP Are) (NP (PRP you)) (ADJP (JJ sure) (PP (IN of) (NP (PRP it)))) (. ?)),simple,are you sure of it ?,apa kau yakin dengan hal itu ?
1134,Do you believe in astrology?,Apakah kamu percaya astrologi?,(SQ (VBP Do) (NP (PRP you)) (VP (VB believe) (PP (IN in) (NP (NN astrology)))) (. ?)),simple,do you believe in astrology ?,apakah kamu percaya astrologi ?
2295,We have a little surprise for you.,Kami punya kejutan kecil untuk kalian.,(S (NP (PRP We)) (VP (VBP have) (NP (DT a) (JJ little) (NN surprise)) (PP (IN for) (NP (PRP you)))) (. .)),simple,we have a little surprise for you .,kami punya kejutan kecil untuk kalian .
1151,I drink coffee after dinner.,Saya minum kopi setelah makan malam.,(S (NP (PRP I)) (VP (VBP drink) (NP (NN coffee)) (PP (IN after) (NP (NN dinner)))) (. .)),simple,i drink coffee after dinner .,saya minum kopi setelah makan malam .
3391,Tom burned his fingers on a hot frying pan.,Jari Tom terbakar setelah tidak sengaja menyentuh wajan penggorengan yang panas.,(S (NP (NNP Tom)) (VP (VBD burned) (NP (PRP$ his) (NNS fingers)) (PP (IN on) (NP (DT a) (JJ hot) (NN frying) (NN pan)))) (. .)),simple,tom burned his fingers on a hot frying pan .,jari tom terbakar setelah tidak sengaja menyentuh wajan penggorengan yang panas .
2268,Tom borrowed some money from Mary.,Tom meminjam sedikit uang dari Mary.,(S (NP (NNP Tom)) (VP (VBD borrowed) (NP (DT some) (NN money)) (PP (IN from) (NP (NNP Mary)))) (. .)),simple,tom borrowed some money from mary .,tom meminjam sedikit uang dari mary .
2789,I saw three palm trees near the beach.,Saya melihat tiga pohon palem di dekat pantai.,(S (NP (PRP I)) (VP (VBD saw) (NP (CD three) (NN palm) (NNS trees)) (PP (IN near) (NP (DT the) (NN beach)))) (. .)),simple,i saw three palm trees near the beach .,saya melihat tiga pohon palem di dekat pantai .
1053,It's only a matter of time.,Ini hanya masalah waktu.,(S (NP (PRP It)) (VP (VBZ 's) (NP (NP (RB only) (DT a) (NN matter)) (PP (IN of) (NP (NN time))))) (. .)),simple,it s only a matter of time .,ini hanya masalah waktu .
3758,"After you have read it, give the book back to me.","Setelah kamu baca, kembalikan buku itu kepadaku.","(S (SBAR (IN After) (S (NP (PRP you)) (VP (VBP have) (VP (VBN read) (NP (PRP it)))))) (, ,) (VP (VB give) (NP (DT the) (NN book)) (ADVP (RB back)) (PP (IN to) (NP (PRP me)))) (. .))",complex,after you have read it give the book back to me .,setelah kamu baca kembalikan buku itu kepadaku .
22,Show it to me.,Perlihatkan padaku.,(S (VP (VB Show) (NP (PRP it)) (PP (IN to) (NP (PRP me)))) (. .)),simple,show it to me .,perlihatkan padaku .
2196,I like oranges better than apples.,Aku lebih suka jeruk daripada apel.,(S (NP (PRP I)) (VP (VBP like) (NP (NNS oranges)) (ADVP (ADVP (RBR better)) (PP (IN than) (NP (NNS apples))))) (. .)),simple,i like oranges better than apples .,aku lebih suka jeruk daripada apel .
2284,Tom once owned this piece of land.,Tom pernah memiliki sekompleks tanah ini.,(S (NP (NNP Tom)) (ADVP (RB once)) (VP (VBD owned) (NP (NP (DT this) (NN piece)) (PP (IN of) (NP (NN land))))) (. .)),simple,tom once owned this piece of land .,tom pernah memiliki sekompleks tanah ini .
3196,Tom bought the cheapest one in the store.,Tom membeli yang termurah dari toko itu.,(S (NP (NNP Tom)) (VP (VBD bought) (NP (NP (DT the) (JJS cheapest) (CD one)) (PP (IN in) (NP (DT the) (NN store))))) (. .)),simple,tom bought the cheapest one in the store .,tom membeli yang termurah dari toko itu .
695,Are you on the committee?,Apakah Anda anggota dari komite?,(SQ (VBP Are) (NP (PRP you)) (PP (IN on) (NP (DT the) (NN committee))) (. ?)),simple,are you on the committee ?,apakah anda anggota dari komite ?
3290,Tom retired from the army three years ago.,Tom pensiun dari dinas tentara tiga tahun yang lalu.,(S (NP (NNP Tom)) (VP (VBD retired) (PP (IN from) (NP (DT the) (NN army))) (ADVP (NP (CD three) (NNS years)) (RB ago))) (. .)),simple,tom retired from the army three years ago .,tom pensiun dari dinas tentara tiga tahun yang lalu .
420,We usually eat at six.,Kita biasanya makan jam enam.,(S (NP (PRP We)) (ADVP (RB usually)) (VP (VBP eat) (PP (IN at) (NP (CD six)))) (. .)),simple,we usually eat at six .,kita biasanya makan jam enam .
2924,I'll arrive in Boston tomorrow evening.,Aku akan sampai di Boston besok sore.,(S (NP (PRP I)) (VP (MD 'll) (VP (VB arrive) (PP (IN in) (NP (NNP Boston))) (NP (NN tomorrow) (NN evening)))) (. .)),simple,i ll arrive in boston tomorrow evening .,aku akan sampai di boston besok sore .
460,I want to win for once.,Saya ingin menang barang sekali.,(S (NP (PRP I)) (VP (VBP want) (S (VP (TO to) (VP (VB win) (PP (IN for) (ADVP (RB once))))))) (. .)),simple,i want to win for once .,saya ingin menang barang sekali .
1067,She spoke to me in Spanish.,Dia berbicara kepadaku dalam bahasa Spanyol.,(S (NP (PRP She)) (VP (VBD spoke) (PP (IN to) (NP (PRP me))) (PP (IN in) (NP (NNP Spanish)))) (. .)),simple,she spoke to me in spanish .,dia berbicara kepadaku dalam bahasa spanyol .
87,Can I talk to Tom?,Boleh aku bicara sama Tom?,(SQ (MD Can) (NP (PRP I)) (VP (VB talk) (PP (IN to) (NP (NNP Tom)))) (. ?)),simple,can i talk to tom ?,boleh aku bicara sama tom ?
2274,Tom has arrived in Boston already.,Tom sudah sampai di Boston.,(S (NP (NNP Tom)) (VP (VBZ has) (VP (VBN arrived) (PP (IN in) (NP (NNP Boston))) (ADVP (RB already)))) (. .)),simple,tom has arrived in boston already .,tom sudah sampai di boston .
2998,Are you interested in foreign languages?,Apakah kalian tertarik dengan bahasa asing?,(SQ (VBP Are) (NP (PRP you)) (ADJP (VBN interested) (PP (IN in) (NP (JJ foreign) (NNS languages)))) (. ?)),simple,are you interested in foreign languages ?,apakah kalian tertarik dengan bahasa asing ?
4279,Tom told Mary that he wouldn't be able to finish the job in the amount of time she'd given him.,Tom bilang pada Mary kalau dia tidak bisa menyelesaikan pekerjaaan itu dalam waktu yang ia berikan.,(S (NP (NNP Tom)) (VP (VBD told) (NP (NNP Mary)) (SBAR (IN that) (S (NP (PRP he)) (VP (MD would) (RB n't) (VP (VB be) (ADJP (JJ able) (S (VP (TO to) (VP (VB finish) (NP (DT the) (NN job)) (PP (IN in) (NP (NP (NP (DT the) (NN amount)) (PP (IN of) (NP (NN time)))) (SBAR (S (NP (PRP she)) (VP (VBD 'd) (VP (VBN given) (NP (PRP him))))))))))))))))) (. .)),complex,tom told mary that he wouldn t be able to finish the job in the amount of time she d given him .,tom bilang pada mary kalau dia tidak bisa menyelesaikan pekerjaaan itu dalam waktu yang ia berikan .
282,Ice melts in the sun.,Es mencair di bawah sinar matahari.,(S (NP (NN Ice)) (VP (VBZ melts) (PP (IN in) (NP (DT the) (NN sun)))) (. .)),simple,ice melts in the sun .,es mencair di bawah sinar matahari .
1723,She went to Europe via America.,Dia pergi ke Eropa melalui Amerika.,(S (NP (PRP She)) (VP (VBD went) (PP (IN to) (NP (NNP Europe))) (PP (IN via) (NP (NNP America)))) (. .)),simple,she went to europe via america .,dia pergi ke eropa melalui amerika .
2425,This kind of mushroom is poisonous.,Jenis jamur ini beracun.,(S (NP (NP (DT This) (NN kind)) (PP (IN of) (NP (NN mushroom)))) (VP (VBZ is) (ADJP (JJ poisonous))) (. .)),simple,this kind of mushroom is poisonous .,jenis jamur ini beracun .
1815,Construction started in October.,Pembangunannya dimulai pada bulan Oktober.,(S (NP (NN Construction)) (VP (VBD started) (PP (IN in) (NP (NNP October)))) (. .)),simple,construction started in october .,pembangunannya dimulai pada bulan oktober .
540,You must go to bed now.,Kau harus pergi tidur sekarang.,(S (NP (PRP You)) (VP (MD must) (VP (VB go) (PP (IN to) (NP (NN bed))) (ADVP (RB now)))) (. .)),simple,you must go to bed now .,kau harus pergi tidur sekarang .
3537,The doctor advised both of us to lose weight.,Dokter menyarankan kami berdua untuk menurunkan berat badan.,(S (NP (DT The) (NN doctor)) (VP (VBD advised) (NP (NP (DT both)) (PP (IN of) (NP (PRP us)))) (S (VP (TO to) (VP (VB lose) (NP (NN weight)))))) (. .)),simple,the doctor advised both of us to lose weight .,dokter menyarankan kami berdua untuk menurunkan berat badan .
1948,Tom is very different from Mary.,Tom sangat berbeda dengan Mary.,(S (NP (NNP Tom)) (VP (VBZ is) (ADJP (RB very) (JJ different) (PP (IN from) (NP (NNP Mary))))) (. .)),simple,tom is very different from mary .,tom sangat berbeda dengan mary .
859,He's like a brother to me.,Dia seperti saudara bagiku.,(S (NP (PRP He)) (VP (VBZ 's) (PP (IN like) (NP (DT a) (NN brother))) (PP (IN to) (NP (PRP me)))) (. .)),simple,he s like a brother to me .,dia seperti saudara bagiku .
533,We waste a lot of time.,Kita banyak membuang waktu.,(S (NP (PRP We)) (VP (VBP waste) (NP (NP (DT a) (NN lot)) (PP (IN of) (NP (NN time))))) (. .)),simple,we waste a lot of time .,kita banyak membuang waktu .
1368,I've read all of those books.,Aku sudah membaca semua buku itu.,(S (NP (PRP I)) (VP (VBP 've) (VP (VBN read) (NP (NP (DT all)) (PP (IN of) (NP (DT those) (NNS books)))))) (. .)),simple,i ve read all of those books .,aku sudah membaca semua buku itu .
3677,The government imposed a new tax on cigarettes.,Pemerintah memberlakukan pajak baru pada rokok.,(S (NP (DT The) (NN government)) (VP (VBD imposed) (NP (DT a) (JJ new) (NN tax)) (PP (IN on) (NP (NNS cigarettes)))) (. .)),simple,the government imposed a new tax on cigarettes .,pemerintah memberlakukan pajak baru pada rokok .
2542,It is no use crying over spilt milk.,Nasi sudah menjadi bubur.,(S (NP (PRP It)) (VP (VBZ is) (NP (DT no) (NN use)) (S (VP (VBG crying) (PP (IN over) (NP (JJ spilt) (NN milk)))))) (. .)),simple,it is no use crying over spilt milk .,nasi sudah menjadi bubur .
1833,Have you ever been to Australia?,Pernahkah kamu ke Australia?,(SQ (VBP Have) (NP (PRP you)) (ADVP (RB ever)) (VP (VBN been) (PP (IN to) (NP (NNP Australia)))) (. ?)),simple,have you ever been to australia ?,pernahkah kamu ke australia ?
3527,I'm older than any other student in my class.,Aku lebih tua dari murid-murid lain di kelasku.,(S (NP (PRP I)) (VP (VBP 'm) (ADJP (ADJP (JJR older)) (PP (IN than) (NP (NP (DT any) (JJ other) (NN student)) (PP (IN in) (NP (PRP$ my) (NN class))))))) (. .)),simple,i m older than any other student in my class .,aku lebih tua dari murid murid lain di kelasku .
4032,I used to go to the beach every summer when I was a kid.,Saya sering pergi ke pantai setiap musim panas ketika aku masih anak-anak,(S (NP (PRP I)) (VP (VBD used) (S (VP (TO to) (VP (VB go) (PP (IN to) (NP (DT the) (NN beach))) (NP (DT every) (NN summer)) (SBAR (WHADVP (WRB when)) (S (NP (PRP I)) (VP (VBD was) (NP (DT a) (NN kid))))))))) (. .)),complex,i used to go to the beach every summer when i was a kid .,saya sering pergi ke pantai setiap musim panas ketika aku masih anak anak
3173,The children don't want to play with Tom.,Anak-anak itu tidak ingin bermain dengan Tom.,(S (NP (DT The) (NNS children)) (VP (VBP do) (RB n't) (VP (VB want) (S (VP (TO to) (VP (VB play) (PP (IN with) (NP (NNP Tom)))))))) (. .)),simple,the children don t want to play with tom .,anak anak itu tidak ingin bermain dengan tom .
3485,Tom promised not to go out after dark alone.,Tom berjanji untuk tidak pergi keluar tengah malam sendirian.,(S (NP (NNP Tom)) (VP (VBD promised) (S (RB not) (VP (TO to) (VP (VB go) (ADVP (RB out)) (PP (IN after) (NP (JJ dark))) (ADVP (RB alone)))))) (. .)),simple,tom promised not to go out after dark alone .,tom berjanji untuk tidak pergi keluar tengah malam sendirian .
4265,Tom only found out after his mother's death that she had gambled away his inheritance.,"Setelah ibunya meninggal, Tom baru menyadari bahwa ibunya telah menghabiskan seluruh harta warisannya untuk berjudi.",(S (NP (NNP Tom)) (ADVP (RB only)) (VP (VBD found) (PRT (RP out)) (PP (IN after) (NP (NP (PRP$ his) (NN mother) (POS 's)) (NN death))) (SBAR (IN that) (S (NP (PRP she)) (VP (VBD had) (VP (VBN gambled) (PRT (RP away)) (NP (PRP$ his) (NN inheritance))))))) (. .)),complex,tom only found out after his mother s death that she had gambled away his inheritance .,setelah ibunya meninggal tom baru menyadari bahwa ibunya telah menghabiskan seluruh harta warisannya untuk berjudi .
2042,I know how much you meant to Tom.,Aku tahu seberapa berartinya dirimu bagi Tom.,(S (NP (PRP I)) (VP (VBP know) (SBAR (WHNP (WRB how) (JJ much)) (S (NP (PRP you)) (VP (VBD meant) (PP (IN to) (NP (NNP Tom))))))) (. .)),complex,i know how much you meant to tom .,aku tahu seberapa berartinya dirimu bagi tom .
2979,Tom said he did that at home yesterday.,Tom berkata bahwa kemarin dia melakukan itu di rumah.,(S (NP (NNP Tom)) (VP (VBD said) (SBAR (S (NP (PRP he)) (VP (VBD did) (NP (DT that)) (PP (IN at) (NP (NN home))) (NP (NN yesterday)))))) (. .)),complex,tom said he did that at home yesterday .,tom berkata bahwa kemarin dia melakukan itu di rumah .
4012,We have to transmit our culture to the next generation.,Kita harus mewariskan budaya kita pada generasi berikutnya.,(S (NP (PRP We)) (VP (VBP have) (S (VP (TO to) (VP (VB transmit) (NP (PRP$ our) (NN culture)) (PP (IN to) (NP (DT the) (JJ next) (NN generation))))))) (. .)),simple,we have to transmit our culture to the next generation .,kita harus mewariskan budaya kita pada generasi berikutnya .
1822,Don't judge a book by its cover.,Jangan menilai buku dari sampulnya.,(S (VP (VBP Do) (RB n't) (VP (VB judge) (NP (DT a) (NN book)) (PP (IN by) (NP (PRP$ its) (NN cover))))) (. .)),simple,don t judge a book by its cover .,jangan menilai buku dari sampulnya .
4244,Closer examination revealed that the skull had been crushed by some heavy blow.,Pemeriksaan lebih lanjut memperlihatkan bahwa tempurung kepalanya hancur akibat pukulan keras.,(S (NP (JJR Closer) (NN examination)) (VP (VBD revealed) (SBAR (IN that) (S (NP (DT the) (NN skull)) (VP (VBD had) (VP (VBN been) (VP (VBN crushed) (PP (IN by) (NP (DT some) (JJ heavy) (NN blow))))))))) (. .)),complex,closer examination revealed that the skull had been crushed by some heavy blow .,pemeriksaan lebih lanjut memperlihatkan bahwa tempurung kepalanya hancur akibat pukulan keras .
1420,Tom got rid of his old books.,Tom menyingkirkan buku-buku lamanya.,(S (NP (NNP Tom)) (VP (VBD got) (VP (VBN rid) (PP (IN of) (NP (PRP$ his) (JJ old) (NNS books))))) (. .)),simple,tom got rid of his old books .,tom menyingkirkan buku buku lamanya .
2473,Will you be at the concert tonight?,Kamu akan ada di konser malam ini ?,(SQ (MD Will) (NP (PRP you)) (VP (VB be) (PP (IN at) (NP (DT the) (NN concert))) (NP (NN tonight))) (. ?)),simple,will you be at the concert tonight ?,kamu akan ada di konser malam ini ?
1553,Tell me what you're afraid of.,Katakan padaku apa yang kamu takutkan.,(S (VP (VB Tell) (NP (PRP me)) (SBAR (WHNP (WP what)) (S (NP (PRP you)) (VP (VBP 're) (ADJP (JJ afraid) (PP (IN of))))))) (. .)),complex,tell me what you re afraid of .,katakan padaku apa yang kamu takutkan .
942,Tom is not in his bedroom.,Tom tidak sedang berada di kamarnya.,(S (NP (NNP Tom)) (VP (VBZ is) (RB not) (PP (IN in) (NP (PRP$ his) (NN bedroom)))) (. .)),simple,tom is not in his bedroom .,tom tidak sedang berada di kamarnya .
2547,Keep an eye on the baby for a while.,Jaga bayinya sebentar.,(S (VP (VB Keep) (NP (DT an) (NN eye)) (PP (IN on) (NP (DT the) (NN baby))) (PP (IN for) (NP (DT a) (NN while)))) (. .)),simple,keep an eye on the baby for a while .,jaga bayinya sebentar .
779,This is for internal use.,Ini untuk penggunaan dalam.,(S (NP (DT This)) (VP (VBZ is) (PP (IN for) (NP (JJ internal) (NN use)))) (. .)),simple,this is for internal use .,ini untuk penggunaan dalam .
2318,Algebra is a branch of mathematics.,Aljabar adalah salah satu cabang matematika.,(S (NP (NNP Algebra)) (VP (VBZ is) (NP (NP (DT a) (NN branch)) (PP (IN of) (NP (NNS mathematics))))) (. .)),simple,algebra is a branch of mathematics .,aljabar adalah salah satu cabang matematika .
3712,He did not have much time to work on his speech.,Dia tidak mempunyai banyak waktu menyiapkan pidatonya.,(S (NP (PRP He)) (VP (VBD did) (RB not) (VP (VB have) (NP (NP (JJ much) (NN time)) (SBAR (S (VP (TO to) (VP (VB work) (PP (IN on) (NP (PRP$ his) (NN speech)))))))))) (. .)),complex,he did not have much time to work on his speech .,dia tidak mempunyai banyak waktu menyiapkan pidatonya .
2867,Where did Tom get all that money from?,Tom mendapatkan uang itu semua dari mana?,(SBARQ (WHADVP (WRB Where)) (SQ (VBD did) (NP (NNP Tom)) (VP (VB get) (NP (PDT all) (DT that) (NN money)) (PP (IN from)))) (. ?)),simple,where did tom get all that money from ?,tom mendapatkan uang itu semua dari mana ?
2436,Tom hid himself behind the curtain.,Tom bersembunyi di balik tirai.,(S (NP (NNP Tom)) (VP (VBD hid) (NP (PRP himself)) (PP (IN behind) (NP (DT the) (NN curtain)))) (. .)),simple,tom hid himself behind the curtain .,tom bersembunyi di balik tirai .
121,Tom did it for us.,Tom melakukannya untuk kami.,(S (NP (NNP Tom)) (VP (VBD did) (NP (PRP it)) (PP (IN for) (NP (PRP us)))) (. .)),simple,tom did it for us .,tom melakukannya untuk kami .
887,I'm afraid of earthquakes.,Aku takut dengan gempa bumi.,(S (NP (PRP I)) (VP (VBP 'm) (ADJP (JJ afraid) (PP (IN of) (NP (NNS earthquakes))))) (. .)),simple,i m afraid of earthquakes .,aku takut dengan gempa bumi .
3212,We must pay attention to traffic signals.,Kamu harus memperhatikan rambu-rambu lalu lintas.,(S (NP (PRP We)) (VP (MD must) (VP (VB pay) (NP (NN attention)) (PP (IN to) (NP (NN traffic) (NNS signals))))) (. .)),simple,we must pay attention to traffic signals .,kamu harus memperhatikan rambu rambu lalu lintas .
685,You don't look like Tom.,Kamu tidak terlihat seperti Tom.,(S (NP (PRP You)) (VP (VBP do) (RB n't) (VP (VB look) (PP (IN like) (NP (NNP Tom))))) (. .)),simple,you don t look like tom .,kamu tidak terlihat seperti tom .
2963,This plant doesn't need a lot of light.,Tumbuhan ini tidak memerlukan banyak cahaya.,(S (NP (DT This) (NN plant)) (VP (VBZ does) (RB n't) (VP (VB need) (NP (NP (DT a) (NN lot)) (PP (IN of) (NP (NN light)))))) (. .)),simple,this plant doesn t need a lot of light .,tumbuhan ini tidak memerlukan banyak cahaya .
2854,Tom sat down on the sand next to Mary.,Tom duduk di atas pasir di sebelah Mary.,(S (NP (NNP Tom)) (VP (VBD sat) (PRT (RP down)) (PP (IN on) (NP (NP (DT the) (NN sand)) (ADVP (JJ next) (PP (IN to) (NP (NNP Mary))))))) (. .)),simple,tom sat down on the sand next to mary .,tom duduk di atas pasir di sebelah mary .
2059,I've just arrived at the station.,Aku baru saja sampai di stasiun.,(S (NP (PRP I)) (VP (VBP 've) (ADVP (RB just)) (VP (VBN arrived) (PP (IN at) (NP (DT the) (NN station))))) (. .)),simple,i ve just arrived at the station .,aku baru saja sampai di stasiun .
413,Tom spoke up for Mary.,Tom berbicara untuk Mary.,(S (NP (NNP Tom)) (VP (VBD spoke) (PRT (RP up)) (PP (IN for) (NP (NNP Mary)))) (. .)),simple,tom spoke up for mary .,tom berbicara untuk mary .
789,Tom is one of my friends.,Tom adalah salah satu dari temanku.,(S (NP (NNP Tom)) (VP (VBZ is) (NP (NP (CD one)) (PP (IN of) (NP (PRP$ my) (NNS friends))))) (. .)),simple,tom is one of my friends .,tom adalah salah satu dari temanku .
3761,He probably got tired of waiting and fell asleep.,Dia mungkin lelah menunggu dan tertidur.,(S (NP (PRP He)) (ADVP (RB probably)) (VP (VP (VBD got) (ADJP (JJ tired) (PP (IN of) (S (VP (VBG waiting)))))) (CC and) (VP (VBD fell) (ADJP (JJ asleep)))) (. .)),simple,he probably got tired of waiting and fell asleep .,dia mungkin lelah menunggu dan tertidur .
2474,Write down your date of birth here.,Tulis tanggal lahir Anda di sini.,(S (VP (VB Write) (PRT (RP down)) (NP (NP (PRP$ your) (NN date)) (PP (IN of) (NP (NN birth)))) (ADVP (RB here))) (. .)),simple,write down your date of birth here .,tulis tanggal lahir anda di sini .
1902,She plays tennis in the morning.,Dia bermain tenis pada pagi hari.,(S (NP (PRP She)) (VP (VBZ plays) (NP (NN tennis)) (PP (IN in) (NP (DT the) (NN morning)))) (. .)),simple,she plays tennis in the morning .,dia bermain tenis pada pagi hari .
3307,Are you sure you don't want to sleep on it?,Apa kamu yakin tidak mau tidur di atasnya?,(SQ (VBP Are) (NP (PRP you)) (ADJP (JJ sure) (SBAR (S (NP (PRP you)) (VP (VBP do) (RB n't) (VP (VB want) (S (VP (TO to) (VP (VB sleep) (PP (IN on) (NP (PRP it))))))))))) (. ?)),complex,are you sure you don t want to sleep on it ?,apa kamu yakin tidak mau tidur di atasnya ?
3750,Tom mistakenly got on the bus headed for Boston.,Tom tidak sengaja menaiki bus jurusan Boston.,(S (NP (NNP Tom)) (ADVP (RB mistakenly)) (VP (VBD got) (PP (IN on) (NP (NP (DT the) (NN bus)) (VP (VBN headed) (PP (IN for) (NP (NNP Boston))))))) (. .)),simple,tom mistakenly got on the bus headed for boston .,tom tidak sengaja menaiki bus jurusan boston .
3411,A bird in the hand is worth two in the bush.,"Kura-kura di kaki ditinggalkan, penyu di pantai dikejar.",(S (NP (NP (DT A) (NN bird)) (PP (IN in) (NP (DT the) (NN hand)))) (VP (VBZ is) (ADJP (JJ worth) (NP (CD two))) (PP (IN in) (NP (DT the) (NN bush)))) (. .)),simple,a bird in the hand is worth two in the bush .,kura kura di kaki ditinggalkan penyu di pantai dikejar .
1425,Tom is still in the hospital.,Tom masih berada di rumah sakit.,(S (NP (NNP Tom)) (VP (VBZ is) (ADVP (RB still)) (PP (IN in) (NP (DT the) (NN hospital)))) (. .)),simple,tom is still in the hospital .,tom masih berada di rumah sakit .
3552,Tom is one of the tallest guys I've ever met.,Tom adalah salah satu pria tertinggi yang pernah saya temui.,(S (NP (NNP Tom)) (VP (VBZ is) (NP (NP (CD one)) (PP (IN of) (NP (NP (DT the) (JJS tallest) (NNS guys)) (SBAR (S (NP (PRP I)) (VP (VBP 've) (ADVP (RB ever)) (VP (VBN met))))))))) (. .)),complex,tom is one of the tallest guys i ve ever met .,tom adalah salah satu pria tertinggi yang pernah saya temui .
272,I owe my life to Tom.,Aku berhutang nyawa kepada Tom.,(S (NP (PRP I)) (VP (VBP owe) (NP (PRP$ my) (NN life)) (PP (IN to) (NP (NNP Tom)))) (. .)),simple,i owe my life to tom .,aku berhutang nyawa kepada tom .
782,This suit is tight on me.,Pakaian ini terasa ketat di badan saya.,(S (NP (DT This) (NN suit)) (VP (VBZ is) (ADJP (ADJP (JJ tight)) (PP (IN on) (NP (PRP me))))) (. .)),simple,this suit is tight on me .,pakaian ini terasa ketat di badan saya .
521,Tom looks just like me.,Tom tampak seperti diriku.,(S (NP (NNP Tom)) (VP (VBZ looks) (PP (ADVP (RB just)) (IN like) (NP (PRP me)))) (. .)),simple,tom looks just like me .,tom tampak seperti diriku .
522,Tom sleeps on his back.,Tom tertidur di punggungnya.,(S (NP (NNP Tom)) (VP (VBZ sleeps) (PP (IN on) (NP (PRP$ his) (NN back)))) (. .)),simple,tom sleeps on his back .,tom tertidur di punggungnya .
2101,Tom doesn't believe in evolution.,Tom tidak percaya evolusi.,(S (NP (NNP Tom)) (VP (VBZ does) (RB n't) (VP (VB believe) (PP (IN in) (NP (NN evolution))))) (. .)),simple,tom doesn t believe in evolution .,tom tidak percaya evolusi .
3975,I was searched by the customs officers at the airport.,Saya diperiksa badan oleh petugas Bea dan Cukai di bandar udara.,(S (NP (PRP I)) (VP (VBD was) (VP (VBN searched) (PP (IN by) (NP (NP (DT the) (NNS customs) (NNS officers)) (PP (IN at) (NP (DT the) (NN airport))))))) (. .)),simple,i was searched by the customs officers at the airport .,saya diperiksa badan oleh petugas bea dan cukai di bandar udara .
1672,I don't know much about Boston.,Saya tidak banyak tahu tentang Boston.,(S (NP (PRP I)) (VP (VBP do) (RB n't) (VP (VB know) (NP (NP (JJ much)) (PP (IN about) (NP (NNP Boston)))))) (. .)),simple,i don t know much about boston .,saya tidak banyak tahu tentang boston .
4040,The two politicians met face to face for the first time.,Kedua politikus itu bertatap muka untuk pertama kalinya.,(S (NP (DT The) (CD two) (NNS politicians)) (VP (VBD met) (NP (NP (NN face)) (PP (IN to) (NP (NN face)))) (PP (IN for) (NP (DT the) (JJ first) (NN time)))) (. .)),simple,the two politicians met face to face for the first time .,kedua politikus itu bertatap muka untuk pertama kalinya .
350,I don't care for eggs.,Aku tidak suka telur.,(S (NP (PRP I)) (VP (VBP do) (RB n't) (VP (VB care) (PP (IN for) (NP (NNS eggs))))) (. .)),simple,i don t care for eggs .,aku tidak suka telur .
2066,Most of the war damage was there.,Sebagian besar kerusakan perangnya ada di sana.,(S (NP (NP (JJS Most)) (PP (IN of) (NP (DT the) (NN war) (NN damage)))) (VP (VBD was) (ADVP (RB there))) (. .)),simple,most of the war damage was there .,sebagian besar kerusakan perangnya ada di sana .
2639,Do you know the meaning of this word?,Apakah kamu tahu arti dari kata ini?,(SQ (VBP Do) (NP (PRP you)) (VP (VB know) (NP (NP (DT the) (NN meaning)) (PP (IN of) (NP (DT this) (NN word))))) (. ?)),simple,do you know the meaning of this word ?,apakah kamu tahu arti dari kata ini ?
3580,I cannot thank you enough for your assistance.,Sungguh terima kasih atas bantuannya.,(S (NP (PRP I)) (VP (MD can) (RB not) (VP (VB thank) (NP (PRP you)) (NP (NP (RB enough)) (PP (IN for) (NP (PRP$ your) (NN assistance)))))) (. .)),simple,i cannot thank you enough for your assistance .,sungguh terima kasih atas bantuannya .
3127,How many churches are there in this city?,Ada berapa banyak gereja di kota ini?,(SBARQ (WHNP (WHADJP (WRB How) (JJ many)) (NNS churches)) (SQ (VBP are) (ADVP (RB there)) (PP (IN in) (NP (DT this) (NN city)))) (. ?)),simple,how many churches are there in this city ?,ada berapa banyak gereja di kota ini ?
1511,I read this book on the plane.,Aku membaca buku ini di pesawat.,(S (NP (PRP I)) (VP (VBP read) (NP (DT this) (NN book)) (PP (IN on) (NP (DT the) (NN plane)))) (. .)),simple,i read this book on the plane .,aku membaca buku ini di pesawat .
651,Tom was born on a plane.,Tom lahir di dalam pesawat.,(S (NP (NNP Tom)) (VP (VBD was) (VP (VBN born) (PP (IN on) (NP (DT a) (NN plane))))) (. .)),simple,tom was born on a plane .,tom lahir di dalam pesawat .
1874,I'll give you anything but this.,Kuberikan apapun padamu kecuali ini.,(S (NP (PRP I)) (VP (MD 'll) (VP (VB give) (NP (PRP you)) (NP (NP (NN anything)) (PP (IN but) (NP (DT this)))))) (. .)),simple,i ll give you anything but this .,kuberikan apapun padamu kecuali ini .
3899,I had a room with a beautiful view of the mountains.,Aku punya kamar dengan pemandangan pegunungan yang indah.,(S (NP (PRP I)) (VP (VBD had) (NP (NP (DT a) (NN room)) (PP (IN with) (NP (NP (DT a) (JJ beautiful) (NN view)) (PP (IN of) (NP (DT the) (NNS mountains))))))) (. .)),simple,i had a room with a beautiful view of the mountains .,aku punya kamar dengan pemandangan pegunungan yang indah .
4144,It's a pain in the neck to get there by public transportation.,Susahnya setengah mati untuk sampai ke sini dengan transportasi umum.,(S (NP (NP (PRP It))) (VP (VBZ 's) (NP (NP (DT a) (NN pain)) (PP (IN in) (NP (DT the) (NN neck)))) (S (VP (TO to) (VP (VB get) (ADVP (RB there)) (PP (IN by) (NP (JJ public) (NN transportation))))))) (. .)),simple,it s a pain in the neck to get there by public transportation .,susahnya setengah mati untuk sampai ke sini dengan transportasi umum .
1960,Tom was brought up by his uncle.,Tom dibesarkan oleh pamannya.,(S (NP (NNP Tom)) (VP (VBD was) (VP (VBN brought) (PRT (RP up)) (PP (IN by) (NP (PRP$ his) (NN uncle))))) (. .)),simple,tom was brought up by his uncle .,tom dibesarkan oleh pamannya .
118,She's in her room.,Dia ada di kamarnya.,(S (NP (PRP She)) (VP (VBZ 's) (PP (IN in) (NP (PRP$ her) (NN room)))) (. .)),simple,she s in her room .,dia ada di kamarnya .
2460,We measured the depth of the river.,Kita mengukur kedalaman sungainya.,(S (NP (PRP We)) (VP (VBD measured) (NP (NP (DT the) (NN depth)) (PP (IN of) (NP (DT the) (NN river))))) (. .)),simple,we measured the depth of the river .,kita mengukur kedalaman sungainya .
2244,The atomic number of copper is 29.,Nomor atom tembaga adalah 29.,(S (NP (NP (DT The) (JJ atomic) (NN number)) (PP (IN of) (NP (NN copper)))) (VP (VBZ is) (NP (CD 29))) (. .)),simple,the atomic number of copper is .,nomor atom tembaga adalah .
168,They gave it to me.,Mereka memberikannya kepadaku.,(S (NP (PRP They)) (VP (VBD gave) (NP (PRP it)) (PP (IN to) (NP (PRP me)))) (. .)),simple,they gave it to me .,mereka memberikannya kepadaku .
2631,Why don't you want to talk with Tom?,Kenapa kamu tidak ingin berbicara dengan Tom?,(SBARQ (WHADVP (WRB Why)) (SQ (VBP do) (RB n't) (NP (PRP you)) (VP (VB want) (S (VP (TO to) (VP (VB talk) (PP (IN with) (NP (NNP Tom)))))))) (. ?)),simple,why don t you want to talk with tom ?,kenapa kamu tidak ingin berbicara dengan tom ?
1613,Tom suffered from bone cancer.,Tom menderita kanker tulang.,(S (NP (NNP Tom)) (VP (VBD suffered) (PP (IN from) (NP (NN bone) (NN cancer)))) (. .)),simple,tom suffered from bone cancer .,tom menderita kanker tulang .
835,Your book is on the desk.,Bukumu ada di atas meja.,(S (NP (PRP$ Your) (NN book)) (VP (VBZ is) (PP (IN on) (NP (DT the) (NN desk)))) (. .)),simple,your book is on the desk .,bukumu ada di atas meja .
1405,The plate is made of plastic.,Piringnya terbuat dari plastik.,(S (NP (DT The) (NN plate)) (VP (VBZ is) (VP (VBN made) (PP (IN of) (NP (NN plastic))))) (. .)),simple,the plate is made of plastic .,piringnya terbuat dari plastik .
2103,Tom got attacked by an alligator.,Tom diserang buaya.,(S (NP (NNP Tom)) (VP (VBD got) (VP (VBN attacked) (PP (IN by) (NP (DT an) (NN alligator))))) (. .)),simple,tom got attacked by an alligator .,tom diserang buaya .
962,We're all so proud of you.,Kami semua sangat bangga padamu.,(S (NP (PRP We)) (VP (VBP 're) (DT all) (ADJP (RB so) (JJ proud) (PP (IN of) (NP (PRP you))))) (. .)),simple,we re all so proud of you .,kami semua sangat bangga padamu .
945,Tom isn't afraid of death.,Tom tidak takut mati.,(S (NP (NNP Tom)) (VP (VBZ is) (RB n't) (ADJP (JJ afraid) (PP (IN of) (NP (NN death))))) (. .)),simple,tom isn t afraid of death .,tom tidak takut mati .
462,I was born on a Monday.,Saya lahir pada hari Senin.,(S (NP (PRP I)) (VP (VBD was) (VP (VBN born) (PP (IN on) (NP (DT a) (NNP Monday))))) (. .)),simple,i was born on a monday .,saya lahir pada hari senin .
2178,He went to Paris by car yesterday.,Dia pergi ke Paris dengan mobil kemarin.,(S (NP (PRP He)) (VP (VBD went) (PP (IN to) (NP (NNP Paris))) (PP (IN by) (NP (NN car))) (NP (NN yesterday))) (. .)),simple,he went to paris by car yesterday .,dia pergi ke paris dengan mobil kemarin .
328,Are you talking to me?,Apakah kau sedang bicara padaku?,(SQ (VBP Are) (NP (PRP you)) (VP (VBG talking) (PP (IN to) (NP (PRP me)))) (. ?)),simple,are you talking to me ?,apakah kau sedang bicara padaku ?
2091,There are no chairs in this room.,Tidak ada kursi di ruangan ini.,(S (NP (EX There)) (VP (VBP are) (NP (DT no) (NNS chairs)) (PP (IN in) (NP (DT this) (NN room)))) (. .)),simple,there are no chairs in this room .,tidak ada kursi di ruangan ini .
4093,"Even though I'm sitting here in the sun, I still feel cold.","Walaupun saya duduk di bawah sinar matahari, saya tetap merasa dingin.","(S (SBAR (ADVP (RB Even)) (IN though) (S (NP (PRP I)) (VP (VBP 'm) (VP (VBG sitting) (ADVP (RB here)) (PP (IN in) (NP (DT the) (NN sun))))))) (, ,) (NP (PRP I)) (ADVP (RB still)) (VP (VBP feel) (ADJP (JJ cold))) (. .))",complex,even though i m sitting here in the sun i still feel cold .,walaupun saya duduk di bawah sinar matahari saya tetap merasa dingin .
2680,My son still believes in Santa Claus.,Anak laki-lakiku masih percaya akan Santa Claus.,(S (NP (PRP$ My) (NN son)) (ADVP (RB still)) (VP (VBZ believes) (PP (IN in) (NP (NNP Santa) (NNP Claus)))) (. .)),simple,my son still believes in santa claus .,anak laki lakiku masih percaya akan santa claus .
2242,That river flows into the Pacific.,Sungai itu bermuara di Samudra Pasifik.,(S (NP (DT That) (NN river)) (VP (VBZ flows) (PP (IN into) (NP (DT the) (NNP Pacific)))) (. .)),simple,that river flows into the pacific .,sungai itu bermuara di samudra pasifik .
1360,I'm only here because of you.,Aku hanya ada di sini karena kamu.,(S (NP (PRP I)) (VP (VBP 'm) (ADVP (RB only) (RB here)) (PP (IN because) (IN of) (NP (PRP you)))) (. .)),simple,i m only here because of you .,aku hanya ada di sini karena kamu .
2803,"It's dark at night, so it's dangerous.","Malam hari itu gelap, jadi bahaya.","(S (S (NP (PRP It)) (VP (VBZ 's) (ADJP (JJ dark)) (PP (IN at) (NP (NN night))))) (, ,) (IN so) (S (NP (PRP it)) (VP (VBZ 's) (ADJP (JJ dangerous)))) (. .))",compound,it s dark at night so it s dangerous .,malam hari itu gelap jadi bahaya .
367,I was at my wit's end.,Aku kehabisan akal.,(S (NP (PRP I)) (VP (VBD was) (PP (IN at) (NP (NP (PRP$ my) (NN wit) (POS 's)) (NN end)))) (. .)),simple,i was at my wit s end .,aku kehabisan akal .
3909,The traffic was heavy so I was late for the meeting.,"Kemacetannya parah sekali, akibatnya aku terlambat datang ke rapat.",(S (S (NP (DT The) (NN traffic)) (VP (VBD was) (ADJP (JJ heavy)))) (IN so) (S (NP (PRP I)) (VP (VBD was) (ADJP (JJ late) (PP (IN for) (NP (DT the) (NN meeting)))))) (. .)),compound,the traffic was heavy so i was late for the meeting .,kemacetannya parah sekali akibatnya aku terlambat datang ke rapat .
3806,You'll be receiving your certificate in the mail.,Anda akan mendapatkan sertifikat Anda via pos.,(S (NP (PRP You)) (VP (MD 'll) (VP (VB be) (VP (VBG receiving) (NP (PRP$ your) (NN certificate)) (PP (IN in) (NP (DT the) (NN mail)))))) (. .)),simple,you ll be receiving your certificate in the mail .,anda akan mendapatkan sertifikat anda via pos .
2010,"Do I have your word on that, Tom?","Dapatkah saya mempercayai perkataanmu terhadap itu, Tom?","(SQ (VBP Do) (NP (PRP I)) (VP (VB have) (NP (NP (PRP$ your) (NN word)) (PP (IN on) (NP (DT that)))) (, ,) (NP (NNP Tom))) (. ?))",simple,do i have your word on that tom ?,dapatkah saya mempercayai perkataanmu terhadap itu tom ?
3407,We are going to cycle to the lake tomorrow.,Kami akan bersepeda ke danau besok.,(S (NP (PRP We)) (VP (VBP are) (VP (VBG going) (S (VP (TO to) (VP (VB cycle) (PP (IN to) (NP (DT the) (NN lake))) (NP (NN tomorrow))))))) (. .)),simple,we are going to cycle to the lake tomorrow .,kami akan bersepeda ke danau besok .
2794,I thought you didn't care about money.,Aku pikir kamu tidak peduli tentang uang.,(S (NP (PRP I)) (VP (VBD thought) (SBAR (S (NP (PRP you)) (VP (VBD did) (RB n't) (VP (VB care) (PP (IN about) (NP (NN money)))))))) (. .)),complex,i thought you didn t care about money .,aku pikir kamu tidak peduli tentang uang .
3276,Tom and I used to work together in Boston.,Tom dan aku dulu bekerja bersama di Boston.,(S (NP (NNP Tom) (CC and) (PRP I)) (VP (VBD used) (S (VP (TO to) (VP (VB work) (ADVP (RB together)) (PP (IN in) (NP (NNP Boston))))))) (. .)),simple,tom and i used to work together in boston .,tom dan aku dulu bekerja bersama di boston .
1375,Japan is famous for Mt. Fuji.,Jepang terkenal akan Gunung Fujinya.,(S (NP (NNP Japan)) (VP (VBZ is) (ADJP (JJ famous) (PP (IN for) (NP (NNP Mt.) (NNP Fuji))))) (. .)),simple,japan is famous for mt . fuji .,jepang terkenal akan gunung fujinya .
3867,The day will soon come when man can travel to Mars.,Akan segera tiba hari ketika manusia bisa pergi ke Mars.,(S (NP (DT The) (NN day)) (VP (MD will) (ADVP (RB soon)) (VP (VB come) (SBAR (WHADVP (WRB when)) (S (NP (NN man)) (VP (MD can) (VP (VB travel) (PP (IN to) (NP (NNP Mars))))))))) (. .)),complex,the day will soon come when man can travel to mars .,akan segera tiba hari ketika manusia bisa pergi ke mars .
772,The police are after you.,Polisi itu mengejarmu.,(S (NP (DT The) (NN police)) (VP (VBP are) (PP (IN after) (NP (PRP you)))) (. .)),simple,the police are after you .,polisi itu mengejarmu .
1284,You should just talk to Tom.,Kamu seharusnya langsung berbicara dengan Tom.,(S (NP (PRP You)) (VP (MD should) (ADVP (RB just)) (VP (VB talk) (PP (IN to) (NP (NNP Tom))))) (. .)),simple,you should just talk to tom .,kamu seharusnya langsung berbicara dengan tom .
2864,We're going to get married in October.,Kami akan menikah bulan Oktober.,(S (NP (PRP We)) (VP (VBP 're) (VP (VBG going) (S (VP (TO to) (VP (VB get) (VP (VBN married))))) (PP (IN in) (NP (NNP October))))) (. .)),simple,we re going to get married in october .,kami akan menikah bulan oktober .
1514,I think I'm gonna go to sleep.,Aku pikir aku akan pergi tidur.,(S (NP (PRP I)) (VP (VBP think) (SBAR (S (NP (PRP I)) (VP (VBP 'm) (VP (TO gon) (VP (TO na) (VP (VB go) (PP (IN to) (NP (VB sleep)))))))))) (. .)),complex,i think i m gonna go to sleep .,aku pikir aku akan pergi tidur .
4050,I opened the door and saw two boys standing side by side.,Saya membuka pintu dan melihat dua anak laki-laki berdiri bersebelahan.,(S (NP (PRP I)) (VP (VP (VBD opened) (NP (DT the) (NN door))) (CC and) (VP (VBD saw) (S (NP (CD two) (NNS boys)) (VP (VBG standing) (ADVP (NP (NN side)) (PP (IN by) (NP (NN side)))))))) (. .)),simple,i opened the door and saw two boys standing side by side .,saya membuka pintu dan melihat dua anak laki laki berdiri bersebelahan .
3549,Tom finally made it to the top of the stairs.,Tom akhirnya berhasil menaiki tangga.,(S (NP (NNP Tom)) (ADVP (RB finally)) (VP (VBD made) (NP (PRP it)) (PP (IN to) (NP (NP (DT the) (NN top)) (PP (IN of) (NP (DT the) (NNS stairs)))))) (. .)),simple,tom finally made it to the top of the stairs .,tom akhirnya berhasil menaiki tangga .
498,Thank you for the help.,Terima kasih atas bantuannya.,(S (VP (VB Thank) (NP (PRP you)) (PP (IN for) (NP (DT the) (NN help)))) (. .)),simple,thank you for the help .,terima kasih atas bantuannya .
1414,They'll probably come by car.,Mereka kemungkinan akan datang dengan mobil.,(S (NP (PRP They)) (VP (MD 'll) (ADVP (RB probably)) (VP (VB come) (PP (IN by) (NP (NN car))))) (. .)),simple,they ll probably come by car .,mereka kemungkinan akan datang dengan mobil .
1234,Tom is obsessed with trains.,Tom terobsesi dengan kereta api.,(S (NP (NNP Tom)) (VP (VBZ is) (VP (VBN obsessed) (PP (IN with) (NP (NNS trains))))) (. .)),simple,tom is obsessed with trains .,tom terobsesi dengan kereta api .
3075,Tom doesn't need to go there by himself.,Tom tidak perlu pergi ke sana sendirian.,(S (NP (NNP Tom)) (VP (VBZ does) (RB n't) (VP (VB need) (S (VP (TO to) (VP (VB go) (ADVP (RB there)) (PP (IN by) (NP (PRP himself)))))))) (. .)),simple,tom doesn t need to go there by himself .,tom tidak perlu pergi ke sana sendirian .
435,You should be at home.,Kamu seharusnya di rumah.,(S (NP (PRP You)) (VP (MD should) (VP (VB be) (PP (IN at) (NP (NN home))))) (. .)),simple,you should be at home .,kamu seharusnya di rumah .
1674,I don't want to go to the bank.,Aku tidak ingin pergi ke bank.,(S (NP (PRP I)) (VP (VBP do) (RB n't) (VP (VB want) (S (VP (TO to) (VP (VB go) (PP (IN to) (NP (DT the) (NN bank)))))))) (. .)),simple,i don t want to go to the bank .,aku tidak ingin pergi ke bank .
1251,Tom thanked me for the gift.,Tom berterima kasih atas hadiah yang aku berikan padanya.,(S (NP (NNP Tom)) (VP (VBD thanked) (NP (PRP me)) (PP (IN for) (NP (DT the) (NN gift)))) (. .)),simple,tom thanked me for the gift .,tom berterima kasih atas hadiah yang aku berikan padanya .
365,I want to go with you.,Saya ingin pergi dengan anda.,(S (NP (PRP I)) (VP (VBP want) (S (VP (TO to) (VP (VB go) (PP (IN with) (NP (PRP you))))))) (. .)),simple,i want to go with you .,saya ingin pergi dengan anda .
4245,I got my driver's license on the second time I tried to pass the driver's test.,Aku mendapatkan SIM-ku pada kali kedua aku menjalani tes mengemudi.,(S (NP (PRP I)) (VP (VBD got) (NP (NP (PRP$ my) (NN driver) (POS 's)) (NN license)) (PP (IN on) (NP (NP (DT the) (JJ second) (NN time)) (SBAR (S (NP (PRP I)) (VP (VBD tried) (S (VP (TO to) (VP (VB pass) (NP (NP (DT the) (NN driver) (POS 's)) (NN test))))))))))) (. .)),complex,i got my driver s license on the second time i tried to pass the driver s test .,aku mendapatkan sim ku pada kali kedua aku menjalani tes mengemudi .
276,I will come with you.,Aku akan ikut denganmu.,(S (NP (PRP I)) (VP (MD will) (VP (VB come) (PP (IN with) (NP (PRP you))))) (. .)),simple,i will come with you .,aku akan ikut denganmu .
2984,Tom told me he likes going to concerts.,Tom bilang ke aku kalau dia suka pergi nonton konser.,(S (NP (NNP Tom)) (VP (VBD told) (NP (PRP me)) (SBAR (S (NP (PRP he)) (VP (VBZ likes) (S (VP (VBG going) (PP (IN to) (NP (NNS concerts))))))))) (. .)),complex,tom told me he likes going to concerts .,tom bilang ke aku kalau dia suka pergi nonton konser .
1832,Have I called you at a bad time?,Apakah saya menghubungi anda pada saat yang kurang tepat?,(SQ (VBP Have) (NP (PRP I)) (VP (VBN called) (NP (PRP you)) (PP (IN at) (NP (DT a) (JJ bad) (NN time)))) (. ?)),simple,have i called you at a bad time ?,apakah saya menghubungi anda pada saat yang kurang tepat ?
2531,I'm already pretty good at swimming.,Saya sudah jago berenang.,(S (NP (PRP I)) (VP (VBP 'm) (ADVP (RB already)) (ADJP (RB pretty) (JJ good) (PP (IN at) (NP (VBG swimming))))) (. .)),simple,i m already pretty good at swimming .,saya sudah jago berenang .
3003,Could you please not smoke in this room?,Bisa tolong untuk tidak merokok tidak ruangan ini?,(SQ (MD Could) (NP (PRP you)) (ADVP (RB please)) (RB not) (VP (VB smoke) (PP (IN in) (NP (DT this) (NN room)))) (. ?)),simple,could you please not smoke in this room ?,bisa tolong untuk tidak merokok tidak ruangan ini ?
1506,I got a lot of mosquito bites.,Aku mendapat banyak gigitan nyamuk.,(S (NP (PRP I)) (VP (VBD got) (NP (NP (DT a) (NN lot)) (PP (IN of) (NP (NN mosquito) (NNS bites))))) (. .)),simple,i got a lot of mosquito bites .,aku mendapat banyak gigitan nyamuk .
407,This room is for rent.,Ruangan ini disewakan.,(S (NP (DT This) (NN room)) (VP (VBZ is) (PP (IN for) (NP (NN rent)))) (. .)),simple,this room is for rent .,ruangan ini disewakan .
2787,I like white roses more than red ones.,Aku lebih suka mawar putih daripada mawar merah.,(S (NP (PRP I)) (VP (VBP like) (NP (JJ white) (NNS roses)) (ADVP (ADVP (RBR more)) (PP (IN than) (NP (JJ red) (NNS ones))))) (. .)),simple,i like white roses more than red ones .,aku lebih suka mawar putih daripada mawar merah .
1644,Eating too much is bad for you.,Makan berlebihan itu tidak baik untukmu.,(S (S (VP (VBG Eating) (ADVP (RB too) (JJ much)))) (VP (VBZ is) (ADJP (ADJP (JJ bad)) (PP (IN for) (NP (PRP you))))) (. .)),simple,eating too much is bad for you .,makan berlebihan itu tidak baik untukmu .
4134,This airplane is capable of carrying 40 passengers at a time.,Pesawat ini mampu menampung 40 orang penumpang sekali terbang.,(S (NP (DT This) (NN airplane)) (VP (VBZ is) (ADJP (JJ capable) (PP (IN of) (S (VP (VBG carrying) (NP (CD 40) (NNS passengers)) (PP (IN at) (NP (DT a) (NN time)))))))) (. .)),simple,this airplane is capable of carrying passengers at a time .,pesawat ini mampu menampung orang penumpang sekali terbang .
1897,Please give me a sheet of paper.,Tolong berikan selembar kertas.,(S (VP (VB Please) (VP (VB give) (NP (PRP me)) (NP (NP (DT a) (NN sheet)) (PP (IN of) (NP (NN paper)))))) (. .)),simple,please give me a sheet of paper .,tolong berikan selembar kertas .
1745,There is one apple on the desk.,Ada satu buah apel di atas meja.,(S (NP (EX There)) (VP (VBZ is) (NP (CD one) (NN apple)) (PP (IN on) (NP (DT the) (NN desk)))) (. .)),simple,there is one apple on the desk .,ada satu buah apel di atas meja .
4269,I'm getting little pimples on my face. I wonder if I've been getting enough sleep lately.,Aku menjadi sedikit berjerawat di wajahku. Aku ingin tahu apakah aku sudah cukup tidur akhir-akhir ini.,(S (NP (PRP I)) (VP (VBP 'm) (VP (VBG getting) (NP (NP (JJ little) (NNS pimples)) (PP (IN on) (NP (PRP$ my) (NN face)))))) (. .)),simple,i m getting little pimples on my face . i wonder if i ve been getting enough sleep lately .,aku menjadi sedikit berjerawat di wajahku . aku ingin tahu apakah aku sudah cukup tidur akhir akhir ini .
2769,Have you ever seen anything like this?,Pernahkah kamu melihat yang seperti ini?,(SQ (VBP Have) (NP (PRP you)) (ADVP (RB ever)) (VP (VBN seen) (NP (NP (NN anything)) (PP (IN like) (NP (DT this))))) (. ?)),simple,have you ever seen anything like this ?,pernahkah kamu melihat yang seperti ini ?
844,Don't look at me that way.,Jangan melihatku seperti itu!,(S (VP (VBP Do) (RB n't) (VP (VB look) (PP (IN at) (NP (PRP me))) (NP (DT that) (NN way)))) (. .)),simple,don t look at me that way .,jangan melihatku seperti itu !
3557,Tom's Japanese is improving little by little.,Kemampuan bahasa Jepang Tom meningkat sedikit demi sedikit.,(S (NP (NP (NNP Tom) (POS 's)) (NNP Japanese)) (VP (VBZ is) (VP (VBG improving) (ADVP (ADVP (RB little)) (PP (IN by) (NP (RB little)))))) (. .)),simple,tom s japanese is improving little by little .,kemampuan bahasa jepang tom meningkat sedikit demi sedikit .
2937,She participated in the beauty contest.,Dia mengikuti kontes kecantikan.,(S (NP (PRP She)) (VP (VBD participated) (PP (IN in) (NP (DT the) (NN beauty) (NN contest)))) (. .)),simple,she participated in the beauty contest .,dia mengikuti kontes kecantikan .
86,We met in secret.,Kami bertemu secara sembunyi-sembunyi.,(S (NP (PRP We)) (VP (VBD met) (PP (IN in) (ADJP (JJ secret)))) (. .)),simple,we met in secret .,kami bertemu secara sembunyi sembunyi .
2399,She is very sensitive to criticism.,Ia sangat sensitif pada kritikan.,(S (NP (PRP She)) (VP (VBZ is) (ADJP (RB very) (JJ sensitive) (PP (IN to) (NP (NN criticism))))) (. .)),simple,she is very sensitive to criticism .,ia sangat sensitif pada kritikan .
2313,You'll soon get used to the noise.,Kamu akan segera terbiasa dengan kebisingannya.,(S (NP (PRP You)) (VP (MD 'll) (ADVP (RB soon)) (VP (VB get) (VP (VBN used) (PP (IN to) (NP (DT the) (NN noise)))))) (. .)),simple,you ll soon get used to the noise .,kamu akan segera terbiasa dengan kebisingannya .
2392,My heart was filled with happiness.,Hatiku penuh dengan kebahagiaan.,(S (NP (PRP$ My) (NN heart)) (VP (VBD was) (VP (VBN filled) (PP (IN with) (NP (NN happiness))))) (. .)),simple,my heart was filled with happiness .,hatiku penuh dengan kebahagiaan .
2104,Tom had a car accident in Boston.,Tom mengalami kecelakaan mobil di Boston.,(S (NP (NNP Tom)) (VP (VBD had) (NP (DT a) (NN car) (NN accident)) (PP (IN in) (NP (NNP Boston)))) (. .)),simple,tom had a car accident in boston .,tom mengalami kecelakaan mobil di boston .
3749,Tom is usually on time and Mary is usually late.,Tom biasanya tepat waktu dan Mary biasanya terlambat.,(S (S (NP (NNP Tom)) (VP (VBZ is) (ADVP (RB usually)) (PP (IN on) (NP (NN time))))) (CC and) (S (NP (NNP Mary)) (VP (VBZ is) (ADVP (RB usually)) (ADJP (JJ late)))) (. .)),compound,tom is usually on time and mary is usually late .,tom biasanya tepat waktu dan mary biasanya terlambat .
2338,He shook hands with her and smiled.,Dia berjabat tangan dengannya dan tersenyum.,(S (NP (PRP He)) (VP (VP (VBD shook) (NP (NNS hands)) (PP (IN with) (NP (PRP her)))) (CC and) (VP (VBD smiled))) (. .)),simple,he shook hands with her and smiled .,dia berjabat tangan dengannya dan tersenyum .
855,He was fired for stealing.,Dia dipecat karena mencuri.,(S (NP (PRP He)) (VP (VBD was) (VP (VBN fired) (PP (IN for) (NP (NN stealing))))) (. .)),simple,he was fired for stealing .,dia dipecat karena mencuri .
2067,My mother is busy in the kitchen.,Ibuku sedang sibuk di dapur.,(S (NP (PRP$ My) (NN mother)) (VP (VBZ is) (ADJP (JJ busy)) (PP (IN in) (NP (DT the) (NN kitchen)))) (. .)),simple,my mother is busy in the kitchen .,ibuku sedang sibuk di dapur .
78,I'm sick of this.,Aku muak dengan hal ini.,(S (NP (PRP I)) (VP (VBP 'm) (ADJP (JJ sick) (PP (IN of) (NP (DT this))))) (. .)),simple,i m sick of this .,aku muak dengan hal ini .
944,Tom is unfit for that job.,Pekerjaan itu tidak cocok untuk Tom.,(S (NP (NNP Tom)) (VP (VBZ is) (ADJP (JJ unfit) (PP (IN for) (NP (DT that) (NN job))))) (. .)),simple,tom is unfit for that job .,pekerjaan itu tidak cocok untuk tom .
199,I ran out of breath.,Saya kehabisan napas.,(S (NP (PRP I)) (VP (VBD ran) (PP (IN out) (PP (IN of) (NP (NN breath))))) (. .)),simple,i ran out of breath .,saya kehabisan napas .
3329,I had to finish the job by the stated date.,Aku harus menyelesaikan pekerjaan itu pada tanggal yang ditentukan.,(S (NP (PRP I)) (VP (VBD had) (S (VP (TO to) (VP (VB finish) (NP (DT the) (NN job)) (PP (IN by) (NP (DT the) (VBN stated) (NN date))))))) (. .)),simple,i had to finish the job by the stated date .,aku harus menyelesaikan pekerjaan itu pada tanggal yang ditentukan .
4297,Every student who has graduated from our university has studied English with a native speaker for at least two years.,Semua mahasiswa yang telah menyelesaikan studi Bahasa Inggris di Universitas dengan seorang asli (yang berbicara Inggris) dalam waktu sekurang-kurangnya 2 tahun.,(S (NP (NP (DT Every) (NN student)) (SBAR (WHNP (WP who)) (S (VP (VBZ has) (VP (VBN graduated) (PP (IN from) (NP (PRP$ our) (NN university)))))))) (VP (VBZ has) (VP (VBN studied) (NP (NNP English)) (PP (IN with) (NP (DT a) (JJ native) (NN speaker))) (PP (IN for) (NP (QP (ADVP (RB at) (RBS least)) (CD two)) (NNS years))))) (. .)),complex,every student who has graduated from our university has studied english with a native speaker for at least two years .,semua mahasiswa yang telah menyelesaikan studi bahasa inggris di universitas dengan seorang asli yang berbicara inggris dalam waktu sekurang kurangnya tahun .
801,Tom took one of the fish.,Tom mengambil salah seekor ikan.,(S (NP (NNP Tom)) (VP (VBD took) (NP (NP (CD one)) (PP (IN of) (NP (DT the) (NN fish))))) (. .)),simple,tom took one of the fish .,tom mengambil salah seekor ikan .
2718,Tom had no intention of helping Mary.,Tom tidak berkeinginan membantu Mary.,(S (NP (NNP Tom)) (VP (VBD had) (NP (NP (DT no) (NN intention)) (PP (IN of) (S (VP (VBG helping) (NP (NNP Mary))))))) (. .)),simple,tom had no intention of helping mary .,tom tidak berkeinginan membantu mary .
2155,Are there oceans on other planets?,Apakah ada samudra di planet lain?,(SQ (VBP Are) (NP (EX there)) (NP (NP (NNS oceans)) (PP (IN on) (NP (JJ other) (NNS planets)))) (. ?)),simple,are there oceans on other planets ?,apakah ada samudra di planet lain ?
2276,Tom is playing catch with his son.,Tom bermain lempar-lemparan dengan anak laki-lakinya.,(S (NP (NNP Tom)) (VP (VBZ is) (VP (VBG playing) (NP (NN catch)) (PP (IN with) (NP (PRP$ his) (NN son))))) (. .)),simple,tom is playing catch with his son .,tom bermain lempar lemparan dengan anak laki lakinya .
3496,Who would want to live in a place like this?,Siapa yang mau tinggal di tempat seperti ini?,(SBARQ (WHNP (WP Who)) (SQ (MD would) (VP (VB want) (S (VP (TO to) (VP (VB live) (PP (IN in) (NP (NP (DT a) (NN place)) (PP (IN like) (NP (DT this)))))))))) (. ?)),simple,who would want to live in a place like this ?,siapa yang mau tinggal di tempat seperti ini ?
231,Tom ran out of food.,Tom kehabisan makanan.,(S (NP (NNP Tom)) (VP (VBD ran) (PP (IN out) (PP (IN of) (NP (NN food))))) (. .)),simple,tom ran out of food .,tom kehabisan makanan .
1814,Close your eyes and go to sleep.,Pejamkan matamu dan tidurlah.,(S (VP (VP (VB Close) (NP (PRP$ your) (NNS eyes))) (CC and) (VP (VB go) (PP (IN to) (NP (VB sleep))))) (. .)),simple,close your eyes and go to sleep .,pejamkan matamu dan tidurlah .
1033,I sat between Tom and Mary.,Aku duduk di antara Tom dan Mary.,(S (NP (PRP I)) (VP (VBD sat) (PP (IN between) (NP (NNP Tom) (CC and) (NNP Mary)))) (. .)),simple,i sat between tom and mary .,aku duduk di antara tom dan mary .
4063,Tom took off his wedding ring and threw it into the pond.,Tom melepas cincin pernikahannya dan membuangnya ke kolam.,(S (NP (NNP Tom)) (VP (VP (VBD took) (PRT (RP off)) (NP (PRP$ his) (NN wedding) (NN ring))) (CC and) (VP (VBD threw) (NP (PRP it)) (PP (IN into) (NP (DT the) (NN pond))))) (. .)),simple,tom took off his wedding ring and threw it into the pond .,tom melepas cincin pernikahannya dan membuangnya ke kolam .
3962,We kept on working for hours without eating anything.,Kami tetap bekerja berjam-jam tanpa makan apa pun.,(S (NP (PRP We)) (VP (VBD kept) (PRT (RP on)) (S (VP (VBG working) (PP (IN for) (NP (NNS hours))) (PP (IN without) (S (VP (VBG eating) (NP (NN anything)))))))) (. .)),simple,we kept on working for hours without eating anything .,kami tetap bekerja berjam jam tanpa makan apa pun .
1583,There's no smoke without fire.,"Hujan berpohon, panas berasal.",(S (NP (EX There)) (VP (VBZ 's) (NP (DT no) (NN smoke)) (PP (IN without) (NP (NN fire)))) (. .)),simple,there s no smoke without fire .,hujan berpohon panas berasal .
2543,It's a beautiful day here in Boston.,Hari ini adalah sebuah hari yang indah di Boston.,(S (NP (PRP It)) (VP (VBZ 's) (NP (DT a) (JJ beautiful) (NN day)) (ADVP (RB here) (PP (IN in) (NP (NNP Boston))))) (. .)),simple,it s a beautiful day here in boston .,hari ini adalah sebuah hari yang indah di boston .
2028,I bought a camera for 30 dollars.,Aku membeli kamera seharga 30 dolar.,(S (NP (PRP I)) (VP (VBD bought) (NP (DT a) (NN camera)) (PP (IN for) (NP (CD 30) (NNS dollars)))) (. .)),simple,i bought a camera for dollars .,aku membeli kamera seharga dolar .
2230,She visited her husband in prison.,Dia mengunjungi suaminya yang dipenjarakan.,(S (NP (PRP She)) (VP (VBD visited) (NP (PRP$ her) (NN husband)) (PP (IN in) (NP (NN prison)))) (. .)),simple,she visited her husband in prison .,dia mengunjungi suaminya yang dipenjarakan .
424,What can I do for you?,Apa yang bisa aku lakukan untuk kamu?,(SBARQ (WHNP (WP What)) (SQ (MD can) (NP (PRP I)) (VP (VB do) (PP (IN for) (NP (PRP you))))) (. ?)),simple,what can i do for you ?,apa yang bisa aku lakukan untuk kamu ?
392,One of my teeth hurts.,salah satu gigiku sakit,(S (NP (NP (CD One)) (PP (IN of) (NP (PRP$ my) (NNS teeth)))) (VP (VBZ hurts)) (. .)),simple,one of my teeth hurts .,salah satu gigiku sakit
1143,Have you forgotten about me?,Apakah kau telah melupakanku?,(SQ (VBP Have) (NP (PRP you)) (VP (VBN forgotten) (PP (IN about) (NP (PRP me)))) (. ?)),simple,have you forgotten about me ?,apakah kau telah melupakanku ?
4027,How long do you think it takes to go from here to Tokyo?,Menurutmu dari sini sampai Tokyo akan memakan waktu berapa lama?,(SBARQ (WHADVP (WRB How) (JJ long)) (SQ (VBP do) (NP (PRP you)) (VP (VB think) (SBAR (S (NP (NP (PRP it))) (VP (VBZ takes) (S (VP (TO to) (VP (VB go) (PP (IN from) (ADVP (RB here))) (PP (IN to) (NP (NNP Tokyo))))))))))) (. ?)),complex,how long do you think it takes to go from here to tokyo ?,menurutmu dari sini sampai tokyo akan memakan waktu berapa lama ?
191,He went to the shop.,Dia pergi ke toko.,(S (NP (PRP He)) (VP (VBD went) (PP (IN to) (NP (DT the) (NN shop)))) (. .)),simple,he went to the shop .,dia pergi ke toko .
104,I'll wait for you.,Aku akan menunggumu.,(S (NP (PRP I)) (VP (MD 'll) (VP (VB wait) (PP (IN for) (NP (PRP you))))) (. .)),simple,i ll wait for you .,aku akan menunggumu .
3337,I think this is beside the point right now.,"Aku pikir ini tidak ada hubungannya, untuk saat ini.",(S (NP (PRP I)) (VP (VBP think) (SBAR (S (NP (DT this)) (VP (VBZ is) (PP (IN beside) (NP (DT the) (NN point))) (ADVP (RB right) (RB now)))))) (. .)),complex,i think this is beside the point right now .,aku pikir ini tidak ada hubungannya untuk saat ini .
3722,I just lay on the beach and watched people swim.,Aku hanya berbaring di pantai dan melihat orang-orang berenang.,(S (NP (PRP I)) (ADVP (RB just)) (VP (VP (VBD lay) (PP (IN on) (NP (DT the) (NN beach)))) (CC and) (VP (VBD watched) (S (NP (NNS people)) (VP (VB swim))))) (. .)),simple,i just lay on the beach and watched people swim .,aku hanya berbaring di pantai dan melihat orang orang berenang .
1783,Tom went to school with my son.,Tom pergi ke sekolah bersama dengan anak laki-laki saya.,(S (NP (NNP Tom)) (VP (VBD went) (PP (IN to) (NP (NN school))) (PP (IN with) (NP (PRP$ my) (NN son)))) (. .)),simple,tom went to school with my son .,tom pergi ke sekolah bersama dengan anak laki laki saya .
3032,"In Japan, it's three in the morning now.","Di Jepang, sekarang pukul tiga pagi.","(S (PP (IN In) (NP (NNP Japan))) (, ,) (NP (PRP it)) (VP (VBZ 's) (NP (CD three)) (PP (IN in) (NP (DT the) (NN morning))) (ADVP (RB now))) (. .))",simple,in japan it s three in the morning now .,di jepang sekarang pukul tiga pagi .
553,Does Tom live near here?,Apakah Tom tinggal di dekat sini?,(SQ (VBZ Does) (NP (NNP Tom)) (VP (VB live) (PP (IN near) (ADVP (RB here)))) (. ?)),simple,does tom live near here ?,apakah tom tinggal di dekat sini ?
3653,"First of all, we have to plant all these seeds.","Pertama-tama, kita harus menanam semua biji ini.","(S (ADVP (RB First) (PP (IN of) (NP (DT all)))) (, ,) (NP (PRP we)) (VP (VBP have) (S (VP (TO to) (VP (VB plant) (NP (PDT all) (DT these) (NNS seeds)))))) (. .))",simple,first of all we have to plant all these seeds .,pertama tama kita harus menanam semua biji ini .
1929,Tom and Mary now live in Boston.,Tom dan Mary sekarang tinggal di Boston.,(S (NP (NNP Tom) (CC and) (NNP Mary)) (ADVP (RB now)) (VP (VBP live) (PP (IN in) (NP (NNP Boston)))) (. .)),simple,tom and mary now live in boston .,tom dan mary sekarang tinggal di boston .
1756,Tom ate a bowl of strawberries.,Tom makan semangkuk stroberi.,(S (NP (NNP Tom)) (VP (VBD ate) (NP (NP (DT a) (NN bowl)) (PP (IN of) (NP (NNS strawberries))))) (. .)),simple,tom ate a bowl of strawberries .,tom makan semangkuk stroberi .
2413,There is a television in this room.,Ada televisi di ruangan ini.,(S (NP (EX There)) (VP (VBZ is) (NP (DT a) (NN television)) (PP (IN in) (NP (DT this) (NN room)))) (. .)),simple,there is a television in this room .,ada televisi di ruangan ini .
3948,The mountain is covered with snow all the year round.,Gunung itu tertutup salju sepanjang tahun.,(S (NP (DT The) (NN mountain)) (VP (VBZ is) (VP (VBN covered) (PP (IN with) (NP (NN snow))) (ADVP (NP (PDT all) (DT the) (NN year)) (RB round)))) (. .)),simple,the mountain is covered with snow all the year round .,gunung itu tertutup salju sepanjang tahun .
2077,She gave birth to a healthy baby.,Dia melahirkan bayi yang sehat.,(S (NP (PRP She)) (VP (VBD gave) (NP (NN birth)) (PP (IN to) (NP (DT a) (JJ healthy) (NN baby)))) (. .)),simple,she gave birth to a healthy baby .,dia melahirkan bayi yang sehat .
4235,"Since the Industrial Revolution, the world population has more than tripled.","Semenjak Revolusi Industri dimulai, populasi dunia menjadi 3 kali lipat lebih banyak.","(S (PP (IN Since) (NP (DT the) (NNP Industrial) (NNP Revolution))) (, ,) (NP (DT the) (NN world) (NN population)) (VP (VBZ has) (ADVP (RBR more) (IN than)) (VP (VBN tripled))) (. .))",simple,since the industrial revolution the world population has more than tripled .,semenjak revolusi industri dimulai populasi dunia menjadi kali lipat lebih banyak .
1787,We live in a civilized society.,Kita hidup dalam masyarakat yang beradab.,(S (NP (PRP We)) (VP (VBP live) (PP (IN in) (NP (DT a) (JJ civilized) (NN society)))) (. .)),simple,we live in a civilized society .,kita hidup dalam masyarakat yang beradab .
3442,I'll call for you at eight tomorrow morning.,Aku akan menjemputmu jam delapan besok pagi.,(S (NP (PRP I)) (VP (MD 'll) (VP (VB call) (PP (IN for) (NP (PRP you))) (PP (IN at) (NP (CD eight))) (NP (NN tomorrow) (NN morning)))) (. .)),simple,i ll call for you at eight tomorrow morning .,aku akan menjemputmu jam delapan besok pagi .
1587,They like to play in the snow.,Mereka senang bermain di salju.,(S (NP (PRP They)) (VP (VBP like) (S (VP (TO to) (VP (VB play) (PP (IN in) (NP (DT the) (NN snow))))))) (. .)),simple,they like to play in the snow .,mereka senang bermain di salju .
2721,Tom is the newest member of our team.,Tom anggota terbaru tim kami.,(S (NP (NNP Tom)) (VP (VBZ is) (NP (NP (DT the) (JJS newest) (NN member)) (PP (IN of) (NP (PRP$ our) (NN team))))) (. .)),simple,tom is the newest member of our team .,tom anggota terbaru tim kami .
1731,Sulfur burns with a blue flame.,Belerang terbakar dengan nyala berwarna biru.,(S (NP (NN Sulfur)) (VP (VBZ burns) (PP (IN with) (NP (DT a) (JJ blue) (NN flame)))) (. .)),simple,sulfur burns with a blue flame .,belerang terbakar dengan nyala berwarna biru .
1831,Half of the students are absent.,Setengah dari para siswa tidak hadir.,(S (NP (NP (NN Half)) (PP (IN of) (NP (DT the) (NNS students)))) (VP (VBP are) (ADJP (JJ absent))) (. .)),simple,half of the students are absent .,setengah dari para siswa tidak hadir .
2754,Your mother is in critical condition.,Ibumu dalam keadaan kritis.,(S (NP (PRP$ Your) (NN mother)) (VP (VBZ is) (PP (IN in) (NP (JJ critical) (NN condition)))) (. .)),simple,your mother is in critical condition .,ibumu dalam keadaan kritis .
3989,Tom spent the first three years of his life in Boston.,Tom menghabiskan tiga tahun hidupnya di Boston.,(S (NP (NNP Tom)) (VP (VBD spent) (NP (NP (DT the) (JJ first) (CD three) (NNS years)) (PP (IN of) (NP (PRP$ his) (NN life)))) (PP (IN in) (NP (NNP Boston)))) (. .)),simple,tom spent the first three years of his life in boston .,tom menghabiskan tiga tahun hidupnya di boston .
1945,Tom is playing with his friends.,Tom sedang bermain bersama teman-temannya.,(S (NP (NNP Tom)) (VP (VBZ is) (VP (VBG playing) (PP (IN with) (NP (PRP$ his) (NNS friends))))) (. .)),simple,tom is playing with his friends .,tom sedang bermain bersama teman temannya .
4177,We have adequate inventories of the product to meet local demand.,Kami memiliki pasokan produk yang cukup untuk memenuhi permintaan lokal.,(S (NP (PRP We)) (VP (VBP have) (NP (NP (NP (JJ adequate) (NNS inventories)) (PP (IN of) (NP (DT the) (NN product)))) (SBAR (S (VP (TO to) (VP (VB meet) (NP (JJ local) (NN demand)))))))) (. .)),complex,we have adequate inventories of the product to meet local demand .,kami memiliki pasokan produk yang cukup untuk memenuhi permintaan lokal .
702,Don't scare me like that!,Jangan menakut-nakutiku seperti itu!,(S (VP (VBP Do) (RB n't) (VP (VB scare) (NP (PRP me)) (PP (IN like) (NP (DT that))))) (. !)),simple,don t scare me like that !,jangan menakut nakutiku seperti itu !
2446,Tom poured cold water over himself.,Tom menyiramkan air dingin ke dirinya sendiri.,(S (NP (NNP Tom)) (VP (VBD poured) (NP (JJ cold) (NN water)) (PP (IN over) (NP (PRP himself)))) (. .)),simple,tom poured cold water over himself .,tom menyiramkan air dingin ke dirinya sendiri .
2540,"In Switzerland, spring comes in May.","Di Swis, musim semi datang pada bulan Mei.","(S (PP (IN In) (NP (NNP Switzerland))) (, ,) (NP (NN spring)) (VP (VBZ comes) (PP (IN in) (NP (NNP May)))) (. .))",simple,in switzerland spring comes in may .,di swis musim semi datang pada bulan mei .
3805,What language do they speak in the United States?,Bahasa apa yang digunakan di Amerika Serikat,(SBARQ (WHNP (WP What) (NN language)) (SQ (VBP do) (NP (PRP they)) (VP (VB speak) (PP (IN in) (NP (DT the) (NNP United) (NNPS States))))) (. ?)),simple,what language do they speak in the united states ?,bahasa apa yang digunakan di amerika serikat
994,Don't worry about the past.,Jangan mengkhawatirkan tentang masa lalu.,(S (VP (VBP Do) (RB n't) (VP (VB worry) (PP (IN about) (NP (DT the) (NN past))))) (. .)),simple,don t worry about the past .,jangan mengkhawatirkan tentang masa lalu .
464,I was raised in Boston.,Aku dibesarkan di Boston.,(S (NP (PRP I)) (VP (VBD was) (VP (VBN raised) (PP (IN in) (NP (NNP Boston))))) (. .)),simple,i was raised in boston .,aku dibesarkan di boston .
1938,Tom forgot to go to the meeting.,Tom lupa mengikuti rapat.,(S (NP (NNP Tom)) (VP (VBD forgot) (S (VP (TO to) (VP (VB go) (PP (IN to) (NP (DT the) (NN meeting))))))) (. .)),simple,tom forgot to go to the meeting .,tom lupa mengikuti rapat .
4271,The police found Tom lying on the floor with a bullet hole in the middle of his forehead.,Polisi menemukan Tom tergeletak di lantai dengan lubang peluru di dahinya.,(S (NP (DT The) (NNS police)) (VP (VBD found) (S (NP (NNP Tom)) (VP (VBG lying) (PP (IN on) (NP (DT the) (NN floor))) (PP (IN with) (NP (NP (DT a) (NN bullet) (NN hole)) (PP (IN in) (NP (NP (DT the) (NN middle)) (PP (IN of) (NP (PRP$ his) (NN forehead)))))))))) (. .)),simple,the police found tom lying on the floor with a bullet hole in the middle of his forehead .,polisi menemukan tom tergeletak di lantai dengan lubang peluru di dahinya .
3624,There are lots of things I want to talk about.,Ada banyak hal yang ingin aku bicarakan.,(S (NP (EX There)) (VP (VBP are) (NP (NP (NNS lots)) (PP (IN of) (NP (NP (NNS things)) (SBAR (S (NP (PRP I)) (VP (VBP want) (S (VP (TO to) (VP (VB talk) (PP (IN about)))))))))))) (. .)),complex,there are lots of things i want to talk about .,ada banyak hal yang ingin aku bicarakan .
2440,Tom is exactly the same age as you.,Tom itu seumuran dengan mu,(S (NP (NNP Tom)) (VP (VBZ is) (NP (NP (RB exactly) (DT the) (JJ same) (NN age)) (PP (IN as) (NP (PRP you))))) (. .)),simple,tom is exactly the same age as you .,tom itu seumuran dengan mu
2584,They live in a very beautiful house.,Mereka tinggal di rumah yang sangat indah.,(S (NP (PRP They)) (VP (VBP live) (PP (IN in) (NP (DT a) (ADJP (RB very) (JJ beautiful)) (NN house)))) (. .)),simple,they live in a very beautiful house .,mereka tinggal di rumah yang sangat indah .
1236,Tom is relocating to Boston.,Tom pindah ke Boston.,(S (NP (NNP Tom)) (VP (VBZ is) (VP (VBG relocating) (PP (IN to) (NP (NNP Boston))))) (. .)),simple,tom is relocating to boston .,tom pindah ke boston .
2726,Tom managed to swim across the river.,Tom berhasil berenang menyeberangi sungai.,(S (NP (NNP Tom)) (VP (VBD managed) (S (VP (TO to) (VP (VB swim) (PP (IN across) (NP (DT the) (NN river))))))) (. .)),simple,tom managed to swim across the river .,tom berhasil berenang menyeberangi sungai .
2417,There's nothing you can do for Tom.,Tidak ada yang bisa kamu lakukan untuk Tom.,(S (NP (EX There)) (VP (VBZ 's) (NP (NP (NN nothing)) (SBAR (S (NP (PRP you)) (VP (MD can) (VP (VB do) (PP (IN for) (NP (NNP Tom))))))))) (. .)),complex,there s nothing you can do for tom .,tidak ada yang bisa kamu lakukan untuk tom .
212,I'm waiting for him.,Aku sedang menunggunya.,(S (NP (PRP I)) (VP (VBP 'm) (VP (VBG waiting) (PP (IN for) (NP (PRP him))))) (. .)),simple,i m waiting for him .,aku sedang menunggunya .
1036,I wanted to show it to you.,Aku ingin menunjukkannya padamu.,(S (NP (PRP I)) (VP (VBD wanted) (S (VP (TO to) (VP (VB show) (NP (PRP it)) (PP (IN to) (NP (PRP you))))))) (. .)),simple,i wanted to show it to you .,aku ingin menunjukkannya padamu .
4224,Tom opened up the crate with a crowbar and took out a stick of dynamite.,Tom membuka peti kayunya dengan linggis dan mengambil sebatang dinamit.,(S (NP (NNP Tom)) (VP (VP (VBD opened) (PRT (RP up)) (NP (DT the) (NN crate)) (PP (IN with) (NP (DT a) (NN crowbar)))) (CC and) (VP (VBD took) (PRT (RP out)) (NP (NP (DT a) (NN stick)) (PP (IN of) (NP (NN dynamite)))))) (. .)),simple,tom opened up the crate with a crowbar and took out a stick of dynamite .,tom membuka peti kayunya dengan linggis dan mengambil sebatang dinamit .
900,Is there an ATM near here?,Apakah ada ATM di dekat sini?,(SQ (VBZ Is) (NP (EX there)) (NP (DT an) (NN ATM)) (PP (IN near) (ADVP (RB here))) (. ?)),simple,is there an atm near here ?,apakah ada atm di dekat sini ?
1446,We import flour from America.,Kami mengimpor tepung dari Amerika.,(S (NP (PRP We)) (VP (VBP import) (NP (NN flour)) (PP (IN from) (NP (NNP America)))) (. .)),simple,we import flour from america .,kami mengimpor tepung dari amerika .
2057,I'm very interested in astronomy.,Saya sangat tertarik dengan astronomi.,(S (NP (PRP I)) (VP (VBP 'm) (ADJP (RB very) (JJ interested) (PP (IN in) (NP (NN astronomy))))) (. .)),simple,i m very interested in astronomy .,saya sangat tertarik dengan astronomi .
2095,There's still food on your plate.,Masih ada makanan di piringmu.,(S (NP (EX There)) (VP (VBZ 's) (ADVP (RB still)) (NP (NN food)) (PP (IN on) (NP (PRP$ your) (NN plate)))) (. .)),simple,there s still food on your plate .,masih ada makanan di piringmu .
660,We take oil for granted.,Kita menyia-nyiakan minyak.,(S (NP (PRP We)) (VP (VBP take) (NP (NN oil)) (PP (IN for) (S (VP (VBN granted))))) (. .)),simple,we take oil for granted .,kita menyia nyiakan minyak .
1614,Tom usually shops at the mall.,Tom biasanya berbelanja di mal.,(S (NP (NNP Tom)) (ADVP (RB usually)) (VP (VBZ shops) (PP (IN at) (NP (DT the) (NN mall)))) (. .)),simple,tom usually shops at the mall .,tom biasanya berbelanja di mal .
741,I stayed home for a week.,Aku tinggal di rumah selama seminggu.,(S (NP (PRP I)) (VP (VBD stayed) (ADVP (RB home)) (PP (IN for) (NP (DT a) (NN week)))) (. .)),simple,i stayed home for a week .,aku tinggal di rumah selama seminggu .
3974,I want to take a year off and travel around the world.,Saya ingin mengambil cuti setahun dan berkeliling dunia.,(S (NP (PRP I)) (VP (VBP want) (S (VP (TO to) (VP (VP (VB take) (NP (DT a) (NN year)) (PRT (RP off))) (CC and) (VP (VB travel) (PP (IN around) (NP (DT the) (NN world)))))))) (. .)),simple,i want to take a year off and travel around the world .,saya ingin mengambil cuti setahun dan berkeliling dunia .
3492,We were late as a result of the traffic jam.,Kami terlambat akibat dari kemacetan lalu lintas.,(S (NP (PRP We)) (VP (VBD were) (ADJP (JJ late)) (PP (IN as) (NP (NP (DT a) (NN result)) (PP (IN of) (NP (DT the) (NN traffic) (NN jam)))))) (. .)),simple,we were late as a result of the traffic jam .,kami terlambat akibat dari kemacetan lalu lintas .
1754,This is what I do for a living.,Ini yang kulakukan untuk hidup.,(S (NP (DT This)) (VP (VBZ is) (SBAR (WHNP (WP what)) (S (NP (PRP I)) (VP (VBP do) (PP (IN for) (NP (DT a) (NN living))))))) (. .)),complex,this is what i do for a living .,ini yang kulakukan untuk hidup .
4124,Idiomatic expressions can seldom be translated word for word.,Bentuk idiomatik jarang bisa diterjemahkan kata per kata.,(S (NP (JJ Idiomatic) (NNS expressions)) (VP (MD can) (ADVP (RB seldom)) (VP (VB be) (VP (VBN translated) (NP (NP (NN word)) (PP (IN for) (NP (NN word))))))) (. .)),simple,idiomatic expressions can seldom be translated word for word .,bentuk idiomatik jarang bisa diterjemahkan kata per kata .
3014,I can't concentrate with all this noise.,Aku tidak bisa berkonsentrasi dengan semua kebisingan ini.,(S (NP (PRP I)) (VP (MD ca) (RB n't) (VP (VB concentrate) (PP (IN with) (NP (PDT all) (DT this) (NN noise))))) (. .)),simple,i can t concentrate with all this noise .,aku tidak bisa berkonsentrasi dengan semua kebisingan ini .
1206,She was robbed of her purse.,Dompetnya dicuri.,(S (NP (PRP She)) (VP (VBD was) (VP (VBN robbed) (PP (IN of) (NP (PRP$ her) (NN purse))))) (. .)),simple,she was robbed of her purse .,dompetnya dicuri .
509,Tom fell into the pool.,Tom terjatuh ke dalam kolam.,(S (NP (NNP Tom)) (VP (VBD fell) (PP (IN into) (NP (DT the) (NN pool)))) (. .)),simple,tom fell into the pool .,tom terjatuh ke dalam kolam .
3221,"""Tatoeba"" means ""for example"" in Japanese.","""Tatoeba"" dalam Bahasa Jepang berarti ""contohnya"".","(S (`` "") (NP (NNP Tatoeba)) ('' "") (VP (VBZ means) (`` "") (PP (IN for) (NP (NN example))) ('' "") (PP (IN in) (NP (NNP Japanese)))) (. .))",simple, tatoeba means for example in japanese ., tatoeba dalam bahasa jepang berarti contohnya .
597,I want to look like her.,Aku ingin kamu berpenampilan seperti dia.,(S (NP (PRP I)) (VP (VBP want) (S (VP (TO to) (VP (VB look) (PP (IN like) (NP (PRP her))))))) (. .)),simple,i want to look like her .,aku ingin kamu berpenampilan seperti dia .
2863,We have had a lot of rain this summer.,Kita dapat banyak hujan musim panas ini.,(S (NP (PRP We)) (VP (VBP have) (VP (VBN had) (NP (NP (DT a) (NN lot)) (PP (IN of) (NP (NN rain)))) (NP (DT this) (NN summer)))) (. .)),simple,we have had a lot of rain this summer .,kita dapat banyak hujan musim panas ini .
2189,I have three chickens in my house.,Ada tiga ayam di rumah saya.,(S (NP (PRP I)) (VP (VBP have) (NP (CD three) (NNS chickens)) (PP (IN in) (NP (PRP$ my) (NN house)))) (. .)),simple,i have three chickens in my house .,ada tiga ayam di rumah saya .
1957,"Tom sold his house for $300,000.",Tom menjual rumahnya $300000.,"(S (NP (NNP Tom)) (VP (VBD sold) (NP (PRP$ his) (NN house)) (PP (IN for) (NP ($ $) (CD 300,000)))) (. .))",simple,tom sold his house for .,tom menjual rumahnya .
981,Banks open at nine o'clock.,Bank buka pada pukul sembilan.,(S (NP (NNS Banks)) (VP (JJ open) (PP (IN at) (NP (CD nine) (NN o'clock)))) (. .)),simple,banks open at nine o clock .,bank buka pada pukul sembilan .
1909,The ball rolled across the road.,Bola itu menggelinding melintasi jala.,(S (NP (DT The) (NN ball)) (VP (VBD rolled) (PP (IN across) (NP (DT the) (NN road)))) (. .)),simple,the ball rolled across the road .,bola itu menggelinding melintasi jala .
3981,There's a swimming pool not too far from where I live.,Tidak jauh dari tempat tinggalku ada kolam renang.,(S (NP (EX There)) (VP (VBZ 's) (NP (DT a) (NN swimming) (NN pool)) (ADVP (RB not) (RB too) (RB far) (PP (IN from) (SBAR (WHADVP (WRB where)) (S (NP (PRP I)) (VP (VBP live))))))) (. .)),complex,there s a swimming pool not too far from where i live .,tidak jauh dari tempat tinggalku ada kolam renang .
518,Tom is good at cooking.,Tom pandai dalam hal memasak.,(S (NP (NNP Tom)) (VP (VBZ is) (ADJP (JJ good) (PP (IN at) (S (VP (VBG cooking)))))) (. .)),simple,tom is good at cooking .,tom pandai dalam hal memasak .
3269,The typhoon moved in a westerly direction.,Angin topan itu bergerak ke arah barat.,(S (NP (DT The) (NN typhoon)) (VP (VBD moved) (PP (IN in) (NP (DT a) (JJ westerly) (NN direction)))) (. .)),simple,the typhoon moved in a westerly direction .,angin topan itu bergerak ke arah barat .
767,She looked up at the sky.,Ia melihat ke atas langit.,(S (NP (PRP She)) (VP (VBD looked) (ADVP (RB up)) (PP (IN at) (NP (DT the) (NN sky)))) (. .)),simple,she looked up at the sky .,ia melihat ke atas langit .
4187,I've been waiting since six o'clock and still my turn hasn't come.,Saya sudah menunggu sejak pukul enam dan masih belum mendapat giliran.,(S (S (NP (PRP I)) (VP (VBP 've) (VP (VBN been) (VP (VBG waiting) (PP (IN since) (NP (CD six) (NN o'clock))))))) (CC and) (S (ADVP (RB still)) (NP (PRP$ my) (NN turn)) (VP (VBZ has) (RB n't) (VP (VBN come)))) (. .)),compound,i ve been waiting since six o clock and still my turn hasn t come .,saya sudah menunggu sejak pukul enam dan masih belum mendapat giliran .
1726,She wouldn't be happy with him.,Dia tidak akan senang dengannya.,(S (NP (PRP She)) (VP (MD would) (RB n't) (VP (VB be) (ADJP (JJ happy) (PP (IN with) (NP (PRP him)))))) (. .)),simple,she wouldn t be happy with him .,dia tidak akan senang dengannya .
1651,He grew up in a little village.,Dia dibesarkan di sebuah desa kecil.,(S (NP (PRP He)) (VP (VBD grew) (PRT (RP up)) (PP (IN in) (NP (DT a) (JJ little) (NN village)))) (. .)),simple,he grew up in a little village .,dia dibesarkan di sebuah desa kecil .
2772,He drew two squares on the blackboard.,Dia menggambar dua buah persegi pada papan tulis.,(S (NP (PRP He)) (VP (VBD drew) (NP (CD two) (NNS squares)) (PP (IN on) (NP (DT the) (NN blackboard)))) (. .)),simple,he drew two squares on the blackboard .,dia menggambar dua buah persegi pada papan tulis .
2981,Tom said that he had to work on Monday.,Tom berkata bahwa dia harus bekerja pada hari Senin.,(S (NP (NNP Tom)) (VP (VBD said) (SBAR (IN that) (S (NP (PRP he)) (VP (VBD had) (S (VP (TO to) (VP (VB work) (PP (IN on) (NP (NNP Monday)))))))))) (. .)),complex,tom said that he had to work on monday .,tom berkata bahwa dia harus bekerja pada hari senin .
3833,Tom and Mary rode their horses through the canyon.,Tom dan Mary menunggang kuda mereka melewati ngarai.,(S (NP (NNP Tom) (CC and) (NNP Mary)) (VP (VBD rode) (NP (PRP$ their) (NNS horses)) (PP (IN through) (NP (DT the) (NN canyon)))) (. .)),simple,tom and mary rode their horses through the canyon .,tom dan mary menunggang kuda mereka melewati ngarai .
3109,Could I please have one more can of beer?,Bisa saya pesan satu kaleng bir lagi?,(SQ (MD Could) (NP (PRP I)) (ADVP (RB please)) (VP (VB have) (NP (NP (CD one) (JJR more) (NN can)) (PP (IN of) (NP (NN beer))))) (. ?)),simple,could i please have one more can of beer ?,bisa saya pesan satu kaleng bir lagi ?
421,We're looking for Tom.,Kami sedang mencari Tom.,(S (NP (PRP We)) (VP (VBP 're) (VP (VBG looking) (PP (IN for) (NP (NNP Tom))))) (. .)),simple,we re looking for tom .,kami sedang mencari tom .
123,Tom isn't at home.,Tom tidak ada di rumah.,(S (NP (NNP Tom)) (VP (VBZ is) (RB n't) (PP (IN at) (NP (NN home)))) (. .)),simple,tom isn t at home .,tom tidak ada di rumah .
3107,Can you give me the definition of a cone?,Bisa berikan aku definisi kerucut?,(SQ (MD Can) (NP (PRP you)) (VP (VB give) (NP (PRP me)) (NP (NP (DT the) (NN definition)) (PP (IN of) (NP (DT a) (NN cone))))) (. ?)),simple,can you give me the definition of a cone ?,bisa berikan aku definisi kerucut ?
2972,Tom is preparing dinner in the kitchen.,Tom mempersiapkan makan malam di dapur.,(S (NP (NNP Tom)) (VP (VBZ is) (VP (VBG preparing) (NP (NP (NN dinner)) (PP (IN in) (NP (DT the) (NN kitchen)))))) (. .)),simple,tom is preparing dinner in the kitchen .,tom mempersiapkan makan malam di dapur .
1244,Tom lives in Boston as well.,Tom juga tinggal di Boston.,(S (NP (NNP Tom)) (VP (VBZ lives) (PP (IN in) (NP (NNP Boston))) (ADVP (RB as) (RB well))) (. .)),simple,tom lives in boston as well .,tom juga tinggal di boston .
819,Welcome to San Francisco.,Selamat datang di San Fransisco.,(FRAG (UH Welcome) (PP (IN to) (NP (NNP San) (NNP Francisco))) (. .)),simple,welcome to san francisco .,selamat datang di san fransisco .
1403,The king lives in the castle.,Sang raja tinggal di istana.,(S (NP (DT The) (NN king)) (VP (VBZ lives) (PP (IN in) (NP (DT the) (NN castle)))) (. .)),simple,the king lives in the castle .,sang raja tinggal di istana .
1382,My cat vomited on the carpet.,Kucingku muntah di atas karpet.,(S (NP (PRP$ My) (NN cat)) (VP (VBD vomited) (PP (IN on) (NP (DT the) (NN carpet)))) (. .)),simple,my cat vomited on the carpet .,kucingku muntah di atas karpet .
100,I got off the bus.,Aku turun dari bus.,(S (NP (PRP I)) (VP (VBD got) (PP (IN off) (NP (DT the) (NN bus)))) (. .)),simple,i got off the bus .,aku turun dari bus .
3978,I've been subscribing to that magazine for four years.,Aku sudah berlangganan majalah itu selama empat tahun.,(S (NP (PRP I)) (VP (VBP 've) (VP (VBN been) (VP (VBG subscribing) (PP (IN to) (NP (DT that) (NN magazine))) (PP (IN for) (NP (CD four) (NNS years)))))) (. .)),simple,i ve been subscribing to that magazine for four years .,aku sudah berlangganan majalah itu selama empat tahun .
1575,The train arrived on schedule.,Keretanya tiba sesuai jadwal.,(S (NP (DT The) (NN train)) (VP (VBD arrived) (PP (IN on) (NP (NN schedule)))) (. .)),simple,the train arrived on schedule .,keretanya tiba sesuai jadwal .
1638,Beer bottles are made of glass.,Botol bir terbuat dari kaca.,(S (NP (NN Beer) (NNS bottles)) (VP (VBP are) (VP (VBN made) (PP (IN of) (NP (NN glass))))) (. .)),simple,beer bottles are made of glass .,botol bir terbuat dari kaca .
1795,What do you have your feet for?,Untuk apa kau memiliki kaki?,(SBARQ (WHNP (WP What)) (SQ (VBP do) (NP (PRP you)) (VP (VB have) (NP (PRP$ your) (NNS feet)) (PP (IN for)))) (. ?)),simple,what do you have your feet for ?,untuk apa kau memiliki kaki ?
1283,You look as healthy as ever.,Kau terlihat sehat seperti biasanya.,(S (NP (PRP You)) (VP (VBP look) (ADJP (ADJP (RB as) (JJ healthy)) (PP (IN as) (ADVP (RB ever))))) (. .)),simple,you look as healthy as ever .,kau terlihat sehat seperti biasanya .
4138,Tom sat on the edge of the bridge with his feet in the water.,Tom duduk di tepi jembatan dengan kakinya di dalam air.,(S (NP (NNP Tom)) (VP (VBD sat) (PP (IN on) (NP (NP (DT the) (NN edge)) (PP (IN of) (NP (DT the) (NN bridge))))) (PP (IN with) (NP (NP (PRP$ his) (NNS feet)) (PP (IN in) (NP (DT the) (NN water)))))) (. .)),simple,tom sat on the edge of the bridge with his feet in the water .,tom duduk di tepi jembatan dengan kakinya di dalam air .
3431,I have to think about what needs to be done.,Saya harus berpikir tentang apa yang harus diselesaikan.,(S (NP (PRP I)) (VP (VBP have) (S (VP (TO to) (VP (VB think) (PP (IN about) (SBAR (WHNP (WP what)) (S (VP (VBZ needs) (S (VP (TO to) (VP (VB be) (VP (VBN done))))))))))))) (. .)),complex,i have to think about what needs to be done .,saya harus berpikir tentang apa yang harus diselesaikan .
3952,The traffic jam caused me to be late for the meeting.,Kemacetan lalu lintas menyebabkanku terlambat untuk meeting/pertemuan.,(S (NP (DT The) (NN traffic) (NN jam)) (VP (VBD caused) (S (NP (PRP me)) (VP (TO to) (VP (VB be) (ADJP (JJ late) (PP (IN for) (NP (DT the) (NN meeting)))))))) (. .)),simple,the traffic jam caused me to be late for the meeting .,kemacetan lalu lintas menyebabkanku terlambat untuk meeting pertemuan .
1103,Tom was in the car as well.,Tom berada di dalam mobil juga.,(S (NP (NNP Tom)) (VP (VBD was) (PP (IN in) (NP (DT the) (NN car))) (ADVP (RB as) (RB well))) (. .)),simple,tom was in the car as well .,tom berada di dalam mobil juga .
3246,I think you should talk to Tom about this.,Saya rasa kamu harus berbicara dengan Tom tentang hal ini.,(S (NP (PRP I)) (VP (VBP think) (SBAR (S (NP (PRP you)) (VP (MD should) (VP (VB talk) (PP (IN to) (NP (NNP Tom))) (PP (IN about) (NP (DT this)))))))) (. .)),complex,i think you should talk to tom about this .,saya rasa kamu harus berbicara dengan tom tentang hal ini .
3318,He has made little progress in his English.,Dia mengalami sedikit kemajuan dalam Bahasa Inggris.,(S (NP (PRP He)) (VP (VBZ has) (VP (VBN made) (NP (JJ little) (NN progress)) (PP (IN in) (NP (PRP$ his) (NNP English))))) (. .)),simple,he has made little progress in his english .,dia mengalami sedikit kemajuan dalam bahasa inggris .
1517,I wasn't looking for anything.,Saya tidak mencari apa apa,(S (NP (PRP I)) (VP (VBD was) (RB n't) (VP (VBG looking) (PP (IN for) (NP (NN anything))))) (. .)),simple,i wasn t looking for anything .,saya tidak mencari apa apa
3608,My father didn't allow me to study in the USA.,Ayahku tidak mengizinkanku belajar di AS.,(S (NP (PRP$ My) (NN father)) (VP (VBD did) (RB n't) (VP (VB allow) (S (NP (PRP me)) (VP (TO to) (VP (VB study) (PP (IN in) (NP (DT the) (NNP USA)))))))) (. .)),simple,my father didn t allow me to study in the usa .,ayahku tidak mengizinkanku belajar di as .
3389,Tom and Mary almost never talk about money.,Tom dan Mary hampir tidak pernah membicarakan uang.,(S (NP (NNP Tom) (CC and) (NNP Mary)) (ADVP (RB almost) (RB never)) (VP (VBP talk) (PP (IN about) (NP (NN money)))) (. .)),simple,tom and mary almost never talk about money .,tom dan mary hampir tidak pernah membicarakan uang .
1352,I think I'm in love with you.,Kurasa aku jatuh cinta padamu.,(S (NP (PRP I)) (VP (VBP think) (SBAR (S (NP (PRP I)) (VP (VBP 'm) (PP (IN in) (NP (NP (NN love)) (PP (IN with) (NP (PRP you))))))))) (. .)),complex,i think i m in love with you .,kurasa aku jatuh cinta padamu .
2022,How many countries are in Europe?,Ada berapa negara di Eropa?,(SBARQ (WHNP (WHADJP (WRB How) (JJ many)) (NNS countries)) (SQ (VBP are) (PP (IN in) (NP (NNP Europe)))) (. ?)),simple,how many countries are in europe ?,ada berapa negara di eropa ?
3744,Tom advised Mary to do that as soon as possible.,Tom menyarankan Mary untuk melakukan itu sesegera mungkin.,(S (NP (NNP Tom)) (VP (VBD advised) (NP (NNP Mary)) (S (VP (TO to) (VP (VB do) (NP (DT that)) (ADVP (ADVP (RB as) (RB soon)) (PP (IN as) (ADJP (JJ possible)))))))) (. .)),simple,tom advised mary to do that as soon as possible .,tom menyarankan mary untuk melakukan itu sesegera mungkin .
3478,Tom barely avoided crashing into Mary's car.,Tom nyaris menabrak mobil Mary.,(S (NP (NNP Tom)) (ADVP (RB barely)) (VP (VBD avoided) (S (VP (VBG crashing) (PP (IN into) (NP (NP (NNP Mary) (POS 's)) (NN car)))))) (. .)),simple,tom barely avoided crashing into mary s car .,tom nyaris menabrak mobil mary .
982,Boston isn't far from here.,Boston tidak jauh dari sini.,(S (NP (NNP Boston)) (VP (VBZ is) (RB n't) (ADVP (RB far) (PP (IN from) (ADVP (RB here))))) (. .)),simple,boston isn t far from here .,boston tidak jauh dari sini .
456,I heard all about that.,Saya mendengar semuanya.,(S (NP (PRP I)) (VP (VBD heard) (PP (ADVP (DT all)) (IN about) (NP (DT that)))) (. .)),simple,i heard all about that .,saya mendengar semuanya .
2623,We've done it twice in three months.,Kami telah melakukannya dua kali dalam tiga bulan.,(S (NP (PRP We)) (VP (VBP 've) (VP (VBN done) (NP (PRP it)) (ADVP (RB twice)) (PP (IN in) (NP (CD three) (NNS months))))) (. .)),simple,we ve done it twice in three months .,kami telah melakukannya dua kali dalam tiga bulan .
3347,Let me congratulate you on your engagement.,Selamat atas pertunangan Anda.,(S (VP (VB Let) (S (NP (PRP me)) (VP (VB congratulate) (NP (PRP you)) (PP (IN on) (NP (PRP$ your) (NN engagement)))))) (. .)),simple,let me congratulate you on your engagement .,selamat atas pertunangan anda .
3335,I need Tom to do a couple of things for me.,Aku perlu Tom melakukan beberapa hal untukku.,(S (NP (PRP I)) (VP (VBP need) (S (NP (NNP Tom)) (VP (TO to) (VP (VB do) (NP (NP (DT a) (NN couple)) (PP (IN of) (NP (NNS things)))) (PP (IN for) (NP (PRP me))))))) (. .)),simple,i need tom to do a couple of things for me .,aku perlu tom melakukan beberapa hal untukku .
3626,They had not fought for more than forty years.,Mereka sudah tidak bertarung selama lebih dari 40 tahun.,(S (NP (PRP They)) (VP (VBD had) (RB not) (VP (VBN fought) (PP (IN for) (NP (QP (JJR more) (IN than) (CD forty)) (NNS years))))) (. .)),simple,they had not fought for more than forty years .,mereka sudah tidak bertarung selama lebih dari tahun .
3852,It won't be long before you get used to doing this.,Tidak lama lagi kamu akan terbiasa melakukan ini.,(S (NP (PRP It)) (VP (MD wo) (RB n't) (VP (VB be) (ADVP (JJ long)) (SBAR (IN before) (S (NP (PRP you)) (VP (VB get) (VP (VBN used) (PP (IN to) (S (VP (VBG doing) (NP (DT this))))))))))) (. .)),complex,it won t be long before you get used to doing this .,tidak lama lagi kamu akan terbiasa melakukan ini .
381,Is there life on Mars?,Apakah ada kehidupan di Mars?,(SQ (VBZ Is) (NP (EX there)) (NP (NP (NN life)) (PP (IN on) (NP (NNP Mars)))) (. ?)),simple,is there life on mars ?,apakah ada kehidupan di mars ?
641,Tom hid under the table.,Tom bersembunyi di bawah meja.,(S (NP (NNP Tom)) (VP (VBD hid) (PP (IN under) (NP (DT the) (NN table)))) (. .)),simple,tom hid under the table .,tom bersembunyi di bawah meja .
2215,"In the meantime, she began to cry.","Sementara itu, dia mulai menangis.","(S (PP (IN In) (NP (DT the) (NN meantime))) (, ,) (NP (PRP she)) (VP (VBD began) (S (VP (TO to) (VP (VB cry))))) (. .))",simple,in the meantime she began to cry .,sementara itu dia mulai menangis .
3226,"As a result of the blow, he became insane.","Akibat pukulan itu, dia menjadi gila.","(S (PP (IN As) (NP (NP (DT a) (NN result)) (PP (IN of) (NP (DT the) (NN blow))))) (, ,) (NP (PRP he)) (VP (VBD became) (ADJP (JJ insane))) (. .))",simple,as a result of the blow he became insane .,akibat pukulan itu dia menjadi gila .
1490,He's attracted to black women.,Dia tertarik pada wanita berkulit hitam.,(S (NP (PRP He)) (VP (VBZ 's) (VP (VBN attracted) (PP (IN to) (NP (JJ black) (NNS women))))) (. .)),simple,he s attracted to black women .,dia tertarik pada wanita berkulit hitam .
4088,Yesterday a foreigner spoke to me in English on the train.,Kemarin orang luar negeri berbicara kepadaku menggunakan Bahasa Inggris di kereta.,(S (NP (NN Yesterday)) (NP (DT a) (NN foreigner)) (VP (VBD spoke) (PP (IN to) (NP (PRP me))) (PP (IN in) (NP (NNP English))) (PP (IN on) (NP (DT the) (NN train)))) (. .)),simple,yesterday a foreigner spoke to me in english on the train .,kemarin orang luar negeri berbicara kepadaku menggunakan bahasa inggris di kereta .
1010,I can't deal with this now.,Saya tidak bisa menangani ini sekarang.,(S (NP (PRP I)) (VP (MD ca) (RB n't) (VP (VB deal) (PP (IN with) (NP (DT this))) (ADVP (RB now)))) (. .)),simple,i can t deal with this now .,saya tidak bisa menangani ini sekarang .
286,My father is at home.,Ayah saya ada di rumah.,(S (NP (PRP$ My) (NN father)) (VP (VBZ is) (PP (IN at) (NP (NN home)))) (. .)),simple,my father is at home .,ayah saya ada di rumah .
4295,You should read the kind of books that contain the kind of information that will be useful to you later in life.,Kamu harus membaca jenis buku yang informasinya dapat berguna untukmu di masa depan.,(S (NP (PRP You)) (VP (MD should) (VP (VB read) (NP (NP (NP (DT the) (NN kind)) (PP (IN of) (NP (NNS books)))) (SBAR (WHNP (WDT that)) (S (VP (VBP contain) (NP (NP (NP (DT the) (NN kind)) (PP (IN of) (NP (NN information)))) (SBAR (WHNP (WDT that)) (S (VP (MD will) (VP (VB be) (ADJP (JJ useful) (PP (IN to) (NP (PRP you)))) (ADVP (RB later) (PP (IN in) (NP (NN life))))))))))))))) (. .)),complex,you should read the kind of books that contain the kind of information that will be useful to you later in life .,kamu harus membaca jenis buku yang informasinya dapat berguna untukmu di masa depan .
662,We're worried about you.,Kami mengkhawatirkanmu.,(S (NP (PRP We)) (VP (VBP 're) (ADJP (VBN worried) (PP (IN about) (NP (PRP you))))) (. .)),simple,we re worried about you .,kami mengkhawatirkanmu .
2475,You don't need to worry about that.,Anda tidak perlu kuatir dengan hal itu.,(S (NP (PRP You)) (VP (VBP do) (RB n't) (VP (VB need) (S (VP (TO to) (VP (VB worry) (PP (IN about) (NP (DT that)))))))) (. .)),simple,you don t need to worry about that .,anda tidak perlu kuatir dengan hal itu .
3189,This is the hotel that we always stay in.,Ini adalah hotel tempat kami selalu menginap.,(S (NP (DT This)) (VP (VBZ is) (NP (NP (DT the) (NN hotel)) (SBAR (WHNP (WDT that)) (S (NP (PRP we)) (ADVP (RB always)) (VP (VBP stay) (PP (IN in))))))) (. .)),complex,this is the hotel that we always stay in .,ini adalah hotel tempat kami selalu menginap .
4096,I never thought he was capable of doing something so cruel.,Saya tidak menyangka ia bisa berbuat sekejam itu,(S (NP (PRP I)) (ADVP (RB never)) (VP (VBD thought) (SBAR (S (NP (PRP he)) (VP (VBD was) (ADJP (JJ capable) (PP (IN of) (S (VP (VBG doing) (NP (NP (NN something)) (ADJP (RB so) (JJ cruel))))))))))) (. .)),complex,i never thought he was capable of doing something so cruel .,saya tidak menyangka ia bisa berbuat sekejam itu
2167,God created the world in six days.,Tuhan menciptakan dunia dalam waktu enam hari.,(S (NP (NNP God)) (VP (VBD created) (NP (DT the) (NN world)) (PP (IN in) (NP (CD six) (NNS days)))) (. .)),simple,god created the world in six days .,tuhan menciptakan dunia dalam waktu enam hari .
4089,Antares is the brightest star in the constellation Scorpio.,Antares adalah bintang paling terang di rasi bintang Skorpio.,(S (NP (NNP Antares)) (VP (VBZ is) (NP (NP (DT the) (JJS brightest) (NN star)) (PP (IN in) (NP (DT the) (NN constellation) (NNP Scorpio))))) (. .)),simple,antares is the brightest star in the constellation scorpio .,antares adalah bintang paling terang di rasi bintang skorpio .
3576,His mother is constantly complaining about it.,Ibunya selalu mengeluh tentang hal itu.,(S (NP (PRP$ His) (NN mother)) (VP (VBZ is) (ADVP (RB constantly)) (VP (VBG complaining) (PP (IN about) (NP (PRP it))))) (. .)),simple,his mother is constantly complaining about it .,ibunya selalu mengeluh tentang hal itu .
3530,Let's do it at our own pace without hurrying.,Mari kita melakukannya dengan tidak tergesa-gesa dan sesuaikan dengan kemampuan kita.,(S (VP (VB Let) (S (NP (PRP 's)) (VP (VB do) (NP (PRP it)) (PP (IN at) (NP (PRP$ our) (JJ own) (NN pace))) (PP (IN without) (S (VP (VBG hurrying))))))) (. .)),simple,let s do it at our own pace without hurrying .,mari kita melakukannya dengan tidak tergesa gesa dan sesuaikan dengan kemampuan kita .
3422,"From now on, I'm only going to speak French.",Mulai sekarang aku hanya akan berbicara bahasa Prancis.,"(S (PP (PP (IN From) (ADVP (RB now))) (ADVP (RB on))) (, ,) (NP (PRP I)) (VP (VBP 'm) (ADVP (RB only)) (VP (VBG going) (S (VP (TO to) (VP (VB speak) (NP (NNP French))))))) (. .))",simple,from now on i m only going to speak french .,mulai sekarang aku hanya akan berbicara bahasa prancis .
2307,"When in Rome, do as the Romans do.","Di mana bumi dipijak, di situ langit dijunjung","(S (SBAR (WHADVP (WRB When)) (PP (IN in) (NP (NNP Rome)))) (, ,) (VP (VB do) (SBAR (IN as) (S (NP (DT the) (NNPS Romans)) (VP (VBP do))))) (. .))",complex,when in rome do as the romans do .,di mana bumi dipijak di situ langit dijunjung
2494,He married a girl of his own choice.,Dia menikahi seorang gadis pilihannya.,(S (NP (PRP He)) (VP (VBD married) (NP (NP (DT a) (NN girl)) (PP (IN of) (NP (PRP$ his) (JJ own) (NN choice))))) (. .)),simple,he married a girl of his own choice .,dia menikahi seorang gadis pilihannya .
2138,What did you do over the weekend?,Apa yang kau lakukan di akhir pekan?,(SBARQ (WHNP (WP What)) (SQ (VBD did) (NP (PRP you)) (VP (VB do) (PP (IN over) (NP (DT the) (NN weekend))))) (. ?)),simple,what did you do over the weekend ?,apa yang kau lakukan di akhir pekan ?
2893,He attributes his success to good luck.,Dia menganggap kalau dirinya berhasil karena beruntung.,(S (NP (PRP He)) (VP (VBZ attributes) (NP (PRP$ his) (NN success)) (PP (IN to) (NP (JJ good) (NN luck)))) (. .)),simple,he attributes his success to good luck .,dia menganggap kalau dirinya berhasil karena beruntung .
845,Don't treat me like a dog.,Jangan perlakukan aku seperti anjing.,(S (VP (VBP Do) (RB n't) (VP (VB treat) (NP (PRP me)) (PP (IN like) (NP (DT a) (NN dog))))) (. .)),simple,don t treat me like a dog .,jangan perlakukan aku seperti anjing .
542,You were at my wedding.,Kamu ada pada acara pernikahanku.,(S (NP (PRP You)) (VP (VBD were) (PP (IN at) (NP (PRP$ my) (NN wedding)))) (. .)),simple,you were at my wedding .,kamu ada pada acara pernikahanku .
1924,These boxes are made of plastic.,Kotak-kotak ini terbuat dari plastik.,(S (NP (DT These) (NNS boxes)) (VP (VBP are) (VP (VBN made) (PP (IN of) (NP (NN plastic))))) (. .)),simple,these boxes are made of plastic .,kotak kotak ini terbuat dari plastik .
91,Finish it for Tom.,Selesaikan untuk Tom.,(S (VP (VB Finish) (NP (PRP it)) (PP (IN for) (NP (NNP Tom)))) (. .)),simple,finish it for tom .,selesaikan untuk tom .
2715,Tom cooked a delicious dinner for us.,Tom memasak makanan yang lezat untuk kami.,(S (NP (NNP Tom)) (VP (VBD cooked) (NP (DT a) (JJ delicious) (NN dinner)) (PP (IN for) (NP (PRP us)))) (. .)),simple,tom cooked a delicious dinner for us .,tom memasak makanan yang lezat untuk kami .
2877,Your speech was far from satisfactory.,Pidatomu jauh dari memuaskan.,(S (NP (PRP$ Your) (NN speech)) (VP (VBD was) (ADVP (RB far) (PP (IN from) (ADJP (JJ satisfactory))))) (. .)),simple,your speech was far from satisfactory .,pidatomu jauh dari memuaskan .
2498,His neighbors are suspicious of him.,Tetangga-tetangganya mencurigainya.,(S (NP (PRP$ His) (NNS neighbors)) (VP (VBP are) (ADJP (JJ suspicious) (PP (IN of) (NP (PRP him))))) (. .)),simple,his neighbors are suspicious of him .,tetangga tetangganya mencurigainya .
2045,I lived with Tom for three years.,Aku tinggal bersama Tom selama tiga tahun.,(S (NP (PRP I)) (VP (VBD lived) (PP (IN with) (NP (NNP Tom))) (PP (IN for) (NP (CD three) (NNS years)))) (. .)),simple,i lived with tom for three years .,aku tinggal bersama tom selama tiga tahun .
1196,My house faces to the south.,Rumahku menghadap selatan.,(S (NP (PRP$ My) (NN house)) (VP (VBZ faces) (PP (IN to) (NP (DT the) (NN south)))) (. .)),simple,my house faces to the south .,rumahku menghadap selatan .
2083,The boy complained of a headache.,Anak laki-laki itu mengeluh sakit kepala.,(S (NP (DT The) (NN boy)) (VP (VBD complained) (PP (IN of) (NP (DT a) (NN headache)))) (. .)),simple,the boy complained of a headache .,anak laki laki itu mengeluh sakit kepala .
1102,Tom was condemned to death.,Tom dijatuhi hukuman mati.,(S (NP (NNP Tom)) (VP (VBD was) (VP (VBN condemned) (PP (IN to) (NP (NN death))))) (. .)),simple,tom was condemned to death .,tom dijatuhi hukuman mati .
3770,I lost my bearings when I came out of the subway.,Aku kehilangan kesabaranku ketika keluar dari kereta bawah tanah.,(S (NP (PRP I)) (VP (VBD lost) (NP (PRP$ my) (NNS bearings)) (SBAR (WHADVP (WRB when)) (S (NP (PRP I)) (VP (VBD came) (PP (IN out) (PP (IN of) (NP (DT the) (NN subway)))))))) (. .)),complex,i lost my bearings when i came out of the subway .,aku kehilangan kesabaranku ketika keluar dari kereta bawah tanah .
3427,I don't know anything about classical music.,Aku tidak tahu apa-apa soal musik klasik.,(S (NP (PRP I)) (VP (VBP do) (RB n't) (VP (VB know) (NP (NP (NN anything)) (PP (IN about) (NP (JJ classical) (NN music)))))) (. .)),simple,i don t know anything about classical music .,aku tidak tahu apa apa soal musik klasik .
2545,Japan is hit by typhoons every year.,Jepang terkena topan setiap tahun.,(S (NP (NNP Japan)) (VP (VBZ is) (VP (VBN hit) (PP (IN by) (NP (NNS typhoons))) (NP (DT every) (NN year)))) (. .)),simple,japan is hit by typhoons every year .,jepang terkena topan setiap tahun .
2186,I can't find the keys to my house.,Aku tidak menemukan kunci rumahku.,(S (NP (PRP I)) (VP (MD ca) (RB n't) (VP (VB find) (NP (NP (DT the) (NNS keys)) (PP (IN to) (NP (PRP$ my) (NN house)))))) (. .)),simple,i can t find the keys to my house .,aku tidak menemukan kunci rumahku .
2430,Thousands of people gathered there.,Ribuan orang berkumpul di sana.,(S (NP (NP (NNS Thousands)) (PP (IN of) (NP (NNS people)))) (VP (VBD gathered) (ADVP (RB there))) (. .)),simple,thousands of people gathered there .,ribuan orang berkumpul di sana .
2807,No one is to leave without permission.,Tidak ada yang boleh keluar tanpa izin.,(S (NP (DT No) (NN one)) (VP (VBZ is) (S (VP (TO to) (VP (VB leave) (PP (IN without) (NP (NN permission))))))) (. .)),simple,no one is to leave without permission .,tidak ada yang boleh keluar tanpa izin .
3599,"In Japan, the new school year begins in April.","Di Jepang, tahun ajaran baru dimulai pada bulan April.","(S (PP (IN In) (NP (NNP Japan))) (, ,) (NP (DT the) (JJ new) (NN school) (NN year)) (VP (VBZ begins) (PP (IN in) (NP (NNP April)))) (. .))",simple,in japan the new school year begins in april .,di jepang tahun ajaran baru dimulai pada bulan april .
3664,I hadn't bargained on such a heavy traffic jam.,Aku tidak bisa tawar menawar dengan kemacetan yang parah seperti ini.,(S (NP (PRP I)) (VP (VBD had) (RB n't) (VP (VBN bargained) (PP (IN on) (NP (PDT such) (DT a) (JJ heavy) (NN traffic) (NN jam))))) (. .)),simple,i hadn t bargained on such a heavy traffic jam .,aku tidak bisa tawar menawar dengan kemacetan yang parah seperti ini .
1048,Is this word in common use?,Apakah kata ini sering digunakan?,(SQ (VBZ Is) (NP (DT this) (NN word)) (PP (IN in) (NP (JJ common) (NN use))) (. ?)),simple,is this word in common use ?,apakah kata ini sering digunakan ?
3198,Tom congratulated Mary on her graduation.,Tom mengucapkan selamat kepada Mary ketika kelulusannya.,(S (NP (NNP Tom)) (VP (VBD congratulated) (NP (NNP Mary)) (PP (IN on) (NP (PRP$ her) (NN graduation)))) (. .)),simple,tom congratulated mary on her graduation .,tom mengucapkan selamat kepada mary ketika kelulusannya .
2102,Tom ended up sleeping in his car.,Tom akhirnya tidur di dalam mobilnya.,(S (NP (NNP Tom)) (VP (VBD ended) (PRT (RP up)) (S (VP (VBG sleeping) (PP (IN in) (NP (PRP$ his) (NN car)))))) (. .)),simple,tom ended up sleeping in his car .,tom akhirnya tidur di dalam mobilnya .
898,"In case of fire, dial 119.","Kalau kebakaran, hubungi 119.","(S (PP (IN In) (NP (NP (NN case)) (PP (IN of) (NP (NN fire))))) (, ,) (VP (VB dial) (NP (CD 119))) (. .))",simple,in case of fire dial .,kalau kebakaran hubungi .
1459,You should've waited for Tom.,Kamu seharusnya menunggu Tom.,(S (NP (PRP You)) (VP (MD should) (VP (VB 've) (VP (VBN waited) (PP (IN for) (NP (NNP Tom)))))) (. .)),simple,you should ve waited for tom .,kamu seharusnya menunggu tom .
2656,I don't have what you're looking for.,Aku tidak punya yang kamu cari.,(S (NP (PRP I)) (VP (VBP do) (RB n't) (VP (VB have) (SBAR (WHNP (WP what)) (S (NP (PRP you)) (VP (VBP 're) (VP (VBG looking) (PP (IN for)))))))) (. .)),complex,i don t have what you re looking for .,aku tidak punya yang kamu cari .
237,We'll be on our own.,Kita akan bergantung pada diri kita sendiri.,(S (NP (PRP We)) (VP (MD 'll) (VP (VB be) (PP (IN on) (NP (PRP$ our) (JJ own))))) (. .)),simple,we ll be on our own .,kita akan bergantung pada diri kita sendiri .
1940,Tom is a personal enemy of mine.,Tom adalah musuh pribadi saya.,(S (NP (NNP Tom)) (VP (VBZ is) (NP (NP (DT a) (JJ personal) (NN enemy)) (PP (IN of) (NP (NN mine))))) (. .)),simple,tom is a personal enemy of mine .,tom adalah musuh pribadi saya .
2159,"Close your eyes, and count to ten.","Tutup matamu, dan hitung sampai sepuluh.","(S (VP (VP (VB Close) (NP (PRP$ your) (NNS eyes))) (, ,) (CC and) (VP (VB count) (PP (IN to) (NP (CD ten))))) (. .))",simple,close your eyes and count to ten .,tutup matamu dan hitung sampai sepuluh .
1133,"Come to the party, will you?","Datanglah ke pesta, oke?","(SQ (S (VP (VB Come) (PP (IN to) (NP (DT the) (NN party))))) (, ,) (MD will) (NP (PRP you)) (. ?))",simple,come to the party will you ?,datanglah ke pesta oke ?
2940,The Golden Gate Bridge is made of iron.,Jembatan Golden Gate terbuat dari besi.,(S (NP (DT The) (NML (NNP Golden) (NNP Gate)) (NNP Bridge)) (VP (VBZ is) (VP (VBN made) (PP (IN of) (NP (NN iron))))) (. .)),simple,the golden gate bridge is made of iron .,jembatan golden gate terbuat dari besi .
1805,You can handle this without me.,Kamu bisa melakukannya tanpa aku.,(S (NP (PRP You)) (VP (MD can) (VP (VB handle) (NP (DT this)) (PP (IN without) (NP (PRP me))))) (. .)),simple,you can handle this without me .,kamu bisa melakukannya tanpa aku .
3078,Tom has been a customer for a long time.,Tom sudah menjadi pelanggan sejak lama.,(S (NP (NNP Tom)) (VP (VBZ has) (VP (VBN been) (NP (DT a) (NN customer)) (PP (IN for) (NP (DT a) (JJ long) (NN time))))) (. .)),simple,tom has been a customer for a long time .,tom sudah menjadi pelanggan sejak lama .
163,May I run with you?,Bolehkah aku berlari bersamamu?,(SQ (MD May) (NP (PRP I)) (VP (VB run) (PP (IN with) (NP (PRP you)))) (. ?)),simple,may i run with you ?,bolehkah aku berlari bersamamu ?
2592,Tom arrived at home early yesterday.,Tom tiba di rumah lebih awal kemarin.,(S (NP (NNP Tom)) (VP (VBD arrived) (PP (IN at) (NP (NN home))) (NP (JJ early) (NN yesterday))) (. .)),simple,tom arrived at home early yesterday .,tom tiba di rumah lebih awal kemarin .
3134,I don't know what I would do without you.,Aku tidak tahu apa yang akan kulakukan tanpamu.,(S (NP (PRP I)) (VP (VBP do) (RB n't) (VP (VB know) (SBAR (WHNP (WP what)) (S (NP (PRP I)) (VP (MD would) (VP (VB do) (PP (IN without) (NP (PRP you))))))))) (. .)),complex,i don t know what i would do without you .,aku tidak tahu apa yang akan kulakukan tanpamu .
252,Go back to your seat.,Kembali ke tempat dudukmu!,(S (VP (VB Go) (ADVP (RB back)) (PP (IN to) (NP (PRP$ your) (NN seat)))) (. .)),simple,go back to your seat .,kembali ke tempat dudukmu !
2481,"Are you interested in baseball, Tom?","Tom, kamu tertarik dengan permainan bisbol?","(SQ (VBP Are) (NP (PRP you)) (ADJP (ADJP (VBN interested) (PP (IN in) (NP (NN baseball)))) (, ,) (NP (NNP Tom))) (. ?))",simple,are you interested in baseball tom ?,tom kamu tertarik dengan permainan bisbol ?
3955,There's nothing I like as much as the smell of roses.,Tidak ada yang aku suka sebanyak aku suka wangi bunga mawar.,(S (NP (EX There)) (VP (VBZ 's) (NP (NP (NN nothing)) (SBAR (S (NP (PRP I)) (VP (VBP like) (ADVP (ADVP (RB as) (RB much)) (PP (IN as) (NP (NP (DT the) (NN smell)) (PP (IN of) (NP (NNS roses))))))))))) (. .)),complex,there s nothing i like as much as the smell of roses .,tidak ada yang aku suka sebanyak aku suka wangi bunga mawar .
2700,The workers were proud of their work.,Para pekerja bangga akan pekerjaannya.,(S (NP (DT The) (NNS workers)) (VP (VBD were) (ADJP (JJ proud) (PP (IN of) (NP (PRP$ their) (NN work))))) (. .)),simple,the workers were proud of their work .,para pekerja bangga akan pekerjaannya .
1791,We took turns with the driving.,Kami mengemudi secara bergantian.,(S (NP (PRP We)) (VP (VBD took) (NP (NNS turns)) (PP (IN with) (NP (DT the) (NN driving)))) (. .)),simple,we took turns with the driving .,kami mengemudi secara bergantian .
1811,Are you absolutely sure of that?,Apa kau benar-benar yakin dengan hal itu?,(SQ (VBP Are) (NP (PRP you)) (ADJP (RB absolutely) (JJ sure) (PP (IN of) (NP (DT that)))) (. ?)),simple,are you absolutely sure of that ?,apa kau benar benar yakin dengan hal itu ?
2251,The teacher went through my purse.,Pak guru memeriksa tas saya.,(S (NP (DT The) (NN teacher)) (VP (VBD went) (PP (IN through) (NP (PRP$ my) (NN purse)))) (. .)),simple,the teacher went through my purse .,pak guru memeriksa tas saya .
3256,Mt. Fuji is the highest mountain in Japan.,Gunung Fuji adalah gunung tertinggi di Jepang.,(S (NP (NNP Mt.) (NNP Fuji)) (VP (VBZ is) (NP (NP (DT the) (JJS highest) (NN mountain)) (PP (IN in) (NP (NNP Japan))))) (. .)),simple,mt . fuji is the highest mountain in japan .,gunung fuji adalah gunung tertinggi di jepang .
930,The train arrived on time.,Keretanya tiba tepat waktu.,(S (NP (DT The) (NN train)) (VP (VBD arrived) (PP (IN on) (NP (NN time)))) (. .)),simple,the train arrived on time .,keretanya tiba tepat waktu .
4004,The Taj Mahal is one of the seven wonders of the world.,Taj Mahal adalah salah satu dari tujuh keajaiban dunia.,(S (NP (DT The) (NNP Taj) (NNP Mahal)) (VP (VBZ is) (NP (NP (CD one)) (PP (IN of) (NP (NP (DT the) (CD seven) (NNS wonders)) (PP (IN of) (NP (DT the) (NN world))))))) (. .)),simple,the taj mahal is one of the seven wonders of the world .,taj mahal adalah salah satu dari tujuh keajaiban dunia .
2111,Tom left without even telling me.,Tom pergi tanpa memberitahuku.,(S (NP (NNP Tom)) (VP (VBD left) (PP (IN without) (S (ADVP (RB even)) (VP (VBG telling) (NP (PRP me)))))) (. .)),simple,tom left without even telling me .,tom pergi tanpa memberitahuku .
3435,I saw Tom and Mary in the park this morning.,Saya melihat Tom dan Mary di taman tadi pagi.,(S (NP (PRP I)) (VP (VBD saw) (NP (NNP Tom) (CC and) (NNP Mary)) (PP (IN in) (NP (DT the) (NN park))) (NP (DT this) (NN morning))) (. .)),simple,i saw tom and mary in the park this morning .,saya melihat tom dan mary di taman tadi pagi .
1698,I'd like to stay for one night.,Aku ingin menginap semalam.,(S (NP (PRP I)) (VP (MD 'd) (VP (VB like) (S (VP (TO to) (VP (VB stay) (PP (IN for) (NP (CD one) (NN night)))))))) (. .)),simple,i d like to stay for one night .,aku ingin menginap semalam .
3366,She has the bad habit of always being late.,Dia punya kebiasaan buruk selalu datang terlambat.,(S (NP (PRP She)) (VP (VBZ has) (NP (NP (DT the) (JJ bad) (NN habit)) (PP (IN of) (S (ADVP (RB always)) (VP (VBG being) (ADJP (JJ late))))))) (. .)),simple,she has the bad habit of always being late .,dia punya kebiasaan buruk selalu datang terlambat .
2683,Please write your name with a pencil.,Silakan tulis nama Anda menggunakan pensil.,(S (ADVP (RB Please)) (VP (VB write) (NP (PRP$ your) (NN name)) (PP (IN with) (NP (DT a) (NN pencil)))) (. .)),simple,please write your name with a pencil .,silakan tulis nama anda menggunakan pensil .
2073,Please help yourself to the cake.,Silakan dinikmati kuenya.,(S (VP (VB Please) (VP (VB help) (NP (PRP yourself)) (PP (IN to) (NP (DT the) (NN cake))))) (. .)),simple,please help yourself to the cake .,silakan dinikmati kuenya .
3575,He wants to buy a pearl necklace for his wife.,Dia ingin membeli kalung mutiara untuk istrinya.,(S (NP (PRP He)) (VP (VBZ wants) (S (VP (TO to) (VP (VB buy) (NP (DT a) (NN pearl) (NN necklace)) (PP (IN for) (NP (PRP$ his) (NN wife))))))) (. .)),simple,he wants to buy a pearl necklace for his wife .,dia ingin membeli kalung mutiara untuk istrinya .
2517,I have a large collection of stamps.,Saya punya banyak koleksi perangko.,(S (NP (PRP I)) (VP (VBP have) (NP (NP (DT a) (JJ large) (NN collection)) (PP (IN of) (NP (NNS stamps))))) (. .)),simple,i have a large collection of stamps .,saya punya banyak koleksi perangko .
2550,My father won't let me go to Boston.,Ayahku tidak mengizinkanku pergi ke Boston.,(S (NP (PRP$ My) (NN father)) (VP (MD wo) (RB n't) (VP (VB let) (S (NP (PRP me)) (VP (VB go) (PP (IN to) (NP (NNP Boston))))))) (. .)),simple,my father won t let me go to boston .,ayahku tidak mengizinkanku pergi ke boston .
1871,I will go there in place of you.,Aku akan pergi ke sana menggantikanmu.,(S (NP (PRP I)) (VP (MD will) (VP (VB go) (ADVP (RB there)) (PP (IN in) (NP (NP (NN place)) (PP (IN of) (NP (PRP you))))))) (. .)),simple,i will go there in place of you .,aku akan pergi ke sana menggantikanmu .
1090,Tom kissed me on the mouth.,Tom mencumbuku.,(S (NP (NNP Tom)) (VP (VBD kissed) (NP (PRP me)) (PP (IN on) (NP (DT the) (NN mouth)))) (. .)),simple,tom kissed me on the mouth .,tom mencumbuku .
3598,I've been in that line of work for five years.,Aku sudah melakukan pekerjaan itu selama lima tahun.,(S (NP (PRP I)) (VP (VBP 've) (VP (VBN been) (PP (IN in) (NP (NP (DT that) (NN line)) (PP (IN of) (NP (NN work))))) (PP (IN for) (NP (CD five) (NNS years))))) (. .)),simple,i ve been in that line of work for five years .,aku sudah melakukan pekerjaan itu selama lima tahun .
1485,He is the image of his father.,Dia adalah gambaran dari ayahnya.,(S (NP (PRP He)) (VP (VBZ is) (NP (NP (DT the) (NN image)) (PP (IN of) (NP (PRP$ his) (NN father))))) (. .)),simple,he is the image of his father .,dia adalah gambaran dari ayahnya .
3959,Tom died of rabies after having been bitten by a bat.,Tom meninggal akibat rabies setelah tergigit kelelawar.,(S (NP (NNP Tom)) (VP (VBD died) (PP (IN of) (NP (NNS rabies))) (PP (IN after) (S (VP (VBG having) (VP (VBN been) (VP (VBN bitten) (PP (IN by) (NP (DT a) (NN bat))))))))) (. .)),simple,tom died of rabies after having been bitten by a bat .,tom meninggal akibat rabies setelah tergigit kelelawar .
2247,The desk seems small in this room.,Meja itu terlihat kecil di ruangan ini.,(S (NP (DT The) (NN desk)) (VP (VBZ seems) (S (ADJP (JJ small))) (PP (IN in) (NP (DT this) (NN room)))) (. .)),simple,the desk seems small in this room .,meja itu terlihat kecil di ruangan ini .
1181,I'm taking a walk in a park.,Aku berjalan-jalan di taman.,(S (NP (PRP I)) (VP (VBP 'm) (VP (VBG taking) (NP (NP (DT a) (NN walk)) (PP (IN in) (NP (DT a) (NN park)))))) (. .)),simple,i m taking a walk in a park .,aku berjalan jalan di taman .
2088,The ticket is valid for one week.,Tiketnya berlaku selama seminggu.,(S (NP (DT The) (NN ticket)) (VP (VBZ is) (ADJP (JJ valid)) (PP (IN for) (NP (CD one) (NN week)))) (. .)),simple,the ticket is valid for one week .,tiketnya berlaku selama seminggu .
1452,What grade is your sister in?,Adikmu kelas berapa?,(SBARQ (WHNP (WP What) (NN grade)) (SQ (VBZ is) (NP (PRP$ your) (NN sister)) (PP (IN in))) (. ?)),simple,what grade is your sister in ?,adikmu kelas berapa ?
593,I usually get up at six.,Biasanya saya bangun pada pukul enam.,(S (NP (PRP I)) (ADVP (RB usually)) (VP (VBP get) (ADVP (RB up)) (PP (IN at) (NP (CD six)))) (. .)),simple,i usually get up at six .,biasanya saya bangun pada pukul enam .
677,What're you waiting for?,Apa yang sedang kamu tunggu?,(SBARQ (WHNP (WP What)) (SQ (VBP 're) (NP (PRP you)) (VP (VBG waiting) (PP (IN for)))) (. ?)),simple,what re you waiting for ?,apa yang sedang kamu tunggu ?
41,What about Tom?,Bagaimana dengan Tom?,(SBARQ (WHNP (WP What)) (PP (IN about) (NP (NNP Tom))) (. ?)),simple,what about tom ?,bagaimana dengan tom ?
560,Have you been to London?,Kau pernah pergi ke London?,(SQ (VBP Have) (NP (PRP you)) (VP (VBN been) (PP (IN to) (NP (NNP London)))) (. ?)),simple,have you been to london ?,kau pernah pergi ke london ?
2702,There is no water left in the bottle.,Tidak tersisa air didalam botol.,(S (NP (EX There)) (VP (VBZ is) (NP (NP (DT no) (NN water)) (VP (VBN left) (PP (IN in) (NP (DT the) (NN bottle)))))) (. .)),simple,there is no water left in the bottle .,tidak tersisa air didalam botol .
2171,He heard someone calling for help.,Dia mendengar seseorang meminta tolong.,(S (NP (PRP He)) (VP (VBD heard) (S (NP (NN someone)) (VP (VBG calling) (PP (IN for) (NP (NN help)))))) (. .)),simple,he heard someone calling for help .,dia mendengar seseorang meminta tolong .
2249,The rain lasted through the night.,Hujannya bertahan selama semalam penuh.,(S (NP (DT The) (NN rain)) (VP (VBD lasted) (PP (IN through) (NP (DT the) (NN night)))) (. .)),simple,the rain lasted through the night .,hujannya bertahan selama semalam penuh .
243,Are you afraid of me?,Apakah kamu takut denganku?,(SQ (VBP Are) (NP (PRP you)) (ADJP (JJ afraid) (PP (IN of) (NP (PRP me)))) (. ?)),simple,are you afraid of me ?,apakah kamu takut denganku ?
1124,You look like an orangutan.,Kamu terlihat seperti orangutan.,(S (NP (PRP You)) (VP (VBP look) (PP (IN like) (NP (DT an) (NN orangutan)))) (. .)),simple,you look like an orangutan .,kamu terlihat seperti orangutan .
1339,I have absolute trust in you.,Aku percaya sepenuhnya padamu.,(S (NP (PRP I)) (VP (VBP have) (NP (NP (JJ absolute) (NN trust)) (PP (IN in) (NP (PRP you))))) (. .)),simple,i have absolute trust in you .,aku percaya sepenuhnya padamu .
4260,Tom wanted a sports car and wasn't at all interested in even looking at family cars.,Tom menginginkan mobil 'sport' dan sama sekali tidak tertarik dengan mobil keluarga.,(S (NP (NNP Tom)) (VP (VP (VBD wanted) (NP (DT a) (NNS sports) (NN car))) (CC and) (VP (VBD was) (RB n't) (ADVP (RB at) (RB all)) (JJ interested) (PP (IN in) (S (ADVP (RB even)) (VP (VBG looking) (PP (IN at) (NP (NN family) (NNS cars)))))))) (. .)),simple,tom wanted a sports car and wasn t at all interested in even looking at family cars .,tom menginginkan mobil sport dan sama sekali tidak tertarik dengan mobil keluarga .
2405,The lion is the king of the jungle.,Singa adalah raja hutan.,(S (NP (DT The) (NN lion)) (VP (VBZ is) (NP (NP (DT the) (NN king)) (PP (IN of) (NP (DT the) (NN jungle))))) (. .)),simple,the lion is the king of the jungle .,singa adalah raja hutan .
1962,Tom went to Boston to meet Mary.,Tom pergi ke Boston untuk menemui Mary.,(S (NP (NNP Tom)) (VP (VBD went) (PP (IN to) (NP (NNP Boston))) (S (VP (TO to) (VP (VB meet) (NP (NNP Mary)))))) (. .)),simple,tom went to boston to meet mary .,tom pergi ke boston untuk menemui mary .
2019,He listened to music in his room.,Dia mendengarkan musik di kamarnya.,(S (NP (PRP He)) (VP (VBD listened) (PP (IN to) (NP (NP (NN music)) (PP (IN in) (NP (PRP$ his) (NN room)))))) (. .)),simple,he listened to music in his room .,dia mendengarkan musik di kamarnya .
1442,Tom's lunchbox is in the car.,Kotak makan Tom ada di dalam mobil.,(S (NP (NP (NNP Tom) (POS 's)) (NN lunchbox)) (VP (VBZ is) (PP (IN in) (NP (DT the) (NN car)))) (. .)),simple,tom s lunchbox is in the car .,kotak makan tom ada di dalam mobil .
261,Hide behind the sofa.,Sembunyi di balik sofa.,(S (VP (VB Hide) (PP (IN behind) (NP (DT the) (NN sofa)))) (. .)),simple,hide behind the sofa .,sembunyi di balik sofa .
4221,Just because you're my girlfriend doesn't mean I have to agree with you.,"Meskipun kau adalah pacarku, bukan berarti aku harus setuju denganmu.",(S (SBAR (ADVP (RB Just)) (IN because) (S (NP (PRP you)) (VP (VBP 're) (NP (PRP$ my) (NN girlfriend))))) (VP (VBZ does) (RB n't) (VP (VB mean) (SBAR (S (NP (PRP I)) (VP (VBP have) (S (VP (TO to) (VP (VB agree) (PP (IN with) (NP (PRP you))))))))))) (. .)),complex,just because you re my girlfriend doesn t mean i have to agree with you .,meskipun kau adalah pacarku bukan berarti aku harus setuju denganmu .
3370,Someone broke into my apartment last night.,Seseorang mendobrak masuk apartemenku semalam.,(S (NP (NN Someone)) (VP (VBD broke) (PP (IN into) (NP (PRP$ my) (NN apartment))) (NP (JJ last) (NN night))) (. .)),simple,someone broke into my apartment last night .,seseorang mendobrak masuk apartemenku semalam .
3980,The least talented player will be kicked off the team.,Pemain yang paling tidak berbakat akan dikeluarkan dari tim.,(S (NP (DT The) (ADJP (RBS least) (JJ talented)) (NN player)) (VP (MD will) (VP (VB be) (VP (VBN kicked) (PP (IN off) (NP (DT the) (NN team)))))) (. .)),simple,the least talented player will be kicked off the team .,pemain yang paling tidak berbakat akan dikeluarkan dari tim .
1689,I still haven't heard from him.,Aku masih belum menerima kabar darinya.,(S (NP (PRP I)) (ADVP (RB still)) (VP (VBP have) (RB n't) (VP (VBN heard) (PP (IN from) (NP (PRP him))))) (. .)),simple,i still haven t heard from him .,aku masih belum menerima kabar darinya .
3055,The point of the pencil has become dull.,Ujung pensilnya sudah tumpul.,(S (NP (NP (DT The) (NN point)) (PP (IN of) (NP (DT the) (NN pencil)))) (VP (VBZ has) (VP (VBN become) (ADJP (JJ dull)))) (. .)),simple,the point of the pencil has become dull .,ujung pensilnya sudah tumpul .
1725,She will come back before long.,Dia akan kembali tidak lama lagi.,(S (NP (PRP She)) (VP (MD will) (VP (VB come) (ADVP (RB back)) (PP (IN before) (ADVP (JJ long))))) (. .)),simple,she will come back before long .,dia akan kembali tidak lama lagi .
3000,Call 1-800-828-6322 for a free brochure.,Hubungi 1-800-828-6322 untuk gratis brosur.,(S (VP (VB Call) (NP ($ 1) (HYPH -) (CD 800) (HYPH -) (CD 828) (HYPH -) (CD 6322)) (PP (IN for) (NP (DT a) (JJ free) (NN brochure)))) (. .)),simple,call for a free brochure .,hubungi untuk gratis brosur .
834,You've got a lot of guts.,Kamu berani sekali.,(S (NP (PRP You)) (VP (VBP 've) (VP (VBN got) (NP (NP (DT a) (NN lot)) (PP (IN of) (NP (NNS guts)))))) (. .)),simple,you ve got a lot of guts .,kamu berani sekali .
1866,I want this garbage out of here.,Saya mau sampah ini dibuang.,(S (NP (PRP I)) (VP (VBP want) (NP (DT this) (NN garbage)) (PP (IN out) (PP (IN of) (ADVP (RB here))))) (. .)),simple,i want this garbage out of here .,saya mau sampah ini dibuang .
3467,The police promised to look into the matter.,Pihak kepolisian berjanji untuk menyelidiki kasus itu.,(S (NP (DT The) (NN police)) (VP (VBD promised) (S (VP (TO to) (VP (VB look) (PP (IN into) (NP (DT the) (NN matter))))))) (. .)),simple,the police promised to look into the matter .,pihak kepolisian berjanji untuk menyelidiki kasus itu .
3082,Tom humiliated me in front of my family.,Tom mempermalukanku di depan keluargaku.,(S (NP (NNP Tom)) (VP (VBD humiliated) (NP (PRP me)) (PP (IN in) (NP (NP (NN front)) (PP (IN of) (NP (PRP$ my) (NN family)))))) (. .)),simple,tom humiliated me in front of my family .,tom mempermalukanku di depan keluargaku .
3392,Tom didn't know what Mary thought about it.,Tom tidak tahu apa yang Mary pikirkan tentang hal itu.,(S (NP (NNP Tom)) (VP (VBD did) (RB n't) (VP (VB know) (SBAR (WHNP (WP what)) (S (NP (NNP Mary)) (VP (VBD thought) (PP (IN about) (NP (PRP it)))))))) (. .)),complex,tom didn t know what mary thought about it .,tom tidak tahu apa yang mary pikirkan tentang hal itu .
2090,There are many mysteries in life.,Ada banyak misteri dalam kehidupan.,(S (NP (EX There)) (VP (VBP are) (NP (JJ many) (NNS mysteries)) (PP (IN in) (NP (NN life)))) (. .)),simple,there are many mysteries in life .,ada banyak misteri dalam kehidupan .
340,He has a lot of money.,Dia punya banyak uang.,(S (NP (PRP He)) (VP (VBZ has) (NP (NP (DT a) (NN lot)) (PP (IN of) (NP (NN money))))) (. .)),simple,he has a lot of money .,dia punya banyak uang .
360,I said that as a joke.,Itu tadi bercanda.,(S (NP (PRP I)) (VP (VBD said) (NP (DT that)) (PP (IN as) (NP (DT a) (NN joke)))) (. .)),simple,i said that as a joke .,itu tadi bercanda .
1601,Tom borrowed a book from Mary.,Tom meminjam buku dari Mary.,(S (NP (NNP Tom)) (VP (VBD borrowed) (NP (DT a) (NN book)) (PP (IN from) (NP (NNP Mary)))) (. .)),simple,tom borrowed a book from mary .,tom meminjam buku dari mary .
748,I wrote a song about you.,Aku menulis lagu tentangmu.,(S (NP (PRP I)) (VP (VBD wrote) (NP (NP (DT a) (NN song)) (PP (IN about) (NP (PRP you))))) (. .)),simple,i wrote a song about you .,aku menulis lagu tentangmu .
113,Let's go to sleep.,Mari kita tidur.,(S (VP (VB Let) (S (NP (PRP 's)) (VP (VB go) (PP (IN to) (NP (NN sleep)))))) (. .)),simple,let s go to sleep .,mari kita tidur .
3984,Tom continued to study French for another three years.,Tom melanjutkan mempelajari bahasa Prancis hingga tiga tahun ke depan.,(S (NP (NNP Tom)) (VP (VBD continued) (S (VP (TO to) (VP (VB study) (NP (NNP French))))) (PP (IN for) (NP (DT another) (CD three) (NNS years)))) (. .)),simple,tom continued to study french for another three years .,tom melanjutkan mempelajari bahasa prancis hingga tiga tahun ke depan .
480,Is there water on Mars?,Apakah ada air di Mars?,(SQ (VBZ Is) (NP (EX there)) (NP (NN water)) (PP (IN on) (NP (NNP Mars))) (. ?)),simple,is there water on mars ?,apakah ada air di mars ?
3286,Tom lives in a small house near the river.,Tom tinggal di rumah kecil di dekat sungai.,(S (NP (NNP Tom)) (VP (VBZ lives) (PP (IN in) (NP (NP (DT a) (JJ small) (NN house)) (PP (IN near) (NP (DT the) (NN river)))))) (. .)),simple,tom lives in a small house near the river .,tom tinggal di rumah kecil di dekat sungai .
2210,I've been looking forward to this.,Aku sudah lama menantikan hal ini.,(S (NP (PRP I)) (VP (VBP 've) (VP (VBN been) (VP (VBG looking) (ADVP (RB forward)) (PP (IN to) (NP (DT this)))))) (. .)),simple,i ve been looking forward to this .,aku sudah lama menantikan hal ini .
508,Tom explained it to me.,Tom menjelaskannya padaku.,(S (NP (NNP Tom)) (VP (VBD explained) (NP (PRP it)) (PP (IN to) (NP (PRP me)))) (. .)),simple,tom explained it to me .,tom menjelaskannya padaku .
2510,I can't put up with this any longer.,Aku tidak mampu menahannya lebih lama lagi.,(S (NP (PRP I)) (VP (MD ca) (RB n't) (VP (VB put) (PRT (RP up)) (PP (IN with) (NP (DT this))) (ADVP (DT any) (RBR longer)))) (. .)),simple,i can t put up with this any longer .,aku tidak mampu menahannya lebih lama lagi .
2884,Democracy originated in Ancient Greece.,Demokrasi berasal dari Yunani Kuno.,(S (NP (NN Democracy)) (VP (VBD originated) (PP (IN in) (NP (NNP Ancient) (NNP Greece)))) (. .)),simple,democracy originated in ancient greece .,demokrasi berasal dari yunani kuno .
3205,Tom raised the three children by himself.,Tom mengasuh tiga anak sendirian.,(S (NP (NNP Tom)) (VP (VBD raised) (NP (DT the) (CD three) (NNS children)) (PP (IN by) (NP (PRP himself)))) (. .)),simple,tom raised the three children by himself .,tom mengasuh tiga anak sendirian .
2290,Tom wants to be popular at school.,Tom ingin menjadi terkenal di sekolah.,(S (NP (NNP Tom)) (VP (VBZ wants) (S (VP (TO to) (VP (VB be) (ADJP (JJ popular)) (PP (IN at) (NP (NN school))))))) (. .)),simple,tom wants to be popular at school .,tom ingin menjadi terkenal di sekolah .
783,Tom also lives in Boston.,Tom juga tinggal di Boston.,(S (NP (NNP Tom)) (ADVP (RB also)) (VP (VBZ lives) (PP (IN in) (NP (NNP Boston)))) (. .)),simple,tom also lives in boston .,tom juga tinggal di boston .
3878,"Tom Jackson was born in Boston on October 20, 1995.",Tom Jackson lahir di Boston pada tanggal 20 Oktober 1995.,"(S (NP (NNP Tom) (NNP Jackson)) (VP (VBD was) (VP (VBN born) (PP (IN in) (NP (NNP Boston))) (PP (IN on) (NP (NNP October) (CD 20) (, ,) (CD 1995))))) (. .))",simple,tom jackson was born in boston on october .,tom jackson lahir di boston pada tanggal oktober .
2458,Water boils at one hundred degrees.,Air mendidih pada suhu seratus derajat Celsius.,(S (NP (NN Water)) (VP (VBZ boils) (PP (IN at) (NP (QP (CD one) (CD hundred)) (NNS degrees)))) (. .)),simple,water boils at one hundred degrees .,air mendidih pada suhu seratus derajat celsius .
2949,There are a few shops next to my house.,Ada beberapa toko di samping rumahku.,(S (NP (EX There)) (VP (VBP are) (NP (NP (DT a) (JJ few) (NNS shops)) (ADVP (JJ next) (PP (IN to) (NP (PRP$ my) (NN house)))))) (. .)),simple,there are a few shops next to my house .,ada beberapa toko di samping rumahku .
1766,Tom is waiting for your answer.,Tom menunggu jawabanmu.,(S (NP (NNP Tom)) (VP (VBZ is) (VP (VBG waiting) (PP (IN for) (NP (PRP$ your) (NN answer))))) (. .)),simple,tom is waiting for your answer .,tom menunggu jawabanmu .
3617,The island is six times the size of Manhattan.,Pulau itu besarnya enam kali luas Manhattan.,(S (NP (DT The) (NN island)) (VP (VBZ is) (NP (NP (QP (CD six) (NNS times)) (DT the) (NN size)) (PP (IN of) (NP (NNP Manhattan))))) (. .)),simple,the island is six times the size of manhattan .,pulau itu besarnya enam kali luas manhattan .
3742,There was a strong smell of cannabis in the air.,Tercium bau pekat ganja di udara.,(S (NP (EX There)) (VP (VBD was) (NP (NP (DT a) (JJ strong) (NN smell)) (PP (IN of) (NP (NN cannabis)))) (PP (IN in) (NP (DT the) (NN air)))) (. .)),simple,there was a strong smell of cannabis in the air .,tercium bau pekat ganja di udara .
2815,She can take control of the situation.,Dia mampu menguasai situasi yang ada.,(S (NP (PRP She)) (VP (MD can) (VP (VB take) (NP (NP (NN control)) (PP (IN of) (NP (DT the) (NN situation)))))) (. .)),simple,she can take control of the situation .,dia mampu menguasai situasi yang ada .
2357,I have a friend who works for NASA.,Saya memiliki teman yang bekerja di NASA.,(S (NP (PRP I)) (VP (VBP have) (NP (NP (DT a) (NN friend)) (SBAR (WHNP (WP who)) (S (VP (VBZ works) (PP (IN for) (NP (NNP NASA)))))))) (. .)),complex,i have a friend who works for nasa .,saya memiliki teman yang bekerja di nasa .
2130,We sat in front of the fireplace.,Kami duduk di depan perapian.,(S (NP (PRP We)) (VP (VBD sat) (PP (IN in) (NP (NP (NN front)) (PP (IN of) (NP (DT the) (NN fireplace)))))) (. .)),simple,we sat in front of the fireplace .,kami duduk di depan perapian .
2829,The weather has been good until today.,Sampai hari ini cuacanya selalu dalam keadaan baik.,(S (NP (DT The) (NN weather)) (VP (VBZ has) (VP (VBN been) (ADJP (JJ good)) (PP (IN until) (NP (NN today))))) (. .)),simple,the weather has been good until today .,sampai hari ini cuacanya selalu dalam keadaan baik .
2964,This room is used for various purposes.,Ruangan ini serba guna.,(S (NP (DT This) (NN room)) (VP (VBZ is) (VP (VBN used) (PP (IN for) (NP (JJ various) (NNS purposes))))) (. .)),simple,this room is used for various purposes .,ruangan ini serba guna .
2115,Tom may still be in the hospital.,Tom mungkin masih berada di rumah sakit.,(S (NP (NNP Tom)) (VP (MD may) (ADVP (RB still)) (VP (VB be) (PP (IN in) (NP (DT the) (NN hospital))))) (. .)),simple,tom may still be in the hospital .,tom mungkin masih berada di rumah sakit .
3186,This compass will be useful on your trip.,Kompas ini akan berguna bagi perjalanan Anda.,(S (NP (DT This) (NN compass)) (VP (MD will) (VP (VB be) (ADJP (JJ useful) (PP (IN on) (NP (PRP$ your) (NN trip)))))) (. .)),simple,this compass will be useful on your trip .,kompas ini akan berguna bagi perjalanan anda .
2732,Tom spends a lot of his time reading.,Tom banyak menghabiskan waktunya dengan membaca.,(S (NP (NNP Tom)) (VP (VBZ spends) (NP (NP (DT a) (NN lot)) (PP (IN of) (NP (PRP$ his) (NN time)))) (S (VP (VBG reading)))) (. .)),simple,tom spends a lot of his time reading .,tom banyak menghabiskan waktunya dengan membaca .
1271,What's in your refrigerator?,Apa yang ada di dalam kulkasmu?,(SBARQ (WHNP (WP What)) (SQ (VP (VBZ 's) (PP (IN in) (NP (PRP$ your) (NN refrigerator))))) (. ?)),simple,what s in your refrigerator ?,apa yang ada di dalam kulkasmu ?
2587,This can be found in any dictionary.,Ini bisa ditemukan di kamus manapun.,(S (NP (DT This)) (VP (MD can) (VP (VB be) (VP (VBN found) (PP (IN in) (NP (DT any) (NN dictionary)))))) (. .)),simple,this can be found in any dictionary .,ini bisa ditemukan di kamus manapun .
4052,I think Tom and Mary have fallen in love with each other.,Menurutku Tom dan Mary saling jatuh cinta.,(S (NP (PRP I)) (VP (VBP think) (SBAR (S (NP (NNP Tom) (CC and) (NNP Mary)) (VP (VBP have) (VP (VBN fallen) (PP (IN in) (NP (NN love))) (PP (IN with) (NP (DT each) (JJ other)))))))) (. .)),complex,i think tom and mary have fallen in love with each other .,menurutku tom dan mary saling jatuh cinta .
3656,He was sitting on a bench with his eyes closed.,Ia duduk di bangku dengan menutup matanya.,(S (NP (PRP He)) (VP (VBD was) (VP (VBG sitting) (PP (IN on) (NP (DT a) (NN bench))) (SBAR (IN with) (S (NP (PRP$ his) (NNS eyes)) (VP (VBN closed)))))) (. .)),complex,he was sitting on a bench with his eyes closed .,ia duduk di bangku dengan menutup matanya .
2288,Tom said he had to work on Monday.,Tom berkata bahwa dia harus bekerja pada hari Senin.,(S (NP (NNP Tom)) (VP (VBD said) (SBAR (S (NP (PRP he)) (VP (VBD had) (S (VP (TO to) (VP (VB work) (PP (IN on) (NP (NNP Monday)))))))))) (. .)),complex,tom said he had to work on monday .,tom berkata bahwa dia harus bekerja pada hari senin .
1127,Ask someone else besides me.,Tanya orang lain selain aku.,(S (VP (VB Ask) (NP (NP (NN someone) (RB else)) (PP (IN besides) (NP (PRP me))))) (. .)),simple,ask someone else besides me .,tanya orang lain selain aku .
626,The car ran into a tree.,Mobil itu menabrak pohon.,(S (NP (DT The) (NN car)) (VP (VBD ran) (PP (IN into) (NP (DT a) (NN tree)))) (. .)),simple,the car ran into a tree .,mobil itu menabrak pohon .
347,He works in a factory.,Dia bekerja di sebuah pabrik.,(S (NP (PRP He)) (VP (VBZ works) (PP (IN in) (NP (DT a) (NN factory)))) (. .)),simple,he works in a factory .,dia bekerja di sebuah pabrik .
1302,Do your homework by yourself.,Kerjakan PR-mu sendiri.,(S (VP (VB Do) (NP (PRP$ your) (NN homework)) (PP (IN by) (NP (PRP yourself)))) (. .)),simple,do your homework by yourself .,kerjakan pr mu sendiri .
3521,I saw Tom working on the report this morning.,Aku melihat Tom mengerjakan laporan tersebut pagi ini.,(S (NP (PRP I)) (VP (VBD saw) (S (S (NP (NNP Tom)) (VP (VBG working) (PP (IN on) (NP (DT the) (NN report))))) (NP (DT this) (NN morning)))) (. .)),simple,i saw tom working on the report this morning .,aku melihat tom mengerjakan laporan tersebut pagi ini .
1565,The candle went out by itself.,Lilinnya padam dengan sendirinya.,(S (NP (DT The) (NN candle)) (VP (VBD went) (PRT (RP out)) (PP (IN by) (NP (PRP itself)))) (. .)),simple,the candle went out by itself .,lilinnya padam dengan sendirinya .
3853,Lie on the bench for a while with your eyes closed.,Bersandarlah di bangku sejenak dengan mata tertutup.,(S (VP (VB Lie) (PP (IN on) (NP (DT the) (NN bench))) (PP (IN for) (NP (DT a) (NN while))) (SBAR (IN with) (S (NP (PRP$ your) (NNS eyes)) (VP (VBN closed))))) (. .)),complex,lie on the bench for a while with your eyes closed .,bersandarlah di bangku sejenak dengan mata tertutup .
2374,I'm getting sick and tired of this.,Aku mulai muak dan lelah dengan hal ini.,(S (NP (PRP I)) (VP (VBP 'm) (VP (VBG getting) (ADJP (JJ sick) (CC and) (JJ tired) (PP (IN of) (NP (DT this)))))) (. .)),simple,i m getting sick and tired of this .,aku mulai muak dan lelah dengan hal ini .
979,Are you certain about that?,Apa kau yakin dengan hal itu?,(SQ (VBP Are) (NP (PRP you)) (ADJP (JJ certain) (PP (IN about) (NP (DT that)))) (. ?)),simple,are you certain about that ?,apa kau yakin dengan hal itu ?
4241,Millions of people across the world are mourning the death of Nelson Mandela.,Jutaan orang di seluruh dunia berduka atas meninggalnya Nelson Mandela.,(S (NP (NP (NNS Millions)) (PP (IN of) (NP (NNS people))) (PP (IN across) (NP (DT the) (NN world)))) (VP (VBP are) (VP (VBG mourning) (NP (NP (DT the) (NN death)) (PP (IN of) (NP (NNP Nelson) (NNP Mandela)))))) (. .)),simple,millions of people across the world are mourning the death of nelson mandela .,jutaan orang di seluruh dunia berduka atas meninggalnya nelson mandela .
3799,Tom said that he couldn't do anything about that.,Tom berkata bahwa dia tidak bisa melakukan apa-apa tentang itu.,(S (NP (NNP Tom)) (VP (VBD said) (SBAR (IN that) (S (NP (PRP he)) (VP (MD could) (RB n't) (VP (VB do) (NP (NN anything)) (PP (IN about) (NP (DT that)))))))) (. .)),complex,tom said that he couldn t do anything about that .,tom berkata bahwa dia tidak bisa melakukan apa apa tentang itu .
1423,Tom is a man you can rely on.,Tom laki-laki yang bisa kamu andalkan.,(S (NP (NNP Tom)) (VP (VBZ is) (NP (NP (DT a) (NN man)) (SBAR (S (NP (PRP you)) (VP (MD can) (VP (VB rely) (PP (IN on)))))))) (. .)),complex,tom is a man you can rely on .,tom laki laki yang bisa kamu andalkan .
3894,"He can't do this kind of work, and she can't either.",Dia tidak dapat melakukan pekerjaan sejenis ini. Begitu pula dengannya.,"(S (S (NP (PRP He)) (VP (MD ca) (RB n't) (VP (VB do) (NP (NP (DT this) (NN kind)) (PP (IN of) (NP (NN work))))))) (, ,) (CC and) (S (NP (PRP she)) (VP (MD ca) (RB n't) (ADVP (RB either)))) (. .))",compound,he can t do this kind of work and she can t either .,dia tidak dapat melakukan pekerjaan sejenis ini . begitu pula dengannya .
2250,The tablecloth is in the cupboard.,Taplak meja ada di dalam lemari.,(S (NP (DT The) (NN tablecloth)) (VP (VBZ is) (PP (IN in) (NP (DT the) (NN cupboard)))) (. .)),simple,the tablecloth is in the cupboard .,taplak meja ada di dalam lemari .
911,My apartment is near here.,Apartemen saya ada di dekat sini.,(S (NP (PRP$ My) (NN apartment)) (VP (VBZ is) (PP (IN near) (ADVP (RB here)))) (. .)),simple,my apartment is near here .,apartemen saya ada di dekat sini .
2819,Thank you for your beautiful postcard.,Terima kasih atas kartu posmu yang sangat indah.,(S (VP (VB Thank) (NP (PRP you)) (PP (IN for) (NP (PRP$ your) (JJ beautiful) (NN postcard)))) (. .)),simple,thank you for your beautiful postcard .,terima kasih atas kartu posmu yang sangat indah .
632,This is a gift from Tom.,Ini hadiah dari Tom.,(S (NP (DT This)) (VP (VBZ is) (NP (NP (DT a) (NN gift)) (PP (IN from) (NP (NNP Tom))))) (. .)),simple,this is a gift from tom .,ini hadiah dari tom .
2379,I'm still trying to get used to it.,Aku masih berusaha membiasakan diri.,(S (NP (PRP I)) (VP (VBP 'm) (ADVP (RB still)) (VP (VBG trying) (S (VP (TO to) (VP (VB get) (ADJP (VBN used) (PP (IN to) (NP (PRP it))))))))) (. .)),simple,i m still trying to get used to it .,aku masih berusaha membiasakan diri .
3041,My shoelace got caught in the escalator.,Tali sepatuku tersangkut di eskalator.,(S (NP (PRP$ My) (NN shoelace)) (VP (VBD got) (VP (VBN caught) (PP (IN in) (NP (DT the) (NN escalator))))) (. .)),simple,my shoelace got caught in the escalator .,tali sepatuku tersangkut di eskalator .
2452,Tom should arrive in a few minutes.,Tom akan tiba beberapa menit lagi.,(S (NP (NNP Tom)) (VP (MD should) (VP (VB arrive) (PP (IN in) (NP (DT a) (JJ few) (NNS minutes))))) (. .)),simple,tom should arrive in a few minutes .,tom akan tiba beberapa menit lagi .
3484,Tom kept Mary waiting for about three hours.,Tom membuat Mary menunggu hingga sekitar tiga jam.,(S (NP (NNP Tom)) (VP (VBD kept) (NP (NNP Mary)) (S (VP (VBG waiting) (PP (IN for) (NP (QP (RB about) (CD three)) (NNS hours)))))) (. .)),simple,tom kept mary waiting for about three hours .,tom membuat mary menunggu hingga sekitar tiga jam .
1465,Do we have to go to Australia?,Apakah kita harus pergi ke Australia?,(SQ (VBP Do) (NP (PRP we)) (VP (VB have) (S (VP (TO to) (VP (VB go) (PP (IN to) (NP (NNP Australia))))))) (. ?)),simple,do we have to go to australia ?,apakah kita harus pergi ke australia ?
2098,This street leads to the airport.,Jalan ini menuju ke bandara.,(S (NP (DT This) (NN street)) (VP (VBZ leads) (PP (IN to) (NP (DT the) (NN airport)))) (. .)),simple,this street leads to the airport .,jalan ini menuju ke bandara .
115,Look at that bird.,Lihatlah burung itu.,(S (VP (VB Look) (PP (IN at) (NP (DT that) (NN bird)))) (. .)),simple,look at that bird .,lihatlah burung itu .
3729,"If you really want to help, please come by 2:30.","Kalau kau benar-benar ingin membantu, tolong datang jam 2:30.","(S (SBAR (IN If) (S (NP (PRP you)) (ADVP (RB really)) (VP (VBP want) (S (VP (TO to) (VP (VB help))))))) (, ,) (VP (RB please) (VP (VB come) (PP (IN by) (NP (CD 2:30))))) (. .))",complex,if you really want to help please come by .,kalau kau benar benar ingin membantu tolong datang jam .
1494,How could Tom do this to Mary?,Bagaimana bisa Tom melakukan ini pada Mary?,(SBARQ (WHADVP (WRB How)) (SQ (MD could) (NP (NNP Tom)) (VP (VB do) (NP (DT this)) (PP (IN to) (NP (NNP Mary))))) (. ?)),simple,how could tom do this to mary ?,bagaimana bisa tom melakukan ini pada mary ?
1232,Tom is liked by his friends.,Tom disukai teman-temannya.,(S (NP (NNP Tom)) (VP (VBZ is) (VP (VBN liked) (PP (IN by) (NP (PRP$ his) (NNS friends))))) (. .)),simple,tom is liked by his friends .,tom disukai teman temannya .
3829,The local coffee shop was replaced by a Starbucks.,Toko kopi lokal telah digantikan dengan Starbucks.,(S (NP (DT The) (JJ local) (NN coffee) (NN shop)) (VP (VBD was) (VP (VBN replaced) (PP (IN by) (NP (DT a) (NNP Starbucks))))) (. .)),simple,the local coffee shop was replaced by a starbucks .,toko kopi lokal telah digantikan dengan starbucks .
1153,I haven't spoken to anybody.,Saya belum bicara dengan siapa-siapa.,(S (NP (PRP I)) (VP (VBP have) (RB n't) (VP (VBN spoken) (PP (IN to) (NP (NN anybody))))) (. .)),simple,i haven t spoken to anybody .,saya belum bicara dengan siapa siapa .
2850,Tom lives in the apartment above Mary.,Tom tinggal di apartemen diatas tempat Mary.,(S (NP (NNP Tom)) (VP (VBZ lives) (PP (IN in) (NP (NP (DT the) (NN apartment)) (PP (IN above) (NP (NNP Mary)))))) (. .)),simple,tom lives in the apartment above mary .,tom tinggal di apartemen diatas tempat mary .
57,What's with Tom?,Ada apa dengan Tom?,(SBARQ (WHNP (WP What)) (SQ (VP (VBZ 's) (PP (IN with) (NP (NNP Tom))))) (. ?)),simple,what s with tom ?,ada apa dengan tom ?
3288,Tom picked up a rock and threw it at Mary.,Tom mengambil batu dan melemparkannya pada Mary.,(S (NP (NNP Tom)) (VP (VP (VBD picked) (PRT (RP up)) (NP (DT a) (NN rock))) (CC and) (VP (VBD threw) (NP (PRP it)) (PP (IN at) (NP (NNP Mary))))) (. .)),simple,tom picked up a rock and threw it at mary .,tom mengambil batu dan melemparkannya pada mary .
4247,"There are many, many planets in the Milky Way which are just as big as Jupiter.",Banyak sekali planet sebesar Jupiter di Bima Sakti.,"(S (NP (EX There)) (VP (VBP are) (NP (NP (NP (JJ many) (, ,) (JJ many) (NNS planets)) (PP (IN in) (NP (DT the) (NNP Milky) (NNP Way)))) (SBAR (WHNP (WDT which)) (S (VP (VBP are) (ADJP (ADJP (RB just) (RB as) (JJ big)) (PP (IN as) (NP (NNP Jupiter))))))))) (. .))",complex,there are many many planets in the milky way which are just as big as jupiter .,banyak sekali planet sebesar jupiter di bima sakti .
1735,The deer was killed by hunters.,Rusa itu dibunuh oleh para pemburu.,(S (NP (DT The) (NN deer)) (VP (VBD was) (VP (VBN killed) (PP (IN by) (NP (NNS hunters))))) (. .)),simple,the deer was killed by hunters .,rusa itu dibunuh oleh para pemburu .
2640,Does Tom need help with his homework?,Apakah Tom perlu bantuan dengan PR-nya?,(SQ (VBZ Does) (NP (NNP Tom)) (VP (VB need) (NP (NP (NN help)) (PP (IN with) (NP (PRP$ his) (NN homework))))) (. ?)),simple,does tom need help with his homework ?,apakah tom perlu bantuan dengan pr nya ?
2334,He is not interested in art at all.,Dia sama sekali tidak tertarik dengan seni.,(S (NP (PRP He)) (VP (VBZ is) (RB not) (ADJP (ADJP (JJ interested) (PP (IN in) (NP (NN art)))) (ADVP (RB at) (RB all)))) (. .)),simple,he is not interested in art at all .,dia sama sekali tidak tertarik dengan seni .
2968,Tom decided to run for class president.,Tom memutuskan untuk mencalonkan diri sebagai ketua kelas.,(S (NP (NNP Tom)) (VP (VBD decided) (S (VP (TO to) (VP (VB run) (PP (IN for) (NP (NN class) (NN president))))))) (. .)),simple,tom decided to run for class president .,tom memutuskan untuk mencalonkan diri sebagai ketua kelas .
707,Flour is made into bread.,Tepungnya dibuat menjadi roti.,(S (NP (NN Flour)) (VP (VBZ is) (VP (VBN made) (PP (IN into) (NP (NN bread))))) (. .)),simple,flour is made into bread .,tepungnya dibuat menjadi roti .
1093,Tom looks proud of his son.,Tom terlihat bangga dengan anaknya.,(S (NP (NNP Tom)) (VP (VBZ looks) (ADJP (JJ proud) (PP (IN of) (NP (PRP$ his) (NN son))))) (. .)),simple,tom looks proud of his son .,tom terlihat bangga dengan anaknya .
2646,He went to America to study medicine.,Dia pergi ke Amerika untuk belajar kedokteran.,(S (NP (PRP He)) (VP (VBD went) (PP (IN to) (NP (NNP America))) (S (VP (TO to) (VP (VB study) (NP (NN medicine)))))) (. .)),simple,he went to america to study medicine .,dia pergi ke amerika untuk belajar kedokteran .
1376,Keep a copy of that document.,Simpan salinan dari dokumen itu.,(S (VP (VB Keep) (NP (NP (DT a) (NN copy)) (PP (IN of) (NP (DT that) (NN document))))) (. .)),simple,keep a copy of that document .,simpan salinan dari dokumen itu .
72,I play in a band.,Aku tergabung dalam sebuah kelompok musik.,(S (NP (PRP I)) (VP (VBP play) (PP (IN in) (NP (DT a) (NN band)))) (. .)),simple,i play in a band .,aku tergabung dalam sebuah kelompok musik .
1922,There's no accounting for taste.,"Kepala sama hitam, pendapat berlain-lain",(S (NP (EX There)) (VP (VBZ 's) (NP (NP (DT no) (NN accounting)) (PP (IN for) (NP (NN taste))))) (. .)),simple,there s no accounting for taste .,kepala sama hitam pendapat berlain lain
2345,How much is the rent for this room?,Berapa biaya sewa untuk ruangan ini?,(SBARQ (WHNP (WRB How) (JJ much)) (SQ (VBZ is) (NP (NP (DT the) (NN rent)) (PP (IN for) (NP (DT this) (NN room))))) (. ?)),simple,how much is the rent for this room ?,berapa biaya sewa untuk ruangan ini ?
1764,Tom is on good terms with John.,Tom berteman baik dengan John.,(S (NP (NNP Tom)) (VP (VBZ is) (PP (IN on) (NP (NP (JJ good) (NNS terms)) (PP (IN with) (NP (NNP John)))))) (. .)),simple,tom is on good terms with john .,tom berteman baik dengan john .
743,I was at a movie theater.,Aku ada di bioskop.,(S (NP (PRP I)) (VP (VBD was) (PP (IN at) (NP (DT a) (NN movie) (NN theater)))) (. .)),simple,i was at a movie theater .,aku ada di bioskop .
2131,We saw an island in the distance.,Kami melihat sebuah pulau di kejauhan.,(S (NP (PRP We)) (VP (VBD saw) (NP (DT an) (NN island)) (PP (IN in) (NP (DT the) (NN distance)))) (. .)),simple,we saw an island in the distance .,kami melihat sebuah pulau di kejauhan .
1005,How about going for a swim?,Bagaimana kalau pergi berenang?,(SBARQ (WHADVP (WRB How)) (IN about) (S (VP (VBG going) (PP (IN for) (NP (DT a) (NN swim))))) (. ?)),simple,how about going for a swim ?,bagaimana kalau pergi berenang ?
1190,It's six degrees below zero.,Enam derajat dibawah nol.,(S (NP (PRP It)) (VP (VBZ 's) (PP (NP (CD six) (NNS degrees)) (IN below) (NP (CD zero)))) (. .)),simple,it s six degrees below zero .,enam derajat dibawah nol .
1125,You're wanted on the phone.,Ada telepon.,(S (NP (PRP You)) (VP (VBP 're) (VP (VBN wanted) (PP (IN on) (NP (DT the) (NN phone))))) (. .)),simple,you re wanted on the phone .,ada telepon .
1241,Tom knows a lot about music.,Tom tahu banyak tentang musik.,(S (NP (NNP Tom)) (VP (VBZ knows) (NP (NP (DT a) (NN lot)) (PP (IN about) (NP (NN music))))) (. .)),simple,tom knows a lot about music .,tom tahu banyak tentang musik .
2643,He is not always busy in the morning.,Dia selalu sibuk di pagi hari.,(S (NP (PRP He)) (VP (VBZ is) (RB not) (ADVP (RB always)) (ADJP (JJ busy)) (PP (IN in) (NP (DT the) (NN morning)))) (. .)),simple,he is not always busy in the morning .,dia selalu sibuk di pagi hari .
4253,"In North America, business operates on ""the customer is always right"" principle.","Di Amerika Utara, usaha umumnya berpegang pada prinsip ""pelanggan selalu benar"".","(S (PP (IN In) (NP (NNP North) (NNP America))) (, ,) (NP (NN business)) (VP (VBZ operates) (PP (IN on) (`` "") (S (NP (DT the) (NN customer)) (VP (VP (VBZ is) (ADVP (RB always)) (ADJP (JJ right))) ('' "") (NN principle))))) (. .))",simple,in north america business operates on the customer is always right principle .,di amerika utara usaha umumnya berpegang pada prinsip pelanggan selalu benar .
998,Hang your coat on the hook.,Gantung jasmu pada sangkutan.,(S (VP (VB Hang) (NP (PRP$ your) (NN coat)) (PP (IN on) (NP (DT the) (NN hook)))) (. .)),simple,hang your coat on the hook .,gantung jasmu pada sangkutan .
1577,There is a glass on the table.,Ada gelas di atas meja.,(S (NP (EX There)) (VP (VBZ is) (NP (DT a) (NN glass)) (PP (IN on) (NP (DT the) (NN table)))) (. .)),simple,there is a glass on the table .,ada gelas di atas meja .
4115,Tom thinks his country is the greatest country in the world.,Tom mengira negaranya adalah yang terbaik di seluruh dunia.,(S (NP (NNP Tom)) (VP (VBZ thinks) (SBAR (S (NP (PRP$ his) (NN country)) (VP (VBZ is) (NP (NP (DT the) (JJS greatest) (NN country)) (PP (IN in) (NP (DT the) (NN world)))))))) (. .)),complex,tom thinks his country is the greatest country in the world .,tom mengira negaranya adalah yang terbaik di seluruh dunia .
1826,Everyone was shocked except Tom.,Semua orang terkejut kecuali Tom.,(S (NP (NN Everyone)) (VP (VBD was) (ADJP (VBN shocked)) (PP (IN except) (NP (NNP Tom)))) (. .)),simple,everyone was shocked except tom .,semua orang terkejut kecuali tom .
2441,Tom lost his son in a car accident.,Tom kehilangan anak laki-lakinya akibat kecelakaan mobil.,(S (NP (NNP Tom)) (VP (VBD lost) (NP (PRP$ his) (NN son)) (PP (IN in) (NP (DT a) (NN car) (NN accident)))) (. .)),simple,tom lost his son in a car accident .,tom kehilangan anak laki lakinya akibat kecelakaan mobil .
4289,"Tom rolled out of bed at 6:30, shuffled into the kitchen and put two slices of bread into the toaster.","Tom turun dari ranjangnya jam 6:30, lalu beranjak menuju dapur dan meletakkan dua potong roti ke dalam pemanggang.","(S (NP (NNP Tom)) (VP (VP (VBD rolled) (ADVP (IN out) (PP (IN of) (NP (NN bed)))) (PP (IN at) (NP (CD 6:30)))) (, ,) (VP (VBD shuffled) (PP (IN into) (NP (DT the) (NN kitchen)))) (CC and) (VP (VBD put) (NP (NP (CD two) (NNS slices)) (PP (IN of) (NP (NN bread)))) (PP (IN into) (NP (DT the) (NN toaster))))) (. .))",simple,tom rolled out of bed at shuffled into the kitchen and put two slices of bread into the toaster .,tom turun dari ranjangnya jam lalu beranjak menuju dapur dan meletakkan dua potong roti ke dalam pemanggang .
2627,What on earth are you talking about?,Apa yang kau bicarakan?,(SBARQ (WHNP (WHNP (WP What)) (PP (IN on) (NP (NN earth)))) (SQ (VBP are) (NP (PRP you)) (VP (VBG talking) (PP (IN about)))) (. ?)),simple,what on earth are you talking about ?,apa yang kau bicarakan ?
440,Charity begins at home.,"Anak dipangku dilepaskan, beruk dalam rimba disusukan.",(S (NP (NN Charity)) (VP (VBZ begins) (PP (IN at) (NP (NN home)))) (. .)),simple,charity begins at home .,anak dipangku dilepaskan beruk dalam rimba disusukan .
1100,Tom tripped on a tree root.,Tom tersandung akar pohon.,(S (NP (NNP Tom)) (VP (VBD tripped) (PP (IN on) (NP (DT a) (NN tree) (NN root)))) (. .)),simple,tom tripped on a tree root .,tom tersandung akar pohon .
3349,Let's see if we can do it without any help.,Mari kita lihat apakah kita bisa melakukannya tanpa bantuan apapun atau tidak.,(S (VP (VB Let) (S (NP (PRP 's)) (VP (VB see) (SBAR (IN if) (S (NP (PRP we)) (VP (MD can) (VP (VB do) (NP (PRP it)) (PP (IN without) (NP (DT any) (NN help)))))))))) (. .)),complex,let s see if we can do it without any help .,mari kita lihat apakah kita bisa melakukannya tanpa bantuan apapun atau tidak .
649,Tom quarreled with Mary.,Tom bertengkar dengan Mary.,(S (NP (NNP Tom)) (VP (VBD quarreled) (PP (IN with) (NP (NNP Mary)))) (. .)),simple,tom quarreled with mary .,tom bertengkar dengan mary .
1546,She has never danced with him.,Dia tidak pernah menari bersamanya.,(S (NP (PRP She)) (VP (VBZ has) (ADVP (RB never)) (VP (VBN danced) (PP (IN with) (NP (PRP him))))) (. .)),simple,she has never danced with him .,dia tidak pernah menari bersamanya .
2629,Who is the man standing next to Tom?,Siapakah pria yang berdiri di samping Tom?,(SBARQ (WHNP (WP Who)) (SQ (VP (VBZ is) (NP (NP (DT the) (NN man)) (VP (VBG standing) (ADVP (RB next) (PP (IN to) (NP (NNP Tom)))))))) (. ?)),simple,who is the man standing next to tom ?,siapakah pria yang berdiri di samping tom ?
3932,I thought a cup of coffee might make you feel better.,Secangkir kopi akan membuatmu merasa lebih baik.,(S (NP (PRP I)) (VP (VBD thought) (SBAR (S (NP (NP (DT a) (NN cup)) (PP (IN of) (NP (NN coffee)))) (VP (MD might) (VP (VB make) (S (NP (PRP you)) (VP (VB feel) (ADJP (RBR better))))))))) (. .)),complex,i thought a cup of coffee might make you feel better .,secangkir kopi akan membuatmu merasa lebih baik .
630,There were lots of cars.,Ada banyak mobil.,(S (NP (EX There)) (VP (VBD were) (NP (NP (NNS lots)) (PP (IN of) (NP (NNS cars))))) (. .)),simple,there were lots of cars .,ada banyak mobil .
672,What should we focus on?,Kita harus fokus pada apa?,(SBARQ (WHNP (WP What)) (SQ (MD should) (NP (PRP we)) (VP (VB focus) (PP (IN on)))) (. ?)),simple,what should we focus on ?,kita harus fokus pada apa ?
1249,Tom said that for the laugh.,Tom mengatakannya sebagai hiburan.,(S (NP (NNP Tom)) (VP (VBD said) (NP (DT that)) (PP (IN for) (NP (DT the) (NN laugh)))) (. .)),simple,tom said that for the laugh .,tom mengatakannya sebagai hiburan .
482,It looks like an apple.,Itu terlihat seperti apel.,(S (NP (PRP It)) (VP (VBZ looks) (PP (IN like) (NP (DT an) (NN apple)))) (. .)),simple,it looks like an apple .,itu terlihat seperti apel .
1584,There's nothing on television.,Tidak ada apa-apa di televisi.,(S (NP (EX There)) (VP (VBZ 's) (NP (NN nothing)) (PP (IN on) (NP (NN television)))) (. .)),simple,there s nothing on television .,tidak ada apa apa di televisi .
3859,Mount Everest is the tallest mountain in the world.,Gunung Everest adalah gunung paling tinggi di dunia.,(S (NP (NNP Mount) (NNP Everest)) (VP (VBZ is) (NP (NP (DT the) (JJS tallest) (NN mountain)) (PP (IN in) (NP (DT the) (NN world))))) (. .)),simple,mount everest is the tallest mountain in the world .,gunung everest adalah gunung paling tinggi di dunia .
1462,Can you print that out for me?,Bisakah kau mencetaknya untukku?,(SQ (MD Can) (NP (PRP you)) (VP (VB print) (NP (DT that)) (PRT (RP out)) (PP (IN for) (NP (PRP me)))) (. ?)),simple,can you print that out for me ?,bisakah kau mencetaknya untukku ?
3857,Mount Everest is the highest mountain in the world.,Gunung Everest adalah gunung paling tinggi di dunia.,(S (NP (NNP Mount) (NNP Everest)) (VP (VBZ is) (NP (NP (DT the) (JJS highest) (NN mountain)) (PP (IN in) (NP (DT the) (NN world))))) (. .)),simple,mount everest is the highest mountain in the world .,gunung everest adalah gunung paling tinggi di dunia .
4207,Children learn to respond to rhythmical sounds from a very young age.,Anak-anak belajar untuk merespon suara yang berima sejak usia kecil.,(S (NP (NNS Children)) (VP (VBP learn) (S (VP (TO to) (VP (VB respond) (PP (IN to) (NP (JJ rhythmical) (NNS sounds)))))) (PP (IN from) (NP (DT a) (ADJP (RB very) (JJ young)) (NN age)))) (. .)),simple,children learn to respond to rhythmical sounds from a very young age .,anak anak belajar untuk merespon suara yang berima sejak usia kecil .
49,It is up to you.,Terserah padamu.,(S (NP (PRP It)) (VP (VBZ is) (PP (IN up) (PP (IN to) (NP (PRP you))))) (. .)),simple,it is up to you .,terserah padamu .
3289,Tom received a fax from Mary this morning.,Tom menerima sebuah faks dari Mary pagi ini.,(S (NP (NNP Tom)) (VP (VBD received) (NP (DT a) (NN fax)) (PP (IN from) (NP (NNP Mary))) (NP (DT this) (NN morning))) (. .)),simple,tom received a fax from mary this morning .,tom menerima sebuah faks dari mary pagi ini .
2260,They speak English in New Zealand.,Mereka berbicara dalam bahasa Inggris di Selandia Baru.,(S (NP (PRP They)) (VP (VBP speak) (NP (NNP English)) (PP (IN in) (NP (NNP New) (NNP Zealand)))) (. .)),simple,they speak english in new zealand .,mereka berbicara dalam bahasa inggris di selandia baru .
858,He was thrown behind bars.,Dia dimasukkan ke bui.,(S (NP (PRP He)) (VP (VBD was) (VP (VBN thrown) (PP (IN behind) (NP (NNS bars))))) (. .)),simple,he was thrown behind bars .,dia dimasukkan ke bui .
1072,Tell Tom Mary's on the way.,Beri tahu Tom bahwa Mary sedang dalam perjalanan.,(S (VP (VB Tell) (NP (NNP Tom) (NNP Mary) (POS 's)) (PP (IN on) (NP (DT the) (NN way)))) (. .)),simple,tell tom mary s on the way .,beri tahu tom bahwa mary sedang dalam perjalanan .
719,I began living by myself.,Aku mulai hidup sendiri.,(S (NP (PRP I)) (VP (VBD began) (S (VP (VBG living) (PP (IN by) (NP (PRP myself)))))) (. .)),simple,i began living by myself .,aku mulai hidup sendiri .
1660,"He was born on July 28th, 1888.",Dia lahir pada tanggal 28 Juli 1888.,"(S (NP (PRP He)) (VP (VBD was) (VP (VBN born) (PP (IN on) (NP (NP (NNP July) (JJ 28th)) (, ,) (NP (CD 1888)))))) (. .))",simple,he was born on july th .,dia lahir pada tanggal juli .
1656,He makes his living by singing.,Dia hidup sebagai seorang penyanyi.,(S (NP (PRP He)) (VP (VBZ makes) (NP (PRP$ his) (NN living)) (PP (IN by) (S (VP (VBG singing))))) (. .)),simple,he makes his living by singing .,dia hidup sebagai seorang penyanyi .
2618,We managed to swim across the river.,Kami berhasil berenang menyebrangi sungai.,(S (NP (PRP We)) (VP (VBD managed) (S (VP (TO to) (VP (VB swim) (PP (IN across) (NP (DT the) (NN river))))))) (. .)),simple,we managed to swim across the river .,kami berhasil berenang menyebrangi sungai .
3195,Tom bought some vegetables at the market.,Tom membeli beberapa sayuran di pasar.,(S (NP (NNP Tom)) (VP (VBD bought) (NP (DT some) (NNS vegetables)) (PP (IN at) (NP (DT the) (NN market)))) (. .)),simple,tom bought some vegetables at the market .,tom membeli beberapa sayuran di pasar .
4275,"If you say exactly what's on your mind all the time, you're likely to upset a lot of people.","Kalau setiap waktu kamu langsung mengatakan apa yang ada dalam pikiranmu, kamu akan membuat banyak orang merasa terganggu.","(S (SBAR (IN If) (S (NP (PRP you)) (VP (VBP say) (WHNP (RB exactly) (WP what)) (S (VP (VBZ 's) (PP (IN on) (NP (PRP$ your) (NN mind))) (NP (PDT all) (DT the) (NN time))))))) (, ,) (NP (PRP you)) (VP (VBP 're) (ADJP (JJ likely) (S (VP (TO to) (VP (VB upset) (NP (NP (DT a) (NN lot)) (PP (IN of) (NP (NNS people))))))))) (. .))",complex,if you say exactly what s on your mind all the time you re likely to upset a lot of people .,kalau setiap waktu kamu langsung mengatakan apa yang ada dalam pikiranmu kamu akan membuat banyak orang merasa terganggu .
4213,Tom can come over to my house and practice on my piano if he wants to.,Tom boleh datang ke rumah saya dan berlatih dengan piano saya jika dia mau.,(S (NP (NNP Tom)) (VP (MD can) (VP (VP (VB come) (ADVP (IN over)) (PP (IN to) (NP (PRP$ my) (NN house)))) (CC and) (VP (VB practice) (PP (IN on) (NP (PRP$ my) (NN piano)))) (SBAR (IN if) (S (NP (PRP he)) (VP (VBZ wants) (S (VP (TO to)))))))) (. .)),complex,tom can come over to my house and practice on my piano if he wants to .,tom boleh datang ke rumah saya dan berlatih dengan piano saya jika dia mau .
3621,The peak of the mountain is covered with snow.,Puncak gunung itu tertutupi salju.,(S (NP (NP (DT The) (NN peak)) (PP (IN of) (NP (DT the) (NN mountain)))) (VP (VBZ is) (VP (VBN covered) (PP (IN with) (NP (NN snow))))) (. .)),simple,the peak of the mountain is covered with snow .,puncak gunung itu tertutupi salju .
4073,"I've never been to New York, and my sister hasn't, either.","Aku belum pernah ke New York, dan kakakku juga belum.","(S (S (NP (PRP I)) (VP (VBP 've) (ADVP (RB never)) (VP (VBN been) (PP (IN to) (NP (NNP New) (NNP York)))))) (, ,) (CC and) (S (NP (PRP$ my) (NN sister)) (VP (VBZ has) (RB n't) (, ,) (ADVP (RB either)))) (. .))",compound,i ve never been to new york and my sister hasn t either .,aku belum pernah ke new york dan kakakku juga belum .
1385,My house is near the station.,Rumahku dekat stasiun.,(S (NP (PRP$ My) (NN house)) (VP (VBZ is) (PP (IN near) (NP (DT the) (NN station)))) (. .)),simple,my house is near the station .,rumahku dekat stasiun .
2840,They left before the end of the movie.,Mereka beranjak pergi sebelum filmnya berakhir.,(S (NP (PRP They)) (VP (VBD left) (PP (IN before) (NP (NP (DT the) (NN end)) (PP (IN of) (NP (DT the) (NN movie)))))) (. .)),simple,they left before the end of the movie .,mereka beranjak pergi sebelum filmnya berakhir .
1399,That toy is made out of wood.,Mainan itu terbuat dari kayu.,(S (NP (DT That) (NN toy)) (VP (VBZ is) (VP (VBN made) (PP (IN out) (PP (IN of) (NP (NN wood)))))) (. .)),simple,that toy is made out of wood .,mainan itu terbuat dari kayu .
1195,My children go to bed early.,Anak-anakku tidur lebih cepat.,(S (NP (PRP$ My) (NNS children)) (VP (VBP go) (PP (IN to) (NP (NN bed))) (ADVP (RB early))) (. .)),simple,my children go to bed early .,anak anakku tidur lebih cepat .
1408,There is a desk in this room.,Ada sebuah meja di ruangan ini.,(S (NP (EX There)) (VP (VBZ is) (NP (DT a) (NN desk)) (PP (IN in) (NP (DT this) (NN room)))) (. .)),simple,there is a desk in this room .,ada sebuah meja di ruangan ini .
2835,There was only one person in the room.,Hanya ada satu orang di dalam ruangan itu.,(S (NP (EX There)) (VP (VBD was) (NP (QP (RB only) (CD one)) (NN person)) (PP (IN in) (NP (DT the) (NN room)))) (. .)),simple,there was only one person in the room .,hanya ada satu orang di dalam ruangan itu .
1798,"When in Rome, do as the Romans.","Di mana bumi dipijak, di situ langit dijunjung.","(S (SBAR (WHADVP (WRB When)) (PP (IN in) (NP (NNP Rome)))) (, ,) (VP (VB do) (PP (IN as) (NP (DT the) (NNPS Romans)))) (. .))",complex,when in rome do as the romans .,di mana bumi dipijak di situ langit dijunjung .
1475,Go and play with your friends.,Pergi dan bermainlah dengan teman-temanmu.,(S (VP (VP (VB Go)) (CC and) (VP (VB play) (PP (IN with) (NP (PRP$ your) (NNS friends))))) (. .)),simple,go and play with your friends .,pergi dan bermainlah dengan teman temanmu .
2380,I'm tied up with this job recently.,Aku sangat sibuk dengan pekerjaan ini akhir-akhir ini.,(S (NP (PRP I)) (VP (VBP 'm) (VP (VBN tied) (PRT (RP up)) (PP (IN with) (NP (DT this) (NN job))) (ADVP (RB recently)))) (. .)),simple,i m tied up with this job recently .,aku sangat sibuk dengan pekerjaan ini akhir akhir ini .
3958,Tom and Mary have been married for about three years.,Tom dan Mary telah menikah selama kurang lebih 3 tahun.,(S (NP (NNP Tom) (CC and) (NNP Mary)) (VP (VBP have) (VP (VBN been) (ADJP (VBN married)) (PP (IN for) (NP (QP (RB about) (CD three)) (NNS years))))) (. .)),simple,tom and mary have been married for about three years .,tom dan mary telah menikah selama kurang lebih tahun .
2630,Why are you staring at me like that?,Mengapa kamu memandangku seperti itu?,(SBARQ (WHADVP (WRB Why)) (SQ (VBP are) (NP (PRP you)) (VP (VBG staring) (PP (IN at) (NP (PRP me))) (PP (IN like) (NP (DT that))))) (. ?)),simple,why are you staring at me like that ?,mengapa kamu memandangku seperti itu ?
3062,There is a bank in front of the station.,Ada bank di depan stasiun itu.,(S (NP (EX There)) (VP (VBZ is) (NP (DT a) (NN bank)) (PP (IN in) (NP (NP (NN front)) (PP (IN of) (NP (DT the) (NN station)))))) (. .)),simple,there is a bank in front of the station .,ada bank di depan stasiun itu .
2792,I think I may know what this is about.,Aku pikir aku mungkin mengetahui apa ini sebenarnya.,(S (NP (PRP I)) (VP (VBP think) (SBAR (S (NP (PRP I)) (VP (MD may) (VP (VB know) (SBAR (WHNP (WP what)) (S (NP (DT this)) (VP (VBZ is) (PP (IN about)))))))))) (. .)),complex,i think i may know what this is about .,aku pikir aku mungkin mengetahui apa ini sebenarnya .
1286,Your name isn't on the list.,Nama Anda tidak ada dalam daftar.,(S (NP (PRP$ Your) (NN name)) (VP (VBZ is) (RB n't) (PP (IN on) (NP (DT the) (NN list)))) (. .)),simple,your name isn t on the list .,nama anda tidak ada dalam daftar .
349,I come from Australia.,Saya datang dari Australia.,(S (NP (PRP I)) (VP (VBP come) (PP (IN from) (NP (NNP Australia)))) (. .)),simple,i come from australia .,saya datang dari australia .
3919,We often come across Japanese tourists in this area.,Kami sering bertemu turis dari Jepang di daerah ini.,(S (NP (PRP We)) (ADVP (RB often)) (VP (VBP come) (PP (IN across) (NP (NP (JJ Japanese) (NNS tourists)) (PP (IN in) (NP (DT this) (NN area)))))) (. .)),simple,we often come across japanese tourists in this area .,kami sering bertemu turis dari jepang di daerah ini .
1681,I like spring better than fall.,Aku lebih suka musim semi daripada musim gugur.,(S (NP (PRP I)) (VP (VBP like) (NP (NN spring)) (ADVP (ADVP (RBR better)) (PP (IN than) (NP (NN fall))))) (. .)),simple,i like spring better than fall .,aku lebih suka musim semi daripada musim gugur .
1443,Tom's parents live in Boston.,Orang tua Tom tinggal di Boston.,(S (NP (NP (NNP Tom) (POS 's)) (NNS parents)) (VP (VBP live) (PP (IN in) (NP (NNP Boston)))) (. .)),simple,tom s parents live in boston .,orang tua tom tinggal di boston .
2404,The lion is the king of the jungle.,Singa adalah raja rimba.,(S (NP (DT The) (NN lion)) (VP (VBZ is) (NP (NP (DT the) (NN king)) (PP (IN of) (NP (DT the) (NN jungle))))) (. .)),simple,the lion is the king of the jungle .,singa adalah raja rimba .
1671,I can't live that kind of life.,Aku tidak bisa hidup seperti itu.,(S (NP (PRP I)) (VP (MD ca) (RB n't) (VP (VB live) (NP (NP (DT that) (NN kind)) (PP (IN of) (NP (NN life)))))) (. .)),simple,i can t live that kind of life .,aku tidak bisa hidup seperti itu .
1179,I'm not interested in chess.,Aku tidak tertarik dengan catur.,(S (NP (PRP I)) (VP (VBP 'm) (RB not) (ADJP (JJ interested) (PP (IN in) (NP (NN chess))))) (. .)),simple,i m not interested in chess .,aku tidak tertarik dengan catur .
3113,Do you like listening to classical music?,Apakah kamu suka mendengarkan musik klasik?,(SQ (VBP Do) (NP (PRP you)) (VP (VB like) (S (VP (VBG listening) (PP (IN to) (NP (JJ classical) (NN music)))))) (. ?)),simple,do you like listening to classical music ?,apakah kamu suka mendengarkan musik klasik ?
3558,Two hundred people died of cholera last year.,Dua ratus orang meninggal karena kolera tahun lalu.,(S (NP (QP (CD Two) (CD hundred)) (NNS people)) (VP (VBD died) (PP (IN of) (NP (NN cholera))) (NP (JJ last) (NN year))) (. .)),simple,two hundred people died of cholera last year .,dua ratus orang meninggal karena kolera tahun lalu .
2682,One must do one's best in everything.,Seseorang harus melakukan yang terbaik dalam hal apapun.,(S (NP (CD One)) (VP (MD must) (VP (VB do) (NP (NP (PRP one) (POS 's)) (JJS best)) (PP (IN in) (NP (NN everything))))) (. .)),simple,one must do one s best in everything .,seseorang harus melakukan yang terbaik dalam hal apapun .
1916,The old couple sat side by side.,Pasangan lanjut usia itu duduk berdampingan.,(S (NP (DT The) (JJ old) (NN couple)) (VP (VBD sat) (NP (NP (NN side)) (PP (IN by) (NP (NN side))))) (. .)),simple,the old couple sat side by side .,pasangan lanjut usia itu duduk berdampingan .
1357,I'm no longer afraid of dogs.,Aku tidak lagi takut anjing.,(S (NP (PRP I)) (VP (VBP 'm) (ADVP (RB no) (RB longer)) (ADJP (JJ afraid) (PP (IN of) (NP (NNS dogs))))) (. .)),simple,i m no longer afraid of dogs .,aku tidak lagi takut anjing .
1825,"Everyone laughed, including Tom.","Semuanya tertawa, termasuk Tom.","(S (NP (NN Everyone)) (VP (VBD laughed) (, ,) (PP (VBG including) (NP (NNP Tom)))) (. .))",simple,everyone laughed including tom .,semuanya tertawa termasuk tom .
786,Tom is acting on his own.,Tom bertindak atas kemauannya sendiri.,(S (NP (NNP Tom)) (VP (VBZ is) (VP (VBG acting) (PP (IN on) (NP (PRP$ his) (JJ own))))) (. .)),simple,tom is acting on his own .,tom bertindak atas kemauannya sendiri .
4058,The students didn't remember what they read in that book.,Murid-murid tidak ingat apa yang telah mereka baca di buku tersebut.,(S (NP (DT The) (NNS students)) (VP (VBD did) (RB n't) (VP (VB remember) (SBAR (WHNP (WP what)) (S (NP (PRP they)) (VP (VBD read) (PP (IN in) (NP (DT that) (NN book)))))))) (. .)),complex,the students didn t remember what they read in that book .,murid murid tidak ingat apa yang telah mereka baca di buku tersebut .
140,He lives in luxury.,Dia hidup dengan mewah.,(S (NP (PRP He)) (VP (VBZ lives) (PP (IN in) (NP (NN luxury)))) (. .)),simple,he lives in luxury .,dia hidup dengan mewah .
788,Tom is allergic to wheat.,Tom alergi terhadap gandum.,(S (NP (NNP Tom)) (VP (VBZ is) (ADJP (JJ allergic) (PP (IN to) (NP (NN wheat))))) (. .)),simple,tom is allergic to wheat .,tom alergi terhadap gandum .
323,Who do you live with?,Dengan siapa kamu tinggal?,(SBARQ (WHNP (WP Who)) (SQ (VBP do) (NP (PRP you)) (VP (VB live) (PP (IN with)))) (. ?)),simple,who do you live with ?,dengan siapa kamu tinggal ?
3042,"On the table, I saw a half-eaten banana.","Di atas meja, aku melihat pisang yang sudah setengah dimakan.","(S (PP (IN On) (NP (DT the) (NN table))) (, ,) (NP (PRP I)) (VP (VBD saw) (NP (DT a) (ADJP (JJ half) (HYPH -) (JJ eaten)) (NN banana))) (. .))",simple,on the table i saw a half eaten banana .,di atas meja aku melihat pisang yang sudah setengah dimakan .
714,He isn't afraid of death.,Dia tidak takut mati.,(S (NP (PRP He)) (VP (VBZ is) (RB n't) (ADJP (JJ afraid) (PP (IN of) (NP (NN death))))) (. .)),simple,he isn t afraid of death .,dia tidak takut mati .
3640,Who's the man that's leaning against the gate?,Siapa pria yang bersandar di pagar?,(SBARQ (WHNP (WP Who)) (SQ (VP (VBZ 's) (NP (NP (DT the) (NN man)) (SBAR (WHNP (WDT that)) (S (VP (VBZ 's) (VP (VBG leaning) (PP (IN against) (NP (DT the) (NN gate)))))))))) (. ?)),complex,who s the man that s leaning against the gate ?,siapa pria yang bersandar di pagar ?
4136,Tom doesn't think he'll be able to finish the job by himself.,Tom tidak berpikir kalau dia akan bisa menyelesaikan tugas itu seorang diri.,(S (NP (NNP Tom)) (VP (VBZ does) (RB n't) (VP (VB think) (SBAR (S (NP (PRP he)) (VP (MD 'll) (VP (VB be) (ADJP (JJ able) (S (VP (TO to) (VP (VB finish) (NP (DT the) (NN job)) (PP (IN by) (NP (PRP himself))))))))))))) (. .)),complex,tom doesn t think he ll be able to finish the job by himself .,tom tidak berpikir kalau dia akan bisa menyelesaikan tugas itu seorang diri .
3525,I'm going to make a cake for Mary's birthday.,Aku akan membuat kue untuk ulang tahun Marry.,(S (NP (PRP I)) (VP (VBP 'm) (VP (VBG going) (S (VP (TO to) (VP (VB make) (NP (DT a) (NN cake)) (PP (IN for) (NP (NP (NNP Mary) (POS 's)) (NN birthday)))))))) (. .)),simple,i m going to make a cake for mary s birthday .,aku akan membuat kue untuk ulang tahun marry .
3808,Do you know any restaurants with good Korean food?,Apakah Anda mengetahui rumah makan masakan Korea yang enak?,(SQ (VBP Do) (NP (PRP you)) (VP (VB know) (NP (NP (DT any) (NNS restaurants)) (PP (IN with) (NP (JJ good) (JJ Korean) (NN food))))) (. ?)),simple,do you know any restaurants with good korean food ?,apakah anda mengetahui rumah makan masakan korea yang enak ?
2229,She taught music for thirty years.,Dia telah mengajar musik selama 30 tahun.,(S (NP (PRP She)) (VP (VBD taught) (NP (NN music)) (PP (IN for) (NP (CD thirty) (NNS years)))) (. .)),simple,she taught music for thirty years .,dia telah mengajar musik selama tahun .
406,There's nothing on TV.,Tidak ada apa-apa di televisi.,(S (NP (EX There)) (VP (VBZ 's) (NP (NN nothing)) (PP (IN on) (NP (NN TV)))) (. .)),simple,there s nothing on tv .,tidak ada apa apa di televisi .
2493,He has a good head on his shoulders.,Dia punya otak yang cerdas.,(S (NP (PRP He)) (VP (VBZ has) (NP (NP (DT a) (JJ good) (NN head)) (PP (IN on) (NP (PRP$ his) (NNS shoulders))))) (. .)),simple,he has a good head on his shoulders .,dia punya otak yang cerdas .
1004,He's an old friend of mine.,Dia teman lamaku.,(S (NP (PRP He)) (VP (VBZ 's) (NP (NP (DT an) (JJ old) (NN friend)) (PP (IN of) (NP (PRP mine))))) (. .)),simple,he s an old friend of mine .,dia teman lamaku .
890,I'm going to the restroom.,Saya akan pergi ke toilet sebentar.,(S (NP (PRP I)) (VP (VBP 'm) (VP (VBG going) (PP (IN to) (NP (DT the) (NN restroom))))) (. .)),simple,i m going to the restroom .,saya akan pergi ke toilet sebentar .
3233,He succeeded in swimming across the river.,Dia berhasil berenang melewati sungai itu.,(S (NP (PRP He)) (VP (VBD succeeded) (PP (IN in) (S (VP (VBG swimming) (PP (IN across) (NP (DT the) (NN river))))))) (. .)),simple,he succeeded in swimming across the river .,dia berhasil berenang melewati sungai itu .
2915,I interpreted their silence as consent.,Saya menganggap diamnya mereka sebagai tanda setuju.,(S (NP (PRP I)) (VP (VBD interpreted) (NP (PRP$ their) (NN silence)) (PP (IN as) (NP (NN consent)))) (. .)),simple,i interpreted their silence as consent .,saya menganggap diamnya mereka sebagai tanda setuju .
3395,Tom doesn't want to eat at that restaurant.,Tom tidak mau makan di restoran itu.,(S (NP (NNP Tom)) (VP (VBZ does) (RB n't) (VP (VB want) (S (VP (TO to) (VP (VB eat) (PP (IN at) (NP (DT that) (NN restaurant)))))))) (. .)),simple,tom doesn t want to eat at that restaurant .,tom tidak mau makan di restoran itu .
3964,An article about our school appeared in the newspaper.,Sebuah artikel tentang sekolah kita muncul di koran.,(S (NP (NP (DT An) (NN article)) (PP (IN about) (NP (PRP$ our) (NN school)))) (VP (VBD appeared) (PP (IN in) (NP (DT the) (NN newspaper)))) (. .)),simple,an article about our school appeared in the newspaper .,sebuah artikel tentang sekolah kita muncul di koran .
303,Tom is mad about you.,Tom marah kepadamu.,(S (NP (NNP Tom)) (VP (VBZ is) (ADJP (JJ mad) (PP (IN about) (NP (PRP you))))) (. .)),simple,tom is mad about you .,tom marah kepadamu .
3681,The teacher assembled the students in the hall.,Guru itu mengumpulkan para siswa di aula.,(S (NP (DT The) (NN teacher)) (VP (VBD assembled) (NP (DT the) (NNS students)) (PP (IN in) (NP (DT the) (NN hall)))) (. .)),simple,the teacher assembled the students in the hall .,guru itu mengumpulkan para siswa di aula .
3536,The country's economy depends on agriculture.,Perekonomian negara bergantung pada pertanian.,(S (NP (NP (DT The) (NN country) (POS 's)) (NN economy)) (VP (VBZ depends) (PP (IN on) (NP (NN agriculture)))) (. .)),simple,the country s economy depends on agriculture .,perekonomian negara bergantung pada pertanian .
664,What are we looking for?,Apa yang sedang kita cari?,(SBARQ (WHNP (WP What)) (SQ (VBP are) (NP (PRP we)) (VP (VBG looking) (PP (IN for)))) (. ?)),simple,what are we looking for ?,apa yang sedang kita cari ?
1177,I'm not here for a vacation.,Saya tidak berada di sini untuk berlibur.,(S (NP (PRP I)) (VP (VBP 'm) (RB not) (ADVP (RB here)) (PP (IN for) (NP (DT a) (NN vacation)))) (. .)),simple,i m not here for a vacation .,saya tidak berada di sini untuk berlibur .
1947,Tom is the tallest in his class.,Tom adalah yang tertinggi di kelasnya.,(S (NP (NNP Tom)) (VP (VBZ is) (NP (NP (DT the) (JJS tallest)) (PP (IN in) (NP (PRP$ his) (NN class))))) (. .)),simple,tom is the tallest in his class .,tom adalah yang tertinggi di kelasnya .
3644,You are always complaining about your husband.,Kamu selalu mengeluhkan suamimu.,(S (NP (PRP You)) (VP (VBP are) (ADVP (RB always)) (VP (VBG complaining) (PP (IN about) (NP (PRP$ your) (NN husband))))) (. .)),simple,you are always complaining about your husband .,kamu selalu mengeluhkan suamimu .
2132,We should look after our parents.,Kita harus memperhatikan kedua orang tua kita.,(S (NP (PRP We)) (VP (MD should) (VP (VB look) (PP (IN after) (NP (PRP$ our) (NNS parents))))) (. .)),simple,we should look after our parents .,kita harus memperhatikan kedua orang tua kita .
3316,He dates the custom from the colonial days.,Dia memperkirakan bahwa adat kebiasaan itu telah dimulai sejak jaman kolonial.,(S (NP (PRP He)) (VP (VBZ dates) (NP (DT the) (NN custom)) (PP (IN from) (NP (DT the) (JJ colonial) (NNS days)))) (. .)),simple,he dates the custom from the colonial days .,dia memperkirakan bahwa adat kebiasaan itu telah dimulai sejak jaman kolonial .
961,We were caught in a storm.,Kami terperangkap dalam badai.,(S (NP (PRP We)) (VP (VBD were) (VP (VBN caught) (PP (IN in) (NP (DT a) (NN storm))))) (. .)),simple,we were caught in a storm .,kami terperangkap dalam badai .
2009,Cows are sacred animals in India.,Sapi adalah hewan suci di India.,(S (NP (NNS Cows)) (VP (VBP are) (NP (JJ sacred) (NNS animals)) (PP (IN in) (NP (NNP India)))) (. .)),simple,cows are sacred animals in india .,sapi adalah hewan suci di india .
2149,You know that you can talk to me.,Kamu tahu bahwa kamu bisa bicara kepadaku.,(S (NP (PRP You)) (VP (VBP know) (SBAR (IN that) (S (NP (PRP you)) (VP (MD can) (VP (VB talk) (PP (IN to) (NP (PRP me)))))))) (. .)),complex,you know that you can talk to me .,kamu tahu bahwa kamu bisa bicara kepadaku .
2463,What do you think of Japanese food?,Bagaimana pendapatmu tentang makanan Jepang?,(SBARQ (WHNP (WP What)) (SQ (VBP do) (NP (PRP you)) (VP (VB think) (PP (IN of) (NP (JJ Japanese) (NN food))))) (. ?)),simple,what do you think of japanese food ?,bagaimana pendapatmu tentang makanan jepang ?
2876,You're heading in the wrong direction.,Kalian pergi ke arah yang salah.,(S (NP (PRP You)) (VP (VBP 're) (VP (VBG heading) (PP (IN in) (NP (DT the) (JJ wrong) (NN direction))))) (. .)),simple,you re heading in the wrong direction .,kalian pergi ke arah yang salah .
304,Tom isn't in his car.,Tom tidak ada di mobilnya.,(S (NP (NNP Tom)) (VP (VBZ is) (RB n't) (PP (IN in) (NP (PRP$ his) (NN car)))) (. .)),simple,tom isn t in his car .,tom tidak ada di mobilnya .
3788,Tango lives with a small boy in a little village.,Tango tinggal dengan seorang anak laki-laki di sebuah desa kecil.,(S (NP (NNP Tango)) (VP (VBZ lives) (PP (IN with) (NP (DT a) (JJ small) (NN boy))) (PP (IN in) (NP (DT a) (JJ little) (NN village)))) (. .)),simple,tango lives with a small boy in a little village .,tango tinggal dengan seorang anak laki laki di sebuah desa kecil .
4092,Electronic news media is our primary source of information.,Media berita elektronik adalah sumber utama informasi kami.,(S (NP (JJ Electronic) (NN news) (NNS media)) (VP (VBZ is) (NP (NP (PRP$ our) (JJ primary) (NN source)) (PP (IN of) (NP (NN information))))) (. .)),simple,electronic news media is our primary source of information .,media berita elektronik adalah sumber utama informasi kami .
916,One of the tires was flat.,Salah satu bannya kempes.,(S (NP (NP (CD One)) (PP (IN of) (NP (DT the) (NNS tires)))) (VP (VBD was) (ADJP (JJ flat))) (. .)),simple,one of the tires was flat .,salah satu bannya kempes .
3076,Tom doesn't want to play golf with Mary.,Tom tidak ingin bermain golf dengan Mary.,(S (NP (NNP Tom)) (VP (VBZ does) (RB n't) (VP (VB want) (S (VP (TO to) (VP (VB play) (NP (NN golf)) (PP (IN with) (NP (NNP Mary)))))))) (. .)),simple,tom doesn t want to play golf with mary .,tom tidak ingin bermain golf dengan mary .
1624,What kind of cars do you like?,Mobil apa yang kamu suka?,(SBARQ (WHNP (WHNP (WP What) (NN kind)) (PP (IN of) (NP (NNS cars)))) (SQ (VBP do) (NP (PRP you)) (VP (VB like))) (. ?)),simple,what kind of cars do you like ?,mobil apa yang kamu suka ?
3504,A photographer took a photograph of my house.,Seorang fotografer mengambil gambar rumahku.,(S (NP (DT A) (NN photographer)) (VP (VBD took) (NP (NP (DT a) (NN photograph)) (PP (IN of) (NP (PRP$ my) (NN house))))) (. .)),simple,a photographer took a photograph of my house .,seorang fotografer mengambil gambar rumahku .
821,What are you laughing at?,Kau menertawakan apa?,(SBARQ (WHNP (WP What)) (SQ (VBP are) (NP (PRP you)) (VP (VBG laughing) (PP (IN at)))) (. ?)),simple,what are you laughing at ?,kau menertawakan apa ?
2529,I'd never seen you like that before.,Saya belum pernah melihat Anda seperti itu sebelumnya.,(S (NP (PRP I)) (VP (VBD 'd) (ADVP (RB never)) (VP (VBN seen) (NP (PRP you)) (PP (IN like) (NP (DT that))) (ADVP (RB before)))) (. .)),simple,i d never seen you like that before .,saya belum pernah melihat anda seperti itu sebelumnya .
1354,I'd like two kilos of apples.,Saya ingin membeli dua kilo apel.,(S (NP (PRP I)) (VP (MD 'd) (VP (VB like) (NP (NP (CD two) (NNS kilos)) (PP (IN of) (NP (NNS apples)))))) (. .)),simple,i d like two kilos of apples .,saya ingin membeli dua kilo apel .
3650,Cars made in Japan are used all over the world.,Mobil produksi Jepang digunakan di seluruh dunia.,(S (NP (NP (NNS Cars)) (VP (VBN made) (PP (IN in) (NP (NNP Japan))))) (VP (VBP are) (VP (VBN used) (PP (ADVP (DT all)) (IN over) (NP (DT the) (NN world))))) (. .)),simple,cars made in japan are used all over the world .,mobil produksi jepang digunakan di seluruh dunia .
3706,Don't pat me on the head like I'm still a child!,Jangan mengelus-elus kepalaku seakan aku ini masih anak kecil!,(S (VP (VBP Do) (RB n't) (VP (VB pat) (NP (PRP me)) (PP (IN on) (NP (DT the) (NN head))) (SBAR (IN like) (S (NP (PRP I)) (VP (VBP 'm) (ADVP (RB still)) (NP (DT a) (NN child))))))) (. !)),complex,don t pat me on the head like i m still a child !,jangan mengelus elus kepalaku seakan aku ini masih anak kecil !
1000,He's a man you can rely on.,Dia pria yang bisa kamu andalkan.,(S (NP (PRP He)) (VP (VBZ 's) (NP (NP (DT a) (NN man)) (SBAR (S (NP (PRP you)) (VP (MD can) (VP (VB rely) (PP (IN on)))))))) (. .)),complex,he s a man you can rely on .,dia pria yang bisa kamu andalkan .
18,It's for sale.,Ini untuk dijual.,(S (NP (PRP It)) (VP (VBZ 's) (PP (IN for) (NP (NN sale)))) (. .)),simple,it s for sale .,ini untuk dijual .
1637,Aren't you sick of eating here?,Apa kau tidak jenuh terus-terusan makan di sini?,(SQ (VBP Are) (RB n't) (NP (PRP you)) (ADJP (JJ sick) (PP (IN of) (S (VP (VBG eating) (ADVP (RB here)))))) (. ?)),simple,aren t you sick of eating here ?,apa kau tidak jenuh terus terusan makan di sini ?
1667,I am ashamed of having done so.,Saya malu telah melakukan hal tersebut.,(S (NP (PRP I)) (VP (VBP am) (ADJP (JJ ashamed) (PP (IN of) (S (VP (VBG having) (VP (VBN done) (ADVP (RB so)))))))) (. .)),simple,i am ashamed of having done so .,saya malu telah melakukan hal tersebut .
493,Stop worrying about me.,Berhentilah mengkhawatirkanku.,(S (VP (VB Stop) (S (VP (VBG worrying) (PP (IN about) (NP (PRP me)))))) (. .)),simple,stop worrying about me .,berhentilah mengkhawatirkanku .
3049,Staying at home is not a pleasant thing.,Berada di rumah bukan hal yang menyenangkan.,(S (S (VP (VBG Staying) (PP (IN at) (NP (NN home))))) (VP (VBZ is) (RB not) (NP (DT a) (JJ pleasant) (NN thing))) (. .)),simple,staying at home is not a pleasant thing .,berada di rumah bukan hal yang menyenangkan .
2765,Do you want to pay with a credit card?,Apakah Anda ingin membayar dengan kartu kredit?,(SQ (VBP Do) (NP (PRP you)) (VP (VB want) (S (VP (TO to) (VP (VB pay) (PP (IN with) (NP (DT a) (NN credit) (NN card))))))) (. ?)),simple,do you want to pay with a credit card ?,apakah anda ingin membayar dengan kartu kredit ?
687,You have a lot of books.,Kamu punya banyak buku.,(S (NP (PRP You)) (VP (VBP have) (NP (NP (DT a) (NN lot)) (PP (IN of) (NP (NNS books))))) (. .)),simple,you have a lot of books .,kamu punya banyak buku .
2767,Everybody was interested in the story.,Semua orang tertarik pada cerita tersebut.,(S (NP (NN Everybody)) (VP (VBD was) (ADJP (JJ interested) (PP (IN in) (NP (DT the) (NN story))))) (. .)),simple,everybody was interested in the story .,semua orang tertarik pada cerita tersebut .
1608,Tom leaned against the locker.,Tom bersandar pada loker.,(S (NP (NNP Tom)) (VP (VBD leaned) (PP (IN against) (NP (DT the) (NN locker)))) (. .)),simple,tom leaned against the locker .,tom bersandar pada loker .
4218,We learn from experience that men never learn anything from experience.,Kita belajar dari pengalaman bahwa kita tidak pernah belajar apapun dari pengalaman.,(S (NP (PRP We)) (VP (VBP learn) (PP (IN from) (NP (NN experience))) (SBAR (IN that) (S (NP (NNS men)) (ADVP (RB never)) (VP (VBP learn) (NP (NN anything)) (PP (IN from) (NP (NN experience))))))) (. .)),complex,we learn from experience that men never learn anything from experience .,kita belajar dari pengalaman bahwa kita tidak pernah belajar apapun dari pengalaman .
3685,There is an urgent need for experienced pilots.,Ada kebutuhan mendesak akan pilot-pilot yang berpengalaman.,(S (NP (EX There)) (VP (VBZ is) (NP (NP (DT an) (JJ urgent) (NN need)) (PP (IN for) (NP (VBN experienced) (NNS pilots))))) (. .)),simple,there is an urgent need for experienced pilots .,ada kebutuhan mendesak akan pilot pilot yang berpengalaman .
1009,I ate three pieces of cake.,Aku makan kue tiga potong.,(S (NP (PRP I)) (VP (VBD ate) (NP (NP (CD three) (NNS pieces)) (PP (IN of) (NP (NN cake))))) (. .)),simple,i ate three pieces of cake .,aku makan kue tiga potong .
3846,I can't drive anywhere because my car's out of gas.,Aku tidak bisa berkendara ke mana-mana karena mobilku kehabisan bensin.,(S (NP (PRP I)) (VP (MD ca) (RB n't) (VP (VB drive) (ADVP (RB anywhere)) (SBAR (IN because) (S (NP (PRP$ my) (NN car)) (VP (VBZ 's) (PP (IN out) (PP (IN of) (NP (NN gas))))))))) (. .)),complex,i can t drive anywhere because my car s out of gas .,aku tidak bisa berkendara ke mana mana karena mobilku kehabisan bensin .
1327,How does Tom feel about that?,Apa yang Tom rasakan tentang hal itu?,(SBARQ (WHADVP (WRB How)) (SQ (VBZ does) (NP (NNP Tom)) (VP (VB feel) (PP (IN about) (NP (DT that))))) (. ?)),simple,how does tom feel about that ?,apa yang tom rasakan tentang hal itu ?
1677,I have a lot of homework to do.,Ada banyak PR yang harus kukerjakan.,(S (NP (PRP I)) (VP (VBP have) (NP (NP (NP (DT a) (NN lot)) (PP (IN of) (NP (NN homework)))) (SBAR (S (VP (TO to) (VP (VB do))))))) (. .)),complex,i have a lot of homework to do .,ada banyak pr yang harus kukerjakan .
1999,Alcohol is also cheap in Germany.,Alkohol juga murah di Jerman.,(S (NP (NN Alcohol)) (VP (VBZ is) (ADVP (RB also)) (ADJP (JJ cheap)) (PP (IN in) (NP (NNP Germany)))) (. .)),simple,alcohol is also cheap in germany .,alkohol juga murah di jerman .
1310,Have a look at the world map.,Lihatlah peta dunia.,(S (VP (VB Have) (NP (NP (DT a) (NN look)) (PP (IN at) (NP (DT the) (NN world) (NN map))))) (. .)),simple,have a look at the world map .,lihatlah peta dunia .
1987,Would you like to dance with me?,Maukah kamu menari denganku?,(SQ (MD Would) (NP (PRP you)) (VP (VB like) (S (VP (TO to) (VP (VB dance) (PP (IN with) (NP (PRP me))))))) (. ?)),simple,would you like to dance with me ?,maukah kamu menari denganku ?
2865,What do you want to know about Boston?,Apa yang ingin Anda ketahui tentang Boston?,(SBARQ (WHNP (WP What)) (SQ (VBP do) (NP (PRP you)) (VP (VB want) (S (VP (TO to) (VP (VB know) (PP (IN about) (NP (NNP Boston)))))))) (. ?)),simple,what do you want to know about boston ?,apa yang ingin anda ketahui tentang boston ?
344,He is mad about music.,Dia tergila-gila soal musik.,(S (NP (PRP He)) (VP (VBZ is) (ADJP (JJ mad) (PP (IN about) (NP (NN music))))) (. .)),simple,he is mad about music .,dia tergila gila soal musik .
3047,She killed herself at the age of thirty.,Dia bunuh diri pada usia tiga puluh tahun.,(S (NP (PRP She)) (VP (VBD killed) (NP (PRP herself)) (PP (IN at) (NP (NP (DT the) (NN age)) (PP (IN of) (NP (CD thirty)))))) (. .)),simple,she killed herself at the age of thirty .,dia bunuh diri pada usia tiga puluh tahun .
986,Canadians aren't like that.,Orang Kanada tidak seperti itu.,(S (NP (NNPS Canadians)) (VP (VBP are) (RB n't) (PP (IN like) (NP (DT that)))) (. .)),simple,canadians aren t like that .,orang kanada tidak seperti itu .
2852,Tom realized Mary was waiting for him.,Tom menyadari Mary menunggu dirinya.,(S (NP (NNP Tom)) (VP (VBD realized) (SBAR (S (NP (NNP Mary)) (VP (VBD was) (VP (VBG waiting) (PP (IN for) (NP (PRP him)))))))) (. .)),complex,tom realized mary was waiting for him .,tom menyadari mary menunggu dirinya .
3332,I have to withdraw some cash from the bank.,Saya perlu mengambil uang di bank.,(S (NP (PRP I)) (VP (VBP have) (S (VP (TO to) (VP (VB withdraw) (NP (DT some) (NN cash)) (PP (IN from) (NP (DT the) (NN bank))))))) (. .)),simple,i have to withdraw some cash from the bank .,saya perlu mengambil uang di bank .
2955,There's a calendar hanging on the wall.,Ada kalender menggantung di dinding.,(S (NP (EX There)) (VP (VBZ 's) (S (NP (DT a) (NN calendar)) (VP (VBG hanging) (PP (IN on) (NP (DT the) (NN wall)))))) (. .)),simple,there s a calendar hanging on the wall .,ada kalender menggantung di dinding .
3754,We should've paid attention to the announcement.,Kita seharusnya memperhatikan pengumuman itu dengan benar.,(S (NP (PRP We)) (VP (MD should) (VP (VB 've) (VP (VBN paid) (NP (NN attention)) (PP (IN to) (NP (DT the) (NN announcement)))))) (. .)),simple,we should ve paid attention to the announcement .,kita seharusnya memperhatikan pengumuman itu dengan benar .
1142,Have you ever been to Japan?,Apakah kamu pernah ke Jepang?,(SQ (VBP Have) (NP (PRP you)) (ADVP (RB ever)) (VP (VBN been) (PP (IN to) (NP (NNP Japan)))) (. ?)),simple,have you ever been to japan ?,apakah kamu pernah ke jepang ?
1198,Parties can be a lot of fun.,Pesta bisa jadi sangat menyenangkan.,(S (NP (NNS Parties)) (VP (MD can) (VP (VB be) (NP (NP (DT a) (NN lot)) (PP (IN of) (NP (NN fun)))))) (. .)),simple,parties can be a lot of fun .,pesta bisa jadi sangat menyenangkan .
85,Walk ahead of me.,Berjalanlah di depanku.,(S (VP (VB Walk) (ADVP (RB ahead) (PP (IN of) (NP (PRP me))))) (. .)),simple,walk ahead of me .,berjalanlah di depanku .
1518,I wasn't looking for anything.,Saya tidak sedang mencari apa-apa.,(S (NP (PRP I)) (VP (VBD was) (RB n't) (VP (VBG looking) (PP (IN for) (NP (NN anything))))) (. .)),simple,i wasn t looking for anything .,saya tidak sedang mencari apa apa .
3095,Where's there a supermarket around here?,Di sekitar sini supermarket ada di mana?,(SBARQ (WHADVP (WRB Where)) (SQ (VBZ 's) (NP (EX there)) (NP (NP (DT a) (NN supermarket)) (PP (IN around) (ADVP (RB here))))) (. ?)),simple,where s there a supermarket around here ?,di sekitar sini supermarket ada di mana ?
1381,Mayonnaise is made from eggs.,Mayones terbuat dari telur.,(S (NP (NN Mayonnaise)) (VP (VBZ is) (VP (VBN made) (PP (IN from) (NP (NNS eggs))))) (. .)),simple,mayonnaise is made from eggs .,mayones terbuat dari telur .
3363,Please turn right at the next intersection.,Tolong belok kanan di persimpangan berikutnya.,(S (ADVP (RB Please)) (VP (VB turn) (ADVP (RB right)) (PP (IN at) (NP (DT the) (JJ next) (NN intersection)))) (. .)),simple,please turn right at the next intersection .,tolong belok kanan di persimpangan berikutnya .
1014,I don't remember any of it.,Aku tidak ingat apa-apa tentang hal itu.,(S (NP (PRP I)) (VP (VBP do) (RB n't) (VP (VB remember) (NP (NP (DT any)) (PP (IN of) (NP (PRP it)))))) (. .)),simple,i don t remember any of it .,aku tidak ingat apa apa tentang hal itu .
128,We believe in God.,Kami percaya kepada Tuhan.,(S (NP (PRP We)) (VP (VBP believe) (PP (IN in) (NP (NNP God)))) (. .)),simple,we believe in god .,kami percaya kepada tuhan .
1364,I'm used to getting up early.,Aku terbiasa bangun pagi.,(S (NP (PRP I)) (VP (VBP 'm) (VP (VBN used) (PP (IN to) (S (VP (VBG getting) (ADVP (RP up)) (ADVP (RB early))))))) (. .)),simple,i m used to getting up early .,aku terbiasa bangun pagi .
3364,Recent advances in medicine are remarkable.,Beberapa kemajuan dalam ilmu kedokteran belakangan ini sangat menakjubkan.,(S (NP (NP (JJ Recent) (NNS advances)) (PP (IN in) (NP (NN medicine)))) (VP (VBP are) (ADJP (JJ remarkable))) (. .)),simple,recent advances in medicine are remarkable .,beberapa kemajuan dalam ilmu kedokteran belakangan ini sangat menakjubkan .
2310,Why don't we hide in the basement?,Mengapa kita tidak bersembunyi di basemen?,(SBARQ (WHADVP (WRB Why)) (SQ (VBP do) (RB n't) (NP (PRP we)) (VP (VB hide) (PP (IN in) (NP (DT the) (NN basement))))) (. ?)),simple,why don t we hide in the basement ?,mengapa kita tidak bersembunyi di basemen ?
891,I'm just messing with you.,Aku cuma main-main denganmu.,(S (NP (PRP I)) (VP (VBP 'm) (ADVP (RB just)) (VP (VBG messing) (PP (IN with) (NP (PRP you))))) (. .)),simple,i m just messing with you .,aku cuma main main denganmu .
3172,The big building was blazing with lights.,Bangunan besar itu gemerlap dengan cahaya.,(S (NP (DT The) (JJ big) (NN building)) (VP (VBD was) (VP (VBG blazing) (PP (IN with) (NP (NNS lights))))) (. .)),simple,the big building was blazing with lights .,bangunan besar itu gemerlap dengan cahaya .
1359,I'm not frightened of ghosts.,Aku tidak takut dengan hantu.,(S (NP (PRP I)) (VP (VBP 'm) (RB not) (ADJP (JJ frightened) (PP (IN of) (NP (NNS ghosts))))) (. .)),simple,i m not frightened of ghosts .,aku tidak takut dengan hantu .
307,Tom told me about it.,Tom memberitahuku tentang hal itu.,(S (NP (NNP Tom)) (VP (VBD told) (NP (PRP me)) (PP (IN about) (NP (PRP it)))) (. .)),simple,tom told me about it .,tom memberitahuku tentang hal itu .
1661,"He was born on July 28th, 1888.",Ia lahir pada tanggal 28 Juli 1888.,"(S (NP (PRP He)) (VP (VBD was) (VP (VBN born) (PP (IN on) (NP (NP (NNP July) (JJ 28th)) (, ,) (NP (CD 1888)))))) (. .))",simple,he was born on july th .,ia lahir pada tanggal juli .
2910,I don't want to think about that again.,Aku tidak mau memikirkan itu lagi.,(S (NP (PRP I)) (VP (VBP do) (RB n't) (VP (VB want) (S (VP (TO to) (VP (VB think) (PP (IN about) (NP (DT that))) (ADVP (RB again))))))) (. .)),simple,i don t want to think about that again .,aku tidak mau memikirkan itu lagi .
1317,He drove the truck to Dallas.,Ia membawa truknya ke Dallas.,(S (NP (PRP He)) (VP (VBD drove) (NP (DT the) (NN truck)) (PP (IN to) (NP (NNP Dallas)))) (. .)),simple,he drove the truck to dallas .,ia membawa truknya ke dallas .
4197,Japanese companies generally provide their employees with uniforms.,Perusahan Jepang umumnya menyediakan seragam untuk para karyawannya.,(S (NP (JJ Japanese) (NNS companies)) (ADVP (RB generally)) (VP (VBP provide) (NP (PRP$ their) (NNS employees)) (PP (IN with) (NP (NNS uniforms)))) (. .)),simple,japanese companies generally provide their employees with uniforms .,perusahan jepang umumnya menyediakan seragam untuk para karyawannya .
3244,I feel like going for a walk this morning.,Saya merasa ingin berjalan-jalan pagi ini.,(S (NP (PRP I)) (VP (VBP feel) (PP (IN like) (S (VP (VBG going) (PP (IN for) (NP (DT a) (NN walk))) (NP (DT this) (NN morning)))))) (. .)),simple,i feel like going for a walk this morning .,saya merasa ingin berjalan jalan pagi ini .
1208,Something leaked in the bag.,Ada yang bocor di dalam tas.,(S (NP (NN Something)) (VP (VBD leaked) (PP (IN in) (NP (DT the) (NN bag)))) (. .)),simple,something leaked in the bag .,ada yang bocor di dalam tas .
4112,"Tom Jackson was convicted, sentenced to death, and executed.","Tom Jackson dinyatakan bersalah, dijatuhi hukuman mati, dan dieksekusi.","(S (NP (NNP Tom) (NNP Jackson)) (VP (VBD was) (VP (VP (VBN convicted)) (, ,) (VP (VBN sentenced) (PP (IN to) (NP (NN death)))) (, ,) (CC and) (VP (VBN executed)))) (. .))",simple,tom jackson was convicted sentenced to death and executed .,tom jackson dinyatakan bersalah dijatuhi hukuman mati dan dieksekusi .
3295,We were directly in the path of the storm.,Kami berada tepat di jalur badai.,(S (NP (PRP We)) (VP (VBD were) (ADVP (RB directly)) (PP (IN in) (NP (NP (DT the) (NN path)) (PP (IN of) (NP (DT the) (NN storm)))))) (. .)),simple,we were directly in the path of the storm .,kami berada tepat di jalur badai .
3732,Let's see if Tom can manage to do it by himself.,Mari kita lihat apakah Tom bisa mengurusnya sendiri atau tidak.,(S (VP (VB Let) (S (NP (PRP 's)) (VP (VB see) (SBAR (IN if) (S (NP (NNP Tom)) (VP (MD can) (VP (VB manage) (S (VP (TO to) (VP (VB do) (NP (PRP it)) (PP (IN by) (NP (PRP himself))))))))))))) (. .)),complex,let s see if tom can manage to do it by himself .,mari kita lihat apakah tom bisa mengurusnya sendiri atau tidak .
1239,Tom is with his parents now.,Tom sekarang bersama orang tuanya.,(S (NP (NNP Tom)) (VP (VBZ is) (PP (IN with) (NP (PRP$ his) (NNS parents))) (ADVP (RB now))) (. .)),simple,tom is with his parents now .,tom sekarang bersama orang tuanya .
275,I walked up the hill.,Aku menapaki bukit.,(S (NP (PRP I)) (VP (VBD walked) (PP (IN up) (NP (DT the) (NN hill)))) (. .)),simple,i walked up the hill .,aku menapaki bukit .
489,She has a lot of money.,Dia punya banyak uang.,(S (NP (PRP She)) (VP (VBZ has) (NP (NP (DT a) (NN lot)) (PP (IN of) (NP (NN money))))) (. .)),simple,she has a lot of money .,dia punya banyak uang .
3567,British people are used to standing in queues.,Orang Inggris terbiasa untuk berdiri untuk mengantri.,(S (NP (JJ British) (NNS people)) (VP (VBP are) (VP (VBN used) (PP (IN to) (S (VP (VBG standing) (PP (IN in) (NP (NNS queues)))))))) (. .)),simple,british people are used to standing in queues .,orang inggris terbiasa untuk berdiri untuk mengantri .
1229,Tom escaped from the danger.,Tom terhindar dari bahaya.,(S (NP (NNP Tom)) (VP (VBD escaped) (PP (IN from) (NP (DT the) (NN danger)))) (. .)),simple,tom escaped from the danger .,tom terhindar dari bahaya .
3741,There are many Japanese restaurants in New York.,Ada banyak restoran Jepang di New York.,(S (NP (EX There)) (VP (VBP are) (NP (JJ many) (JJ Japanese) (NNS restaurants)) (PP (IN in) (NP (NNP New) (NNP York)))) (. .)),simple,there are many japanese restaurants in new york .,ada banyak restoran jepang di new york .
2997,All of her books are written in Italian.,Semua bukunya ditulis dalam bahasa Italia.,(S (NP (NP (DT All)) (PP (IN of) (NP (PRP$ her) (NNS books)))) (VP (VBP are) (VP (VBN written) (PP (IN in) (NP (NNP Italian))))) (. .)),simple,all of her books are written in italian .,semua bukunya ditulis dalam bahasa italia .
4023,He claimed that he had returned the book to the library.,Dia mengatakan kalau dia sudah mengembalikan bukunya ke perpustakaan.,(S (NP (PRP He)) (VP (VBD claimed) (SBAR (IN that) (S (NP (PRP he)) (VP (VBD had) (VP (VBN returned) (NP (DT the) (NN book)) (PP (IN to) (NP (DT the) (NN library)))))))) (. .)),complex,he claimed that he had returned the book to the library .,dia mengatakan kalau dia sudah mengembalikan bukunya ke perpustakaan .
3372,The Nile is the longest river in the world.,Sungai Nil adalah sungai terpanjang di dunia.,(S (NP (DT The) (NNP Nile)) (VP (VBZ is) (NP (NP (DT the) (JJS longest) (NN river)) (PP (IN in) (NP (DT the) (NN world))))) (. .)),simple,the nile is the longest river in the world .,sungai nil adalah sungai terpanjang di dunia .
1058,Many young men went to war.,Banyak pemuda ikut perang.,(S (NP (JJ Many) (JJ young) (NNS men)) (VP (VBD went) (PP (IN to) (NP (NN war)))) (. .)),simple,many young men went to war .,banyak pemuda ikut perang .
2166,Everyone was dressed like a clown.,Semua orang berdandan seperti badut.,(S (NP (NN Everyone)) (VP (VBD was) (VP (VBN dressed) (PP (IN like) (NP (DT a) (NN clown))))) (. .)),simple,everyone was dressed like a clown .,semua orang berdandan seperti badut .
281,I'm scared of snakes.,Aku takut ular.,(S (NP (PRP I)) (VP (VBP 'm) (ADJP (VBN scared) (PP (IN of) (NP (NNS snakes))))) (. .)),simple,i m scared of snakes .,aku takut ular .
2650,I bought a magazine at the bookstore.,Saya beli majalah di toko buku.,(S (NP (PRP I)) (VP (VBD bought) (NP (DT a) (NN magazine)) (PP (IN at) (NP (DT the) (NN bookstore)))) (. .)),simple,i bought a magazine at the bookstore .,saya beli majalah di toko buku .
1316,He beat the dog with a stick.,Dia memukul anjing itu dengan tongkat.,(S (NP (PRP He)) (VP (VBD beat) (NP (DT the) (NN dog)) (PP (IN with) (NP (DT a) (NN stick)))) (. .)),simple,he beat the dog with a stick .,dia memukul anjing itu dengan tongkat .
968,What kind of soup is this?,Ini sop jenis apa?,(SBARQ (WHNP (WHNP (WP What) (NN kind)) (PP (IN of) (NP (NN soup)))) (SQ (VBZ is) (NP (DT this))) (. ?)),simple,what kind of soup is this ?,ini sop jenis apa ?
2899,He was hit by a car and died instantly.,Dia tertabrak mobil dan tewas di tempat.,(S (NP (PRP He)) (VP (VP (VBD was) (VP (VBN hit) (PP (IN by) (NP (DT a) (NN car))))) (CC and) (VP (VBD died) (ADVP (RB instantly)))) (. .)),simple,he was hit by a car and died instantly .,dia tertabrak mobil dan tewas di tempat .
2339,He was brave in the face of danger.,Dia begitu berani di hadapan mara bahaya.,(S (NP (PRP He)) (VP (VBD was) (ADJP (JJ brave)) (PP (IN in) (NP (NP (DT the) (NN face)) (PP (IN of) (NP (NN danger)))))) (. .)),simple,he was brave in the face of danger .,dia begitu berani di hadapan mara bahaya .
2614,Tom was waiting for someone outside.,Tom sedang menunggu seseorang di luar.,(S (NP (NNP Tom)) (VP (VBD was) (VP (VBG waiting) (PP (IN for) (NP (NP (NN someone)) (ADVP (RB outside)))))) (. .)),simple,tom was waiting for someone outside .,tom sedang menunggu seseorang di luar .
619,Tell me about your plan.,Beritahu aku tentang rencanamu.,(S (VP (VB Tell) (NP (PRP me)) (PP (IN about) (NP (PRP$ your) (NN plan)))) (. .)),simple,tell me about your plan .,beritahu aku tentang rencanamu .
3609,My life would be completely empty without you.,Hidupku hampa tanpamu.,(S (NP (PRP$ My) (NN life)) (VP (MD would) (VP (VB be) (ADJP (RB completely) (JJ empty)) (PP (IN without) (NP (PRP you))))) (. .)),simple,my life would be completely empty without you .,hidupku hampa tanpamu .
1742,There are no fish in this lake.,Tidak ada ikan di danau ini.,(S (NP (EX There)) (VP (VBP are) (NP (DT no) (NN fish)) (PP (IN in) (NP (DT this) (NN lake)))) (. .)),simple,there are no fish in this lake .,tidak ada ikan di danau ini .
3704,A lot has changed around here since you've left.,Banyak yang berubah di sini semenjak kalian pergi.,(S (NP (DT A) (NN lot)) (VP (VBZ has) (VP (VBN changed) (PP (IN around) (ADVP (RB here))) (SBAR (IN since) (S (NP (PRP you)) (VP (VBP 've) (VP (VBN left))))))) (. .)),complex,a lot has changed around here since you ve left .,banyak yang berubah di sini semenjak kalian pergi .
2990,Water freezes at 32 degrees Fahrenheit.,Air membeku pada suhu 32 derajat Fahrenheit.,(S (NP (NN Water)) (VP (VBZ freezes) (PP (IN at) (NP (NP (CD 32) (NNS degrees)) (NNP Fahrenheit)))) (. .)),simple,water freezes at degrees fahrenheit .,air membeku pada suhu derajat fahrenheit .
1847,I apologize for having to leave.,Saya meminta maaf karena harus pergi.,(S (NP (PRP I)) (VP (VBP apologize) (PP (IN for) (S (VP (VBG having) (S (VP (TO to) (VP (VB leave)))))))) (. .)),simple,i apologize for having to leave .,saya meminta maaf karena harus pergi .
1579,There is a radio on the table.,Ada sebuah radio di atas meja.,(S (NP (EX There)) (VP (VBZ is) (NP (DT a) (NN radio)) (PP (IN on) (NP (DT the) (NN table)))) (. .)),simple,there is a radio on the table .,ada sebuah radio di atas meja .
1655,He is often absent from school.,Dia sering absen dari sekolah.,(S (NP (PRP He)) (VP (VBZ is) (ADVP (RB often)) (ADJP (JJ absent) (PP (IN from) (NP (NN school))))) (. .)),simple,he is often absent from school .,dia sering absen dari sekolah .
2212,I've got to go to church tomorrow.,Aku harus pergi ke gereja besok.,(S (NP (PRP I)) (VP (VBP 've) (VP (VBN got) (S (VP (TO to) (VP (VB go) (PP (IN to) (NP (NN church))) (NP (NN tomorrow))))))) (. .)),simple,i ve got to go to church tomorrow .,aku harus pergi ke gereja besok .
2020,He was satisfied with the result.,Dia puas dengan hasilnya.,(S (NP (PRP He)) (VP (VBD was) (ADJP (VBN satisfied) (PP (IN with) (NP (DT the) (NN result))))) (. .)),simple,he was satisfied with the result .,dia puas dengan hasilnya .
1956,Tom slowly walked up the stairs.,Tom menaiki tangga secara perlahan.,(S (NP (NNP Tom)) (ADVP (RB slowly)) (VP (VBD walked) (PP (IN up) (NP (DT the) (NNS stairs)))) (. .)),simple,tom slowly walked up the stairs .,tom menaiki tangga secara perlahan .
1307,Everybody speaks well of her.,Semua orang memuji dirinya.,(S (NP (NN Everybody)) (VP (VBZ speaks) (ADVP (RB well)) (PP (IN of) (NP (PRP her)))) (. .)),simple,everybody speaks well of her .,semua orang memuji dirinya .
2003,Can I stay at your place tonight?,Boleh aku menginap di tempatmu malam ini?,(SQ (MD Can) (NP (PRP I)) (VP (VB stay) (PP (IN at) (NP (PRP$ your) (NN place))) (NP (NN tonight))) (. ?)),simple,can i stay at your place tonight ?,boleh aku menginap di tempatmu malam ini ?
575,I had no one to turn to.,Tidak ada seorang pun yang bisa kutemui.,(S (NP (PRP I)) (VP (VBD had) (NP (NP (DT no) (NN one)) (SBAR (S (VP (TO to) (VP (VB turn) (PP (IN to)))))))) (. .)),complex,i had no one to turn to .,tidak ada seorang pun yang bisa kutemui .
1706,"If it rains, I'll stay at home.","Jika hujan, aku akan tinggal di rumah.","(S (SBAR (IN If) (S (NP (PRP it)) (VP (VBZ rains)))) (, ,) (NP (PRP I)) (VP (MD 'll) (VP (VB stay) (PP (IN at) (NP (NN home))))) (. .))",complex,if it rains i ll stay at home .,jika hujan aku akan tinggal di rumah .
2775,I agree with your opinion about taxes.,Saya setuju dengan pendapat Anda mengenai pajak.,(S (NP (PRP I)) (VP (VBP agree) (PP (IN with) (NP (NP (PRP$ your) (NN opinion)) (PP (IN about) (NP (NNS taxes)))))) (. .)),simple,i agree with your opinion about taxes .,saya setuju dengan pendapat anda mengenai pajak .
2577,There is a dragonfly on the ceiling.,Ada capung di langit-langit.,(S (NP (EX There)) (VP (VBZ is) (NP (DT a) (NN dragonfly)) (PP (IN on) (NP (DT the) (NN ceiling)))) (. .)),simple,there is a dragonfly on the ceiling .,ada capung di langit langit .
3339,I thought that you didn't care about money.,Aku pikir kamu tidak peduli tentang uang.,(S (NP (PRP I)) (VP (VBD thought) (SBAR (IN that) (S (NP (PRP you)) (VP (VBD did) (RB n't) (VP (VB care) (PP (IN about) (NP (NN money)))))))) (. .)),complex,i thought that you didn t care about money .,aku pikir kamu tidak peduli tentang uang .
861,He's standing on his head.,Dia berdiri di atas kepalanya.,(S (NP (PRP He)) (VP (VBZ 's) (VP (VBG standing) (PP (IN on) (NP (PRP$ his) (NN head))))) (. .)),simple,he s standing on his head .,dia berdiri di atas kepalanya .
1801,Why do bees die after stinging?,Mengapa lebah mati setelah menyengat?,(SBARQ (WHADVP (WRB Why)) (SQ (VBP do) (NP (NNS bees)) (VP (VB die) (PP (IN after) (S (VP (VBG stinging)))))) (. ?)),simple,why do bees die after stinging ?,mengapa lebah mati setelah menyengat ?
1628,Who does your laundry for you?,Siapa yang mencucikan bajumu?,(SBARQ (WHNP (WP Who)) (SQ (VBZ does) (NP (PRP$ your) (NN laundry)) (PP (IN for) (NP (PRP you)))) (. ?)),simple,who does your laundry for you ?,siapa yang mencucikan bajumu ?
1993,Your chair is identical to mine.,Kursimu sama persis dengan milikku.,(S (NP (PRP$ Your) (NN chair)) (VP (VBZ is) (ADJP (JJ identical) (PP (IN to) (NP (PRP mine))))) (. .)),simple,your chair is identical to mine .,kursimu sama persis dengan milikku .
269,I know all about you.,Aku tahu semua tentangmu.,(S (NP (PRP I)) (VP (VBP know) (PP (ADVP (DT all)) (IN about) (NP (PRP you)))) (. .)),simple,i know all about you .,aku tahu semua tentangmu .
629,The key is on the table.,Kuncinya ada di atas meja.,(S (NP (DT The) (NN key)) (VP (VBZ is) (PP (IN on) (NP (DT the) (NN table)))) (. .)),simple,the key is on the table .,kuncinya ada di atas meja .
300,Tom fell off a cliff.,Tom terjatuh dari tebing.,(S (NP (NNP Tom)) (VP (VBD fell) (PP (IN off) (NP (DT a) (NN cliff)))) (. .)),simple,tom fell off a cliff .,tom terjatuh dari tebing .
4283,Popcorn is very inexpensive when compared to many other snack foods. It's also usually healthier.,"Popcorn sangat murah jika dibandingkan dengan banyak camilan lainnya, dan biasanya juga lebih sehat.",(S (NP (NN Popcorn)) (VP (VBZ is) (ADJP (RB very) (JJ inexpensive)) (SBAR (WHADVP (WRB when)) (PP (VBN compared) (PP (IN to) (NP (JJ many) (JJ other) (NN snack) (NNS foods)))))) (. .)),complex,popcorn is very inexpensive when compared to many other snack foods . it s also usually healthier .,popcorn sangat murah jika dibandingkan dengan banyak camilan lainnya dan biasanya juga lebih sehat .
1447,We live very near the school.,Kami tinggal sangat dekat dengan sekolah.,(S (NP (PRP We)) (VP (VBP live) (PP (ADVP (RB very)) (IN near) (NP (DT the) (NN school)))) (. .)),simple,we live very near the school .,kami tinggal sangat dekat dengan sekolah .
1472,Feta cheese has a lot of salt.,Keju feta mengandung banyak garam.,(S (NP (NN Feta) (NN cheese)) (VP (VBZ has) (NP (NP (DT a) (NN lot)) (PP (IN of) (NP (NN salt))))) (. .)),simple,feta cheese has a lot of salt .,keju feta mengandung banyak garam .
2046,I recommend this brand of coffee.,Aku merekomendasikan merek kopi ini.,(S (NP (PRP I)) (VP (VBP recommend) (NP (NP (DT this) (NN brand)) (PP (IN of) (NP (NN coffee))))) (. .)),simple,i recommend this brand of coffee .,aku merekomendasikan merek kopi ini .
3194,Tom asked Mary to go to a movie with him.,Tom mengajak Mary pergi menonton film bersamanya.,(S (NP (NNP Tom)) (VP (VBD asked) (NP (NNP Mary)) (S (VP (TO to) (VP (VB go) (PP (IN to) (NP (DT a) (NN movie))) (PP (IN with) (NP (PRP him))))))) (. .)),simple,tom asked mary to go to a movie with him .,tom mengajak mary pergi menonton film bersamanya .
4199,The teacher pointed out several mistakes in my English composition.,Guruku menunjukkan beberapa kesalahan dalam karangan bahasa Inggrisku.,(S (NP (DT The) (NN teacher)) (VP (VBD pointed) (PRT (RP out)) (NP (NP (JJ several) (NNS mistakes)) (PP (IN in) (NP (PRP$ my) (NNP English) (NN composition))))) (. .)),simple,the teacher pointed out several mistakes in my english composition .,guruku menunjukkan beberapa kesalahan dalam karangan bahasa inggrisku .
2113,Tom lives alone in a large house.,Tom tinggal sendiri di rumah yang besar,(S (NP (NNP Tom)) (VP (VBZ lives) (ADVP (RB alone)) (PP (IN in) (NP (DT a) (JJ large) (NN house)))) (. .)),simple,tom lives alone in a large house .,tom tinggal sendiri di rumah yang besar
3326,I couldn't remember the title of that song.,Aku tidak dapat mengingat judul lagu itu.,(S (NP (PRP I)) (VP (MD could) (RB n't) (VP (VB remember) (NP (NP (DT the) (NN title)) (PP (IN of) (NP (DT that) (NN song)))))) (. .)),simple,i couldn t remember the title of that song .,aku tidak dapat mengingat judul lagu itu .
3500,You're the only one I can count on for help.,Kamu satu-satunya yang bisa aku andalkan untuk membantuku.,(S (NP (PRP You)) (VP (VBP 're) (NP (NP (DT the) (JJ only) (NN one)) (SBAR (S (NP (PRP I)) (VP (MD can) (VP (VB count) (PP (IN on)) (PP (IN for) (NP (NN help))))))))) (. .)),complex,you re the only one i can count on for help .,kamu satu satunya yang bisa aku andalkan untuk membantuku .
3926,Can you wake me up at seven o'clock tomorrow morning?,Bisakah kamu membangunkanku pukul tujuh besok pagi?,(SQ (MD Can) (NP (PRP you)) (VP (VB wake) (NP (PRP me)) (PRT (RP up)) (PP (IN at) (NP (CD seven) (NN o'clock))) (NP (NN tomorrow) (NN morning))) (. ?)),simple,can you wake me up at seven o clock tomorrow morning ?,bisakah kamu membangunkanku pukul tujuh besok pagi ?
2836,There's a rivalry between our schools.,Ada persaingan antara sekolah kita.,(S (NP (EX There)) (VP (VBZ 's) (NP (NP (DT a) (NN rivalry)) (PP (IN between) (NP (PRP$ our) (NNS schools))))) (. .)),simple,there s a rivalry between our schools .,ada persaingan antara sekolah kita .
2008,Coffee will be ready in a minute.,Kopinya akan siap dalam satu menit.,(S (NP (NN Coffee)) (VP (MD will) (VP (VB be) (ADJP (JJ ready)) (PP (IN in) (NP (DT a) (NN minute))))) (. .)),simple,coffee will be ready in a minute .,kopinya akan siap dalam satu menit .
4217,Tom has been meaning to clean out his badly cluttered garage for years.,Tom berniat untuk membersihkan garasinya yang sudah tidak dibersihkan selama bertahun tahun,(S (NP (NNP Tom)) (VP (VBZ has) (VP (VBN been) (VP (VBG meaning) (S (VP (TO to) (VP (VB clean) (PRT (RP out)) (NP (PRP$ his) (ADJP (RB badly) (JJ cluttered)) (NN garage))))) (PP (IN for) (NP (NNS years)))))) (. .)),simple,tom has been meaning to clean out his badly cluttered garage for years .,tom berniat untuk membersihkan garasinya yang sudah tidak dibersihkan selama bertahun tahun
503,The train came on time.,Keretanya tiba tepat waktu.,(S (NP (DT The) (NN train)) (VP (VBD came) (PP (IN on) (NP (NN time)))) (. .)),simple,the train came on time .,keretanya tiba tepat waktu .
2691,Stop spending money on stupid things.,Berhentilah mengeluarkan uang untuk hal yang tidak penting.,(S (VP (VB Stop) (S (VP (VBG spending) (NP (NN money)) (PP (IN on) (NP (JJ stupid) (NNS things)))))) (. .)),simple,stop spending money on stupid things .,berhentilah mengeluarkan uang untuk hal yang tidak penting .
3114,Does Tom know how much you paid for that?,Apakah Tom tahu berapa banyak yang kamu keluarkan untuk itu?,(SQ (VBZ Does) (NP (NNP Tom)) (VP (VB know) (SBAR (WHNP (WRB how) (JJ much)) (S (NP (PRP you)) (VP (VBD paid) (PP (IN for) (NP (DT that))))))) (. ?)),complex,does tom know how much you paid for that ?,apakah tom tahu berapa banyak yang kamu keluarkan untuk itu ?
380,I've been to the bank.,Aku baru saja pergi ke bank.,(S (NP (PRP I)) (VP (VBP 've) (VP (VBN been) (PP (IN to) (NP (DT the) (NN bank))))) (. .)),simple,i ve been to the bank .,aku baru saja pergi ke bank .
3850,I ran across a rare book in a secondhand bookstore.,Aku kebetulan menemukan sebuah buku yang langka di toko buku bekas.,(S (NP (PRP I)) (VP (VBD ran) (PP (IN across) (NP (NP (DT a) (JJ rare) (NN book)) (PP (IN in) (NP (DT a) (JJ secondhand) (NN bookstore)))))) (. .)),simple,i ran across a rare book in a secondhand bookstore .,aku kebetulan menemukan sebuah buku yang langka di toko buku bekas .
1525,I'm extremely grateful to you.,Saya benar-benar sangat berterima kasih,(S (NP (PRP I)) (VP (VBP 'm) (ADJP (RB extremely) (JJ grateful) (PP (IN to) (NP (PRP you))))) (. .)),simple,i m extremely grateful to you .,saya benar benar sangat berterima kasih
4288,Tom got in with the wrong crowd during his teenage years and was arrested for car theft several times.,Tom terjerumus ke dalam pergaulan yang salah di masa remaja dan pernah beberapa kali ditangkap karena kasus pencurian mobil.,(S (NP (NNP Tom)) (VP (VP (VBD got) (PRT (RP in)) (PP (IN with) (NP (DT the) (JJ wrong) (NN crowd))) (PP (IN during) (NP (PRP$ his) (JJ teenage) (NNS years)))) (CC and) (VP (VBD was) (VP (VBN arrested) (PP (IN for) (NP (NN car) (NN theft))) (NP (JJ several) (NNS times))))) (. .)),simple,tom got in with the wrong crowd during his teenage years and was arrested for car theft several times .,tom terjerumus ke dalam pergaulan yang salah di masa remaja dan pernah beberapa kali ditangkap karena kasus pencurian mobil .
374,I will give it to you.,Aku akan memberikannya kepadamu.,(S (NP (PRP I)) (VP (MD will) (VP (VB give) (NP (PRP it)) (PP (IN to) (NP (PRP you))))) (. .)),simple,i will give it to you .,aku akan memberikannya kepadamu .
2415,There were no radios in those days.,Tidak ada radio pada saat itu.,(S (NP (EX There)) (VP (VBD were) (NP (DT no) (NNS radios)) (PP (IN in) (NP (DT those) (NNS days)))) (. .)),simple,there were no radios in those days .,tidak ada radio pada saat itu .
3321,How long have you been waiting for the bus?,Sudah berapa lama menunggu bus?,(SBARQ (WHADVP (WRB How) (RB long)) (SQ (VBP have) (NP (PRP you)) (VP (VBN been) (VP (VBG waiting) (PP (IN for) (NP (DT the) (NN bus)))))) (. ?)),simple,how long have you been waiting for the bus ?,sudah berapa lama menunggu bus ?
939,Tom is first in his class.,Tom nomor satu di kelasnya.,(S (NP (NNP Tom)) (VP (VBZ is) (ADJP (JJ first)) (PP (IN in) (NP (PRP$ his) (NN class)))) (. .)),simple,tom is first in his class .,tom nomor satu di kelasnya .
3340,I'm in no position to do anything about it.,Saya tidak punya kapasitas untuk mengatasi hal ini.,(S (NP (PRP I)) (VP (VBP 'm) (PP (IN in) (NP (NP (DT no) (NN position)) (SBAR (S (VP (TO to) (VP (VB do) (NP (NN anything)) (PP (IN about) (NP (PRP it)))))))))) (. .)),complex,i m in no position to do anything about it .,saya tidak punya kapasitas untuk mengatasi hal ini .
3918,We could go to Australia with you if you want us to.,Kita bisa pergi ke Australia bersamamu jika kamu mau.,(S (NP (PRP We)) (VP (MD could) (VP (VB go) (PP (IN to) (NP (NNP Australia))) (PP (IN with) (NP (PRP you))) (SBAR (IN if) (S (NP (PRP you)) (VP (VBP want) (S (NP (PRP us)) (VP (TO to)))))))) (. .)),complex,we could go to australia with you if you want us to .,kita bisa pergi ke australia bersamamu jika kamu mau .
2147,You can't come to Boston with me.,Kau tidak bisa pergi ke Boston denganku.,(S (NP (PRP You)) (VP (MD ca) (RB n't) (VP (VB come) (PP (IN to) (NP (NNP Boston))) (PP (IN with) (NP (PRP me))))) (. .)),simple,you can t come to boston with me .,kau tidak bisa pergi ke boston denganku .
3564,You had better not speak loudly in this room.,Lebih baik kamu jangan bicara keras-keras di ruangan ini.,(S (NP (PRP You)) (VP (VBD had) (ADVP (RBR better)) (RB not) (VP (VB speak) (ADVP (RB loudly)) (PP (IN in) (NP (DT this) (NN room))))) (. .)),simple,you had better not speak loudly in this room .,lebih baik kamu jangan bicara keras keras di ruangan ini .
2068,New Hampshire is next to Vermont.,New Hampshire ada di sebelah Vermont.,(S (NP (NNP New) (NNP Hampshire)) (VP (VBZ is) (ADVP (JJ next) (PP (IN to) (NP (NNP Vermont))))) (. .)),simple,new hampshire is next to vermont .,new hampshire ada di sebelah vermont .
529,Tom won't be mad at us.,Tom tidak akan marah kepada kita,(S (NP (NNP Tom)) (VP (MD wo) (RB n't) (VP (VB be) (ADJP (JJ mad) (PP (IN at) (NP (PRP us)))))) (. .)),simple,tom won t be mad at us .,tom tidak akan marah kepada kita
3333,"I knocked on the door, but no one answered.","Saya mengetuk pintu, tapi tidak ada orang yang menjawab.","(S (S (NP (PRP I)) (VP (VBD knocked) (PP (IN on) (NP (DT the) (NN door))))) (, ,) (CC but) (S (NP (DT no) (PRP one)) (VP (VBD answered))) (. .))",compound,i knocked on the door but no one answered .,saya mengetuk pintu tapi tidak ada orang yang menjawab .
636,Tom died of lung cancer.,Tom meninggal karena kanker paru-paru.,(S (NP (NNP Tom)) (VP (VBD died) (PP (IN of) (NP (NN lung) (NN cancer)))) (. .)),simple,tom died of lung cancer .,tom meninggal karena kanker paru paru .
1269,What is the matter with you?,Ada apa denganmu?,(SBARQ (WHNP (WP What)) (SQ (VBZ is) (NP (DT the) (NN matter)) (PP (IN with) (NP (PRP you)))) (. ?)),simple,what is the matter with you ?,ada apa denganmu ?
185,Divide this in half.,Bagilah ini menjadi dua.,(S (VP (VB Divide) (NP (DT this)) (PP (IN in) (NP (NN half)))) (. .)),simple,divide this in half .,bagilah ini menjadi dua .
3182,There is little food in the refrigerator.,Hanya ada sedikit makanan di dalam kulkas.,(S (NP (EX There)) (VP (VBZ is) (NP (JJ little) (NN food)) (PP (IN in) (NP (DT the) (NN refrigerator)))) (. .)),simple,there is little food in the refrigerator .,hanya ada sedikit makanan di dalam kulkas .
2351,I don't see what's wrong with that.,Aku tidak tahu apa yang salah dengan itu.,(S (NP (PRP I)) (VP (VBP do) (RB n't) (VP (VB see) (SBAR (WHNP (WP what)) (S (VP (VBZ 's) (ADJP (JJ wrong) (PP (IN with) (NP (DT that))))))))) (. .)),complex,i don t see what s wrong with that .,aku tidak tahu apa yang salah dengan itu .
4020,Customs officials carried out a full body search on Tom.,Petugas Bea dan Cukai melakukan pemeriksaan badan terhadap Tom.,(S (NP (NNS Customs) (NNS officials)) (VP (VBD carried) (PRT (RP out)) (NP (NP (DT a) (NML (JJ full) (NN body)) (NN search)) (PP (IN on) (NP (NNP Tom))))) (. .)),simple,customs officials carried out a full body search on tom .,petugas bea dan cukai melakukan pemeriksaan badan terhadap tom .
1797,What kind of historian are you?,Sejarawan macam apa Anda?,(SBARQ (WHNP (WHNP (WP What) (NN kind)) (PP (IN of) (NP (NN historian)))) (SQ (VBP are) (NP (PRP you))) (. ?)),simple,what kind of historian are you ?,sejarawan macam apa anda ?
1441,Tom won't have lunch with us.,Tom tidak akan makan siang dengan kita.,(S (NP (NNP Tom)) (VP (MD wo) (RB n't) (VP (VB have) (NP (NN lunch)) (PP (IN with) (NP (PRP us))))) (. .)),simple,tom won t have lunch with us .,tom tidak akan makan siang dengan kita .
1535,Let me talk to Tom about this.,Coba saya bicarakan hal ini ke Tom.,(S (VP (VB Let) (S (NP (PRP me)) (VP (VB talk) (PP (IN to) (NP (NNP Tom))) (PP (IN about) (NP (DT this)))))) (. .)),simple,let me talk to tom about this .,coba saya bicarakan hal ini ke tom .
1273,Which house did you live in?,Rumah mana yang kamu tinggali?,(SBARQ (WHNP (WDT Which) (NN house)) (SQ (VBD did) (NP (PRP you)) (VP (VB live) (PP (IN in)))) (. ?)),simple,which house did you live in ?,rumah mana yang kamu tinggali ?
607,Listen to who's talking.,Dengarkanlah orang yang sedang berbicara.,(S (VP (VB Listen) (PP (IN to) (SBAR (WHNP (WP who)) (S (VP (VBZ 's) (VP (VBG talking))))))) (. .)),complex,listen to who s talking .,dengarkanlah orang yang sedang berbicara .
1712,My opinions are similar to his.,Pendapatku mirip dengannya.,(S (NP (PRP$ My) (NNS opinions)) (VP (VBP are) (ADJP (JJ similar) (PP (IN to) (NP (PRP$ his))))) (. .)),simple,my opinions are similar to his .,pendapatku mirip dengannya .
2199,I met an old man near the station.,Aku bertemu dengan seorang lelaki tua di dekat stasiun.,(S (NP (PRP I)) (VP (VBD met) (NP (DT an) (JJ old) (NN man)) (PP (IN near) (NP (DT the) (NN station)))) (. .)),simple,i met an old man near the station .,aku bertemu dengan seorang lelaki tua di dekat stasiun .
955,We had a chat for a while.,Kami berbincang sebentar.,(S (NP (PRP We)) (VP (VBD had) (NP (DT a) (NN chat)) (PP (IN for) (NP (DT a) (NN while)))) (. .)),simple,we had a chat for a while .,kami berbincang sebentar .
3217,You must be tired after such a long trip.,Kamu pasti lelah setelah perjalanan jauh.,(S (NP (PRP You)) (VP (MD must) (VP (VB be) (ADJP (JJ tired)) (PP (IN after) (NP (PDT such) (DT a) (JJ long) (NN trip))))) (. .)),simple,you must be tired after such a long trip .,kamu pasti lelah setelah perjalanan jauh .
2505,How shall we deal with this problem?,Bagaimana kita mengatasi permasalahan ini?,(SBARQ (WHADVP (WRB How)) (SQ (MD shall) (NP (PRP we)) (VP (VB deal) (PP (IN with) (NP (DT this) (NN problem))))) (. ?)),simple,how shall we deal with this problem ?,bagaimana kita mengatasi permasalahan ini ?
403,Thanks for helping me.,Terima kasih sudah membantu saya.,(NP (NP (NNS Thanks)) (PP (IN for) (S (VP (VBG helping) (NP (PRP me))))) (. .)),simple,thanks for helping me .,terima kasih sudah membantu saya .
2071,Not all of the staff was present.,Tidak semua pegawai datang hadir.,(S (NP (NP (RB Not) (DT all)) (PP (IN of) (NP (DT the) (NN staff)))) (VP (VBD was) (ADJP (JJ present))) (. .)),simple,not all of the staff was present .,tidak semua pegawai datang hadir .
3794,There are a lot of famous old buildings in Kyoto.,Ada banyak bangunan tua yang terkenal di Kyoto.,(S (NP (EX There)) (VP (VBP are) (NP (NP (DT a) (NN lot)) (PP (IN of) (NP (JJ famous) (JJ old) (NNS buildings)))) (PP (IN in) (NP (NNP Kyoto)))) (. .)),simple,there are a lot of famous old buildings in kyoto .,ada banyak bangunan tua yang terkenal di kyoto .
1977,What are you punishing them for?,Untuk apa kau menghukum mereka?,(SBARQ (WHNP (WP What)) (SQ (VBP are) (NP (PRP you)) (VP (VBG punishing) (NP (PRP them)) (PP (IN for)))) (. ?)),simple,what are you punishing them for ?,untuk apa kau menghukum mereka ?
158,I'm at Tom's house.,Aku di rumah Tom.,(S (NP (PRP I)) (VP (VBP 'm) (PP (IN at) (NP (NP (NNP Tom) (POS 's)) (NN house)))) (. .)),simple,i m at tom s house .,aku di rumah tom .
1748,There's nothing in this drawer.,Di dalam laci ini tidak ada apa-apa.,(S (NP (EX There)) (VP (VBZ 's) (NP (NN nothing)) (PP (IN in) (NP (DT this) (NN drawer)))) (. .)),simple,there s nothing in this drawer .,di dalam laci ini tidak ada apa apa .
3528,I'm older than any other student in my class.,Aku murid paling tua di kelas.,(S (NP (PRP I)) (VP (VBP 'm) (ADJP (ADJP (JJR older)) (PP (IN than) (NP (NP (DT any) (JJ other) (NN student)) (PP (IN in) (NP (PRP$ my) (NN class))))))) (. .)),simple,i m older than any other student in my class .,aku murid paling tua di kelas .
902,It depends on the context.,Itu tergantung pada konteks.,(S (NP (PRP It)) (VP (VBZ depends) (PP (IN on) (NP (DT the) (NN context)))) (. .)),simple,it depends on the context .,itu tergantung pada konteks .
352,I go to bed about ten.,Aku pergi tidur sekitar jam 10.,(S (NP (PRP I)) (VP (VBP go) (PP (IN to) (NP (NN bed))) (NP (RB about) (CD ten))) (. .)),simple,i go to bed about ten .,aku pergi tidur sekitar jam .
1230,Tom got home after midnight.,Tom sampai di rumah lewat tengah malam.,(S (NP (NNP Tom)) (VP (VBD got) (ADVP (RB home)) (PP (IN after) (NP (NN midnight)))) (. .)),simple,tom got home after midnight .,tom sampai di rumah lewat tengah malam .
3941,Our plane landed in Boston just before the storm hit.,Pesawat kami mendarat di Boston tepat sebelum badai menghantam.,(S (NP (PRP$ Our) (NN plane)) (VP (VBD landed) (PP (IN in) (NP (NNP Boston))) (SBAR (ADVP (RB just)) (IN before) (S (NP (DT the) (NN storm)) (VP (VBD hit))))) (. .)),complex,our plane landed in boston just before the storm hit .,pesawat kami mendarat di boston tepat sebelum badai menghantam .
2140,What's it we're waiting for here?,Untuk apa kita menunggu di sini?,(SBARQ (WHNP (WP What)) (SQ (VBZ 's) (NP (PRP it)) (SBAR (S (NP (PRP we)) (VP (VBP 're) (VP (VBG waiting) (PP (IN for)) (ADVP (RB here))))))) (. ?)),complex,what s it we re waiting for here ?,untuk apa kita menunggu di sini ?
444,Don't sit on the steps.,Jangan duduk di tangga.,(S (VP (VBP Do) (RB n't) (VP (VB sit) (PP (IN on) (NP (DT the) (NNS steps))))) (. .)),simple,don t sit on the steps .,jangan duduk di tangga .
4250,Anything you could do in support of their effort would be very much appreciated.,Kami sangat mengharapkan bantuan Anda dalam mendukung upaya mereka.,(S (NP (NP (NN Anything)) (SBAR (S (NP (PRP you)) (VP (MD could) (VP (VB do) (PP (IN in) (NP (NP (NN support)) (PP (IN of) (NP (PRP$ their) (NN effort)))))))))) (VP (MD would) (VP (VB be) (ADJP (ADVP (RB very) (RB much)) (VP (VBN appreciated))))) (. .)),complex,anything you could do in support of their effort would be very much appreciated .,kami sangat mengharapkan bantuan anda dalam mendukung upaya mereka .
754,I'm not afraid of ghosts.,Aku tidak takut dengan hantu.,(S (NP (PRP I)) (VP (VBP 'm) (RB not) (ADJP (JJ afraid) (PP (IN of) (NP (NNS ghosts))))) (. .)),simple,i m not afraid of ghosts .,aku tidak takut dengan hantu .
1737,The main crop of Japan is rice.,Produk pertanian utama Jepang adalah beras.,(S (NP (NP (DT The) (JJ main) (NN crop)) (PP (IN of) (NP (NNP Japan)))) (VP (VBZ is) (NP (NN rice))) (. .)),simple,the main crop of japan is rice .,produk pertanian utama jepang adalah beras .
4280,A majority of Japanese workers plan to take more than three consecutive days of summer vacation.,Mayoritas pekerja Jepang berencana untuk mengambil libur musim panas lebih dari tiga hari berturut-turut.,(S (NP (NP (DT A) (NN majority)) (PP (IN of) (NP (JJ Japanese) (NNS workers)))) (VP (VBP plan) (S (VP (TO to) (VP (VB take) (NP (NP (QP (JJR more) (IN than) (CD three)) (JJ consecutive) (NNS days)) (PP (IN of) (NP (NN summer) (NN vacation)))))))) (. .)),simple,a majority of japanese workers plan to take more than three consecutive days of summer vacation .,mayoritas pekerja jepang berencana untuk mengambil libur musim panas lebih dari tiga hari berturut turut .
311,"Wait in line, please.",Tolong antre.,"(S (VP (VB Wait) (PP (IN in) (NP (NN line))) (, ,) (ADVP (RB please))) (. .))",simple,wait in line please .,tolong antre .
548,Can we go to the circus?,Bisakah kita pergi ke sirkus?,(SQ (MD Can) (NP (PRP we)) (VP (VB go) (PP (IN to) (NP (DT the) (NN circus)))) (. ?)),simple,can we go to the circus ?,bisakah kita pergi ke sirkus ?
2992,What prevented you from coming earlier?,Apa yang menghalangimu untuk datang lebih awal?,(SBARQ (WHNP (WP What)) (S (VP (VBD prevented) (NP (PRP you)) (PP (IN from) (S (VP (VBG coming) (ADVP (RBR earlier))))))) (. ?)),simple,what prevented you from coming earlier ?,apa yang menghalangimu untuk datang lebih awal ?
3764,Here is a list of things you should avoid eating.,Ini adalah daftar makanan yang harus kamu hindari.,(SINV (ADVP (RB Here)) (VP (VBZ is)) (NP (NP (DT a) (NN list)) (PP (IN of) (NP (NP (NNS things)) (SBAR (S (NP (PRP you)) (VP (MD should) (VP (VB avoid) (S (VP (VBG eating)))))))))) (. .)),complex,here is a list of things you should avoid eating .,ini adalah daftar makanan yang harus kamu hindari .
306,Tom slept in his car.,Tom tidur di dalam mobilnya.,(S (NP (NNP Tom)) (VP (VBD slept) (PP (IN in) (NP (PRP$ his) (NN car)))) (. .)),simple,tom slept in his car .,tom tidur di dalam mobilnya .
2335,He is tired of watching television.,Dia lelah menonton televisi.,(S (NP (PRP He)) (VP (VBZ is) (ADJP (JJ tired) (PP (IN of) (S (VP (VBG watching) (NP (NN television))))))) (. .)),simple,he is tired of watching television .,dia lelah menonton televisi .
694,Are you off duty tonight?,Apa kau tidak bertugas malam ini?,(SQ (VBP Are) (NP (PRP you)) (PP (IN off) (NP (NN duty))) (NP (NN tonight)) (. ?)),simple,are you off duty tonight ?,apa kau tidak bertugas malam ini ?
2356,I go to bed at around ten at night.,Aku tidur sekitar jam sepuluh malam.,(S (NP (PRP I)) (VP (VBP go) (PP (IN to) (NP (NN bed))) (PP (IN at) (NP (RB around) (CD ten))) (PP (IN at) (NP (NN night)))) (. .)),simple,i go to bed at around ten at night .,aku tidur sekitar jam sepuluh malam .
1927,This is a hazard to your health.,Ini membahayakan kesehatan Anda.,(S (NP (DT This)) (VP (VBZ is) (NP (NP (DT a) (NN hazard)) (PP (IN to) (NP (PRP$ your) (NN health))))) (. .)),simple,this is a hazard to your health .,ini membahayakan kesehatan anda .
3470,The station is a ten minute drive from here.,Stasiunnya berjarak 10 menit dari sini dengan kendaraan.,(S (NP (DT The) (NN station)) (VP (VBZ is) (NP (NP (DT a) (NML (CD ten) (NN minute)) (NN drive)) (PP (IN from) (ADVP (RB here))))) (. .)),simple,the station is a ten minute drive from here .,stasiunnya berjarak menit dari sini dengan kendaraan .
749,I'll be at home tomorrow.,Aku ada di rumah besok.,(S (NP (PRP I)) (VP (MD 'll) (VP (VB be) (PP (IN at) (NP (NN home))) (NP (NN tomorrow)))) (. .)),simple,i ll be at home tomorrow .,aku ada di rumah besok .
2406,The price of gold fluctuates daily.,Harga dari emas berubah-ubah setiap harinya.,(S (NP (NP (DT The) (NN price)) (PP (IN of) (NP (NN gold)))) (VP (VBZ fluctuates) (ADVP (RB daily))) (. .)),simple,the price of gold fluctuates daily .,harga dari emas berubah ubah setiap harinya .
1266,What do you do for a living?,Apa pekerjaanmu?,(SBARQ (WHNP (WP What)) (SQ (VBP do) (NP (PRP you)) (VP (VB do) (PP (IN for) (NP (DT a) (NN living))))) (. ?)),simple,what do you do for a living ?,apa pekerjaanmu ?
3224,All the students in my class are friendly.,Semua siswa di kelasku sangat bersahabat.,(S (NP (NP (PDT All) (DT the) (NNS students)) (PP (IN in) (NP (PRP$ my) (NN class)))) (VP (VBP are) (ADJP (JJ friendly))) (. .)),simple,all the students in my class are friendly .,semua siswa di kelasku sangat bersahabat .
3150,I'm pretty impressed with Tom's progress.,Aku sangat terkesan dengan perkembangan Tom.,(S (NP (PRP I)) (VP (VBP 'm) (ADJP (RB pretty) (VBN impressed) (PP (IN with) (NP (NP (NNP Tom) (POS 's)) (NN progress))))) (. .)),simple,i m pretty impressed with tom s progress .,aku sangat terkesan dengan perkembangan tom .
2944,The dog has a very keen sense of smell.,Anjing memiliki daya penciuman yang sangat tajam.,(S (NP (DT The) (NN dog)) (VP (VBZ has) (NP (NP (DT a) (ADJP (RB very) (JJ keen)) (NN sense)) (PP (IN of) (NP (NN smell))))) (. .)),simple,the dog has a very keen sense of smell .,anjing memiliki daya penciuman yang sangat tajam .
970,What's that on your shirt?,Apa yang ada di bajumu itu?,(SBARQ (WHNP (WP What)) (SQ (VBZ 's) (NP (DT that)) (PP (IN on) (NP (PRP$ your) (NN shirt)))) (. ?)),simple,what s that on your shirt ?,apa yang ada di bajumu itu ?
13,Stay at home.,Tinggallah di rumah!,(S (VP (VB Stay) (PP (IN at) (NP (NN home)))) (. .)),simple,stay at home .,tinggallah di rumah !
873,I like speaking in French.,Aku senang berbicara dalam bahasa Prancis.,(S (NP (PRP I)) (VP (VBP like) (S (VP (VBG speaking) (PP (IN in) (NP (NNP French)))))) (. .)),simple,i like speaking in french .,aku senang berbicara dalam bahasa prancis .
808,Tom was murdered by Mary.,Tom dibunuh Mary.,(S (NP (NNP Tom)) (VP (VBD was) (VP (VBN murdered) (PP (IN by) (NP (NNP Mary))))) (. .)),simple,tom was murdered by mary .,tom dibunuh mary .
514,Tom is a buddy of mine.,Tom adalah seorang kawanku.,(S (NP (NNP Tom)) (VP (VBZ is) (NP (NP (DT a) (NN buddy)) (PP (IN of) (NP (PRP mine))))) (. .)),simple,tom is a buddy of mine .,tom adalah seorang kawanku .
3615,The drug smuggler was arrested at the airport.,Penyelundup narkoba itu ditangkap di bandara.,(S (NP (DT The) (NN drug) (NN smuggler)) (VP (VBD was) (VP (VBN arrested) (PP (IN at) (NP (DT the) (NN airport))))) (. .)),simple,the drug smuggler was arrested at the airport .,penyelundup narkoba itu ditangkap di bandara .
409,Tom is in good health.,Tom dalam keadaan sehat.,(S (NP (NNP Tom)) (VP (VBZ is) (PP (IN in) (NP (JJ good) (NN health)))) (. .)),simple,tom is in good health .,tom dalam keadaan sehat .
2527,I wanted to go back to your village.,Aku ingin kembali ke desamu.,(S (NP (PRP I)) (VP (VBD wanted) (S (VP (TO to) (VP (VB go) (ADVP (RB back)) (PP (IN to) (NP (PRP$ your) (NN village))))))) (. .)),simple,i wanted to go back to your village .,aku ingin kembali ke desamu .
3386,There was a tall tree in front of my house.,Ada pohon tinggi di depan rumahku.,(S (NP (EX There)) (VP (VBD was) (NP (DT a) (JJ tall) (NN tree)) (PP (IN in) (NP (NP (NN front)) (PP (IN of) (NP (PRP$ my) (NN house)))))) (. .)),simple,there was a tall tree in front of my house .,ada pohon tinggi di depan rumahku .
207,I'm going to church.,Aku pergi ke gereja.,(S (NP (PRP I)) (VP (VBP 'm) (VP (VBG going) (PP (IN to) (NP (NN church))))) (. .)),simple,i m going to church .,aku pergi ke gereja .
3652,Did you go anywhere during the summer vacation?,Apakah kalian jalan-jalan selama liburan musim panas?,(SQ (VBD Did) (NP (PRP you)) (VP (VB go) (ADVP (RB anywhere)) (PP (IN during) (NP (DT the) (NN summer) (NN vacation)))) (. ?)),simple,did you go anywhere during the summer vacation ?,apakah kalian jalan jalan selama liburan musim panas ?
458,I prefer rice to bread.,Aku lebih suka nasi daripada roti.,(S (NP (PRP I)) (VP (VBP prefer) (NP (NN rice)) (PP (IN to) (NP (NN bread)))) (. .)),simple,i prefer rice to bread .,aku lebih suka nasi daripada roti .
2578,There is an exception to every rule.,Selalu ada pengecualian dalam peraturan.,(S (NP (EX There)) (VP (VBZ is) (NP (NP (DT an) (NN exception)) (PP (IN to) (NP (DT every) (NN rule))))) (. .)),simple,there is an exception to every rule .,selalu ada pengecualian dalam peraturan .
3595,I'll help you within the limits of my ability.,Aku akan membantumu dalam batas kemampuanku.,(S (NP (PRP I)) (VP (MD 'll) (VP (VB help) (NP (PRP you)) (PP (IN within) (NP (NP (DT the) (NNS limits)) (PP (IN of) (NP (PRP$ my) (NN ability))))))) (. .)),simple,i ll help you within the limits of my ability .,aku akan membantumu dalam batas kemampuanku .
3282,Tom had his reasons for staying in Boston.,Tom mempunyai alasan untuk tinggal di Boston.,(S (NP (NNP Tom)) (VP (VBD had) (NP (NP (PRP$ his) (NNS reasons)) (PP (IN for) (S (VP (VBG staying) (PP (IN in) (NP (NNP Boston)))))))) (. .)),simple,tom had his reasons for staying in boston .,tom mempunyai alasan untuk tinggal di boston .
2778,I don't like his smart way of talking.,Aku tidak suka cara bicaranya yang lancang.,(S (NP (PRP I)) (VP (VBP do) (RB n't) (VP (VB like) (NP (NP (PRP$ his) (JJ smart) (NN way)) (PP (IN of) (NP (VBG talking)))))) (. .)),simple,i don t like his smart way of talking .,aku tidak suka cara bicaranya yang lancang .
2986,Tom waited on the front porch for Mary.,Tom menunggu Mary di beranda depan.,(S (NP (NNP Tom)) (VP (VBD waited) (PP (IN on) (NP (DT the) (JJ front) (NN porch))) (PP (IN for) (NP (NNP Mary)))) (. .)),simple,tom waited on the front porch for mary .,tom menunggu mary di beranda depan .
1883,Is there a knife in the kitchen?,Apakah di dapur ada pisau?,(SQ (VBZ Is) (NP (EX there)) (NP (DT a) (NN knife)) (PP (IN in) (NP (DT the) (NN kitchen))) (. ?)),simple,is there a knife in the kitchen ?,apakah di dapur ada pisau ?
1713,My son believes in Santa Claus.,Anak laki-lakiku percaya akan Santa Claus.,(S (NP (PRP$ My) (NN son)) (VP (VBZ believes) (PP (IN in) (NP (NNP Santa) (NNP Claus)))) (. .)),simple,my son believes in santa claus .,anak laki lakiku percaya akan santa claus .
2929,Let's go outside and sit in the garden.,Ayo keluar dan duduk di taman.,(S (VP (VB Let) (S (NP (PRP 's)) (VP (VP (VB go) (ADVP (RB outside))) (CC and) (VP (VB sit) (PP (IN in) (NP (DT the) (NN garden))))))) (. .)),simple,let s go outside and sit in the garden .,ayo keluar dan duduk di taman .
2520,I like to go fishing with my father.,Aku suka pergi memancing dengan ayahku.,(S (NP (PRP I)) (VP (VBP like) (S (VP (TO to) (VP (VB go) (NP (NN fishing)) (PP (IN with) (NP (PRP$ my) (NN father))))))) (. .)),simple,i like to go fishing with my father .,aku suka pergi memancing dengan ayahku .
552,Do you work on Saturday?,Apakah Anda bekerja pada hari Sabtu?,(SQ (VBP Do) (NP (PRP you)) (VP (VB work) (PP (IN on) (NP (NNP Saturday)))) (. ?)),simple,do you work on saturday ?,apakah anda bekerja pada hari sabtu ?
1439,Tom was bitten by mosquitoes.,Tom digigit nyamuk.,(S (NP (NNP Tom)) (VP (VBD was) (VP (VBN bitten) (PP (IN by) (NP (NNS mosquitoes))))) (. .)),simple,tom was bitten by mosquitoes .,tom digigit nyamuk .
2270,Tom didn't talk to Mary all night.,Tom tidak mengajak bicara Mary selama semalaman.,(S (NP (NNP Tom)) (VP (VBD did) (RB n't) (VP (VB talk) (PP (IN to) (NP (NNP Mary))) (NP (DT all) (NN night)))) (. .)),simple,tom didn t talk to mary all night .,tom tidak mengajak bicara mary selama semalaman .
4107,Be sure to look over your paper again before you hand it in.,Pastikan kau mengecek kembali lembaranmu sebelum kau menyerahkannya.,(S (VP (VB Be) (ADJP (JJ sure) (S (VP (TO to) (VP (VB look) (PP (IN over) (NP (PRP$ your) (NN paper))) (ADVP (RB again)) (SBAR (IN before) (S (NP (PRP you)) (VP (VBP hand) (NP (PRP it)) (PRT (RP in)))))))))) (. .)),complex,be sure to look over your paper again before you hand it in .,pastikan kau mengecek kembali lembaranmu sebelum kau menyerahkannya .
1925,They accused me of being a liar.,Mereka menuduh saya sebagai seorang pembohong.,(S (NP (PRP They)) (VP (VBD accused) (NP (PRP me)) (PP (IN of) (S (VP (VBG being) (NP (DT a) (NN liar)))))) (. .)),simple,they accused me of being a liar .,mereka menuduh saya sebagai seorang pembohong .
634,This sounds like a trap.,Kedengarannya seperti jebakan.,(S (NP (DT This)) (VP (VBZ sounds) (PP (IN like) (NP (DT a) (NN trap)))) (. .)),simple,this sounds like a trap .,kedengarannya seperti jebakan .
4129,The boy was absent from school yesterday because he was sick.,Anak itu tidak masuk sekolah kemarin karena dia sakit.,(S (NP (DT The) (NN boy)) (VP (VBD was) (ADJP (JJ absent) (PP (IN from) (NP (NN school)))) (NP (NN yesterday)) (SBAR (IN because) (S (NP (PRP he)) (VP (VBD was) (ADJP (JJ sick)))))) (. .)),complex,the boy was absent from school yesterday because he was sick .,anak itu tidak masuk sekolah kemarin karena dia sakit .
316,Welcome to Australia.,Selamat datang di Australia.,(FRAG (UH Welcome) (PP (IN to) (NP (NNP Australia))) (. .)),simple,welcome to australia .,selamat datang di australia .
3180,There is an urgent need for a new system.,Ada kebutuhan mendesak akan sistem baru.,(S (NP (EX There)) (VP (VBZ is) (NP (NP (DT an) (JJ urgent) (NN need)) (PP (IN for) (NP (DT a) (JJ new) (NN system))))) (. .)),simple,there is an urgent need for a new system .,ada kebutuhan mendesak akan sistem baru .
3990,Tom squatted down to put something on the lower shelf.,Tom berjongkok untuk menaruh sesuatu di rak bawah.,(S (NP (NNP Tom)) (VP (VBD squatted) (ADVP (RB down)) (S (VP (TO to) (VP (VB put) (NP (NN something)) (PP (IN on) (NP (DT the) (JJR lower) (NN shelf))))))) (. .)),simple,tom squatted down to put something on the lower shelf .,tom berjongkok untuk menaruh sesuatu di rak bawah .
1328,How does Tom know about that?,Bagaimana Tom mengetahui hal itu?,(SBARQ (WHADVP (WRB How)) (SQ (VBZ does) (NP (NNP Tom)) (VP (VB know) (PP (IN about) (NP (DT that))))) (. ?)),simple,how does tom know about that ?,bagaimana tom mengetahui hal itu ?
427,What is Tom afraid of?,Tom takut apa?,(SBARQ (WHNP (WP What)) (SQ (VBZ is) (NP (NNP Tom)) (ADJP (JJ afraid) (PP (IN of)))) (. ?)),simple,what is tom afraid of ?,tom takut apa ?
2501,How many minutes are there in a day?,Ada berapa menit dalam sehari?,(SBARQ (WHNP (WHADJP (WRB How) (JJ many)) (NNS minutes)) (SQ (VBP are) (NP (EX there)) (PP (IN in) (NP (DT a) (NN day)))) (. ?)),simple,how many minutes are there in a day ?,ada berapa menit dalam sehari ?
105,I'm not into that.,Aku tidak begitu suka dengan hal semacam itu.,(S (NP (PRP I)) (VP (VBP 'm) (RB not) (PP (IN into) (NP (DT that)))) (. .)),simple,i m not into that .,aku tidak begitu suka dengan hal semacam itu .
142,He works at a bank.,Dia bekerja di sebuah bank.,(S (NP (PRP He)) (VP (VBZ works) (PP (IN at) (NP (DT a) (NN bank)))) (. .)),simple,he works at a bank .,dia bekerja di sebuah bank .
2169,He has a few friends in this town.,Dia punya beberapa orang teman di kota ini.,(S (NP (PRP He)) (VP (VBZ has) (NP (DT a) (JJ few) (NNS friends)) (PP (IN in) (NP (DT this) (NN town)))) (. .)),simple,he has a few friends in this town .,dia punya beberapa orang teman di kota ini .
2580,There was a large crowd in the hall.,Ada kerumunan besar di aula.,(S (NP (EX There)) (VP (VBD was) (NP (DT a) (JJ large) (NN crowd)) (PP (IN in) (NP (DT the) (NN hall)))) (. .)),simple,there was a large crowd in the hall .,ada kerumunan besar di aula .
3553,Tom is very interested in Australian history.,Tom sangat tertarik dengan sejarah Australia.,(S (NP (NNP Tom)) (VP (VBZ is) (ADJP (RB very) (JJ interested) (PP (IN in) (NP (JJ Australian) (NN history))))) (. .)),simple,tom is very interested in australian history .,tom sangat tertarik dengan sejarah australia .
2241,That hat looks really good on Tom.,Topi itu terlihat bagus dipakai oleh Tom.,(S (NP (DT That) (NN hat)) (VP (VBZ looks) (ADJP (RB really) (JJ good)) (PP (IN on) (NP (NNP Tom)))) (. .)),simple,that hat looks really good on tom .,topi itu terlihat bagus dipakai oleh tom .
2530,I'll give you a call in the morning.,Saya akan menelponmu besok pagi.,(S (NP (PRP I)) (VP (MD 'll) (VP (VB give) (NP (PRP you)) (NP (DT a) (NN call)) (PP (IN in) (NP (DT the) (NN morning))))) (. .)),simple,i ll give you a call in the morning .,saya akan menelponmu besok pagi .
2163,Everybody in the village knew him.,Semua orang di desa mengenalnya.,(S (NP (NP (NN Everybody)) (PP (IN in) (NP (DT the) (NN village)))) (VP (VBD knew) (NP (PRP him))) (. .)),simple,everybody in the village knew him .,semua orang di desa mengenalnya .
1949,Tom laid his cards on the table.,Tom meletakkan kartu-kartunya di atas meja.,(S (NP (NNP Tom)) (VP (VBD laid) (NP (PRP$ his) (NNS cards)) (PP (IN on) (NP (DT the) (NN table)))) (. .)),simple,tom laid his cards on the table .,tom meletakkan kartu kartunya di atas meja .
4017,You'll save yourself a lot of time if you take the car.,Kau akan menghemat banyak waktu jika menggunakan mobil.,(S (NP (PRP You)) (VP (MD 'll) (VP (VB save) (NP (PRP yourself)) (NP (NP (DT a) (NN lot)) (PP (IN of) (NP (NN time)))) (SBAR (IN if) (S (NP (PRP you)) (VP (VBP take) (NP (DT the) (NN car))))))) (. .)),complex,you ll save yourself a lot of time if you take the car .,kau akan menghemat banyak waktu jika menggunakan mobil .
2272,Tom gave Mary a box of chocolates.,Tom memberi Mary sekotak coklat.,(S (NP (NNP Tom)) (VP (VBD gave) (NP (NNP Mary)) (NP (NP (DT a) (NN box)) (PP (IN of) (NP (NNS chocolates))))) (. .)),simple,tom gave mary a box of chocolates .,tom memberi mary sekotak coklat .
1,It's on me.,Aku yang traktir.,(S (NP (PRP It)) (VP (VBZ 's) (PP (IN on) (NP (PRP me)))) (. .)),simple,it s on me .,aku yang traktir .
2432,Tom bought this painting in Boston.,Tom membeli lukisan ini di Boston.,(S (NP (NNP Tom)) (VP (VBD bought) (NP (DT this) (NN painting)) (PP (IN in) (NP (NNP Boston)))) (. .)),simple,tom bought this painting in boston .,tom membeli lukisan ini di boston .
4259,"Tom usually fasts about 18 hours a day, from dinner until the following day's lunch.","Tom biasanya berpuasa sekitar 18 jam sehari, mulai dari waktu makan malam sampai waktu makan siang keesokan harinya.","(S (NP (NNP Tom)) (ADVP (RB usually)) (VP (VBZ fasts) (NP (NP (QP (RB about) (CD 18)) (NNS hours)) (NP (DT a) (NN day))) (, ,) (PP (PP (IN from) (NP (NN dinner))) (PP (IN until) (NP (NP (DT the) (VBG following) (NN day) (POS 's)) (NN lunch))))) (. .))",simple,tom usually fasts about hours a day from dinner until the following day s lunch .,tom biasanya berpuasa sekitar jam sehari mulai dari waktu makan malam sampai waktu makan siang keesokan harinya .
1951,Tom offered Mary a stick of gum.,Tom menawarkan sebatang permen kepada Mary.,(S (NP (NNP Tom)) (VP (VBD offered) (NP (NNP Mary)) (NP (NP (DT a) (NN stick)) (PP (IN of) (NP (NN gum))))) (. .)),simple,tom offered mary a stick of gum .,tom menawarkan sebatang permen kepada mary .
3028,I'll wait for you in the hotel tomorrow.,Aku akan menunggumu di hotel besok.,(S (NP (PRP I)) (VP (MD 'll) (VP (VB wait) (PP (IN for) (NP (PRP you))) (PP (IN in) (NP (DT the) (NN hotel))) (NP (NN tomorrow)))) (. .)),simple,i ll wait for you in the hotel tomorrow .,aku akan menunggumu di hotel besok .
3667,I want to have a talk with him about my future.,Aku ingin berbicara dengannya tentang masa depanku.,(S (NP (PRP I)) (VP (VBP want) (S (VP (TO to) (VP (VB have) (NP (NP (DT a) (NN talk)) (PP (IN with) (NP (PRP him))) (PP (IN about) (NP (PRP$ my) (NN future)))))))) (. .)),simple,i want to have a talk with him about my future .,aku ingin berbicara dengannya tentang masa depanku .
2588,This is a car imported from Germany.,Ini adalah mobil yang diimpor dari Jerman.,(S (NP (DT This)) (VP (VBZ is) (NP (NP (DT a) (NN car)) (VP (VBN imported) (PP (IN from) (NP (NNP Germany)))))) (. .)),simple,this is a car imported from germany .,ini adalah mobil yang diimpor dari jerman .
1109,Welcome to our humble home.,Selamat datang di rumah sederhana kami.,(FRAG (UH Welcome) (PP (IN to) (NP (PRP$ our) (JJ humble) (NN home))) (. .)),simple,welcome to our humble home .,selamat datang di rumah sederhana kami .
2664,I really like taking care of animals.,Saya suka sekali merawat hewan.,(S (NP (PRP I)) (ADVP (RB really)) (VP (VBP like) (S (VP (VBG taking) (NP (NN care)) (PP (IN of) (NP (NNS animals)))))) (. .)),simple,i really like taking care of animals .,saya suka sekali merawat hewan .
591,I showed my room to him.,Aku menunjukkan kamarku padanya.,(S (NP (PRP I)) (VP (VBD showed) (NP (PRP$ my) (NN room)) (PP (IN to) (NP (PRP him)))) (. .)),simple,i showed my room to him .,aku menunjukkan kamarku padanya .
1695,"I was born on October 20, 2013.",Aku lahir pada tanggal 20 Oktober 2013.,"(S (NP (PRP I)) (VP (VBD was) (VP (VBN born) (PP (IN on) (NP (NNP October) (CD 20) (, ,) (CD 2013))))) (. .))",simple,i was born on october .,aku lahir pada tanggal oktober .
1576,The vase was broken to pieces.,Vas itu pecah berkeping-keping,(S (NP (DT The) (NN vase)) (VP (VBD was) (VP (VBN broken) (PP (IN to) (NP (NNS pieces))))) (. .)),simple,the vase was broken to pieces .,vas itu pecah berkeping keping
2927,Is there much food in the refrigerator?,Apakah ada banyak makanan di dalam kulkas?,(SQ (VBZ Is) (NP (EX there)) (NP (NP (JJ much) (NN food)) (PP (IN in) (NP (DT the) (NN refrigerator)))) (. ?)),simple,is there much food in the refrigerator ?,apakah ada banyak makanan di dalam kulkas ?
213,Is it far from here?,Apakah jauh dari sini?,(SQ (VBZ Is) (NP (PRP it)) (ADVP (RB far) (PP (IN from) (ADVP (RB here)))) (. ?)),simple,is it far from here ?,apakah jauh dari sini ?
778,They are paid by the day.,Mereka dibayar per hari.,(S (NP (PRP They)) (VP (VBP are) (VP (VBN paid) (PP (IN by) (NP (DT the) (NN day))))) (. .)),simple,they are paid by the day .,mereka dibayar per hari .
3225,Always pay attention to your surroundings.,Selalu perhatikan sekitarmu.,(S (ADVP (RB Always)) (VP (VB pay) (NP (NN attention)) (PP (IN to) (NP (PRP$ your) (NNS surroundings)))) (. .)),simple,always pay attention to your surroundings .,selalu perhatikan sekitarmu .
3865,"Soccer and the word ""soccer"" originated in England.","Sepak bola dan kata ""soccer"" berasal dari Inggris.","(S (NP (NP (NN Soccer)) (CC and) (NP (DT the) (NN word) (`` "") (NN soccer) ('' ""))) (VP (VBD originated) (PP (IN in) (NP (NNP England)))) (. .))",simple,soccer and the word soccer originated in england .,sepak bola dan kata soccer berasal dari inggris .
2043,I know why Tom came to Australia.,Saya tahu mengapa Tom datang ke Australia.,(S (NP (PRP I)) (VP (VBP know) (SBAR (WHADVP (WRB why)) (S (NP (NNP Tom)) (VP (VBD came) (PP (IN to) (NP (NNP Australia))))))) (. .)),complex,i know why tom came to australia .,saya tahu mengapa tom datang ke australia .
3724,I thought that for sure you'd left town already.,Saya yakin kamu sudah meninggalkan kota.,(S (NP (PRP I)) (VP (VBD thought) (SBAR (IN that) (S (PP (IN for) (ADJP (JJ sure))) (NP (PRP you)) (VP (MD 'd) (VP (VBN left) (NP (NN town)) (ADVP (RB already))))))) (. .)),complex,i thought that for sure you d left town already .,saya yakin kamu sudah meninggalkan kota .
2603,Tom never gives anything to anybody.,Tom tidak pernah memberikan apapun pada siapapun.,(S (NP (NNP Tom)) (ADVP (RB never)) (VP (VBZ gives) (NP (NN anything)) (PP (IN to) (NP (NN anybody)))) (. .)),simple,tom never gives anything to anybody .,tom tidak pernah memberikan apapun pada siapapun .
2827,The police found drugs in Tom's house.,Polisi menemukan narkoba di rumah Tom.,(S (NP (DT The) (NN police)) (VP (VBD found) (NP (NNS drugs)) (PP (IN in) (NP (NP (NNP Tom) (POS 's)) (NN house)))) (. .)),simple,the police found drugs in tom s house .,polisi menemukan narkoba di rumah tom .
1567,The car crashed into the wall.,Mobil itu menabrak dinding.,(S (NP (DT The) (NN car)) (VP (VBD crashed) (PP (IN into) (NP (DT the) (NN wall)))) (. .)),simple,the car crashed into the wall .,mobil itu menabrak dinding .
3418,Do you have a piece of paper I can write on?,Ada kertas yang bisa kutulisi?,(SQ (VBP Do) (NP (PRP you)) (VP (VB have) (NP (NP (NP (DT a) (NN piece)) (PP (IN of) (NP (NN paper)))) (SBAR (S (NP (PRP I)) (VP (MD can) (VP (VB write) (PP (IN on)))))))) (. ?)),complex,do you have a piece of paper i can write on ?,ada kertas yang bisa kutulisi ?
4010,Tom hasn't slept at all since the day before yesterday.,Tom belum tidur sama sekali sejak kemarin lusa.,(S (NP (NNP Tom)) (VP (VBZ has) (RB n't) (VP (VBN slept) (ADVP (RB at) (RB all)) (PP (IN since) (NP (NP (DT the) (NN day)) (PP (IN before) (NP (NN yesterday))))))) (. .)),simple,tom hasn t slept at all since the day before yesterday .,tom belum tidur sama sekali sejak kemarin lusa .
2662,I liked what you said at the meeting.,Aku suka dengan perkataanmu waktu rapat tadi.,(S (NP (PRP I)) (VP (VBD liked) (SBAR (WHNP (WP what)) (S (NP (PRP you)) (VP (VBD said) (PP (IN at) (NP (DT the) (NN meeting))))))) (. .)),complex,i liked what you said at the meeting .,aku suka dengan perkataanmu waktu rapat tadi .
4085,We need to find someone who can take care of this problem.,Kita harus menemukan seseorang yang bisa mengatasi masalah ini.,(S (NP (PRP We)) (VP (VBP need) (S (VP (TO to) (VP (VB find) (NP (NP (NN someone)) (SBAR (WHNP (WP who)) (S (VP (MD can) (VP (VB take) (NP (NN care)) (PP (IN of) (NP (DT this) (NN problem)))))))))))) (. .)),complex,we need to find someone who can take care of this problem .,kita harus menemukan seseorang yang bisa mengatasi masalah ini .
1343,I intend to be there by 2:30.,Saya berencana tiba di sana pada pukul 2:30.,(S (NP (PRP I)) (VP (VBP intend) (S (VP (TO to) (VP (VB be) (ADVP (RB there)) (PP (IN by) (NP (CD 2:30))))))) (. .)),simple,i intend to be there by .,saya berencana tiba di sana pada pukul .
2013,Do you have the key to this door?,Apakah kamu punya kunci pintu ini?,(SQ (VBP Do) (NP (PRP you)) (VP (VB have) (NP (NP (DT the) (NN key)) (PP (IN to) (NP (DT this) (NN door))))) (. ?)),simple,do you have the key to this door ?,apakah kamu punya kunci pintu ini ?
273,I paid $200 in taxes.,Aku membayar $200 untuk pajak.,(S (NP (PRP I)) (VP (VBD paid) (NP (NP ($ $) (CD 200)) (PP (IN in) (NP (NNS taxes))))) (. .)),simple,i paid in taxes .,aku membayar untuk pajak .
71,I live in Boston.,Saya tinggal di Boston.,(S (NP (PRP I)) (VP (VBP live) (PP (IN in) (NP (NNP Boston)))) (. .)),simple,i live in boston .,saya tinggal di boston .
1087,Tom has confidence in Mary.,Tom percaya pada Mary.,(S (NP (NNP Tom)) (VP (VBZ has) (NP (NP (NN confidence)) (PP (IN in) (NP (NNP Mary))))) (. .)),simple,tom has confidence in mary .,tom percaya pada mary .
394,Put that on the floor.,Letakkan di lantai.,(S (VP (VB Put) (NP (DT that)) (PP (IN on) (NP (DT the) (NN floor)))) (. .)),simple,put that on the floor .,letakkan di lantai .
583,I love arguing with Tom.,Aku senang bertengkar dengan Tom.,(S (NP (PRP I)) (VP (VBP love) (S (VP (VBG arguing) (PP (IN with) (NP (NNP Tom)))))) (. .)),simple,i love arguing with tom .,aku senang bertengkar dengan tom .
1367,I'm writing a song in French.,Aku menulis sebuah lagu dalam bahasa Prancis.,(S (NP (PRP I)) (VP (VBP 'm) (VP (VBG writing) (NP (DT a) (NN song)) (PP (IN in) (NP (NNP French))))) (. .)),simple,i m writing a song in french .,aku menulis sebuah lagu dalam bahasa prancis .
4286,"Although I have studied English at school for the past six years, I'm still not good at speaking it.","Walaupun aku sudah belajar bahasa Inggris selama enam tahun di sekolah, aku masih belum bisa berbicara bahasa Inggris dengan baik.","(S (SBAR (IN Although) (S (NP (PRP I)) (VP (VBP have) (VP (VBN studied) (NP (NNP English)) (PP (IN at) (NP (NN school))) (PP (IN for) (NP (DT the) (JJ past) (CD six) (NNS years))))))) (, ,) (NP (PRP I)) (VP (VBP 'm) (ADVP (RB still)) (RB not) (ADJP (JJ good) (PP (IN at) (S (VP (VBG speaking) (NP (PRP it))))))) (. .))",complex,although i have studied english at school for the past six years i m still not good at speaking it .,walaupun aku sudah belajar bahasa inggris selama enam tahun di sekolah aku masih belum bisa berbicara bahasa inggris dengan baik .
3021,I like white roses better than red ones.,Aku lebih suka mawar putih daripada mawar merah.,(S (NP (PRP I)) (VP (VBP like) (NP (JJ white) (NNS roses)) (ADVP (ADVP (RBR better)) (PP (IN than) (NP (JJ red) (NNS ones))))) (. .)),simple,i like white roses better than red ones .,aku lebih suka mawar putih daripada mawar merah .
3043,Our new store is due to open in October.,Toko baru kami akan dibuka pada bulan Oktober.,(S (NP (PRP$ Our) (JJ new) (NN store)) (VP (VBZ is) (ADJP (JJ due) (S (VP (TO to) (VP (VB open) (PP (IN in) (NP (NNP October)))))))) (. .)),simple,our new store is due to open in october .,toko baru kami akan dibuka pada bulan oktober .
4113,Tom doesn't know the difference between a mule and a donkey.,Tom tidak tahu perbedaan antara bagal dan keledai.,(S (NP (NNP Tom)) (VP (VBZ does) (RB n't) (VP (VB know) (NP (NP (DT the) (NN difference)) (PP (IN between) (NP (NP (DT a) (NN mule)) (CC and) (NP (DT a) (NN donkey))))))) (. .)),simple,tom doesn t know the difference between a mule and a donkey .,tom tidak tahu perbedaan antara bagal dan keledai .
2954,There's a calendar hanging on the wall.,Di sana terdapat kalender menggantung di dinding.,(S (NP (EX There)) (VP (VBZ 's) (S (NP (DT a) (NN calendar)) (VP (VBG hanging) (PP (IN on) (NP (DT the) (NN wall)))))) (. .)),simple,there s a calendar hanging on the wall .,di sana terdapat kalender menggantung di dinding .
2696,The new bridge is under construction.,Jembatan baru sedang dibangun.,(S (NP (DT The) (JJ new) (NN bridge)) (VP (VBZ is) (PP (IN under) (NP (NN construction)))) (. .)),simple,the new bridge is under construction .,jembatan baru sedang dibangun .
1763,Tom has been bitten by a snake.,Tom telah digigit oleh seekor ular.,(S (NP (NNP Tom)) (VP (VBZ has) (VP (VBN been) (VP (VBN bitten) (PP (IN by) (NP (DT a) (NN snake)))))) (. .)),simple,tom has been bitten by a snake .,tom telah digigit oleh seekor ular .
3403,Tom stretched his arms high above his head.,Tom merentangkan tangannya tinggi-tinggi di atas kepalanya.,(S (NP (NNP Tom)) (VP (VBD stretched) (NP (PRP$ his) (NNS arms)) (PP (ADVP (RB high)) (IN above) (NP (PRP$ his) (NN head)))) (. .)),simple,tom stretched his arms high above his head .,tom merentangkan tangannya tinggi tinggi di atas kepalanya .
1259,Wake me up at eight o'clock.,Bangunkan aku jam delapan tepat.,(S (VP (VB Wake) (NP (PRP me)) (PRT (RP up)) (PP (IN at) (NP (CD eight) (NN o'clock)))) (. .)),simple,wake me up at eight o clock .,bangunkan aku jam delapan tepat .
2253,The wind is blowing from the east.,Angin bertiup dari arah timur.,(S (NP (DT The) (NN wind)) (VP (VBZ is) (VP (VBG blowing) (PP (IN from) (NP (DT the) (NN east))))) (. .)),simple,the wind is blowing from the east .,angin bertiup dari arah timur .
526,Tom was killed by Mary.,Tom dibunuh Mary.,(S (NP (NNP Tom)) (VP (VBD was) (VP (VBN killed) (PP (IN by) (NP (NNP Mary))))) (. .)),simple,tom was killed by mary .,tom dibunuh mary .
377,I'm here as a tourist.,Aku di sini sebagai seorang turis.,(S (NP (PRP I)) (VP (VBP 'm) (ADVP (RB here)) (PP (IN as) (NP (DT a) (NN tourist)))) (. .)),simple,i m here as a tourist .,aku di sini sebagai seorang turis .
1559,Thanks for being there for me.,Terima kasih sudah ada untukku.,(FRAG (NP (NNS Thanks)) (PP (IN for) (S (VP (VBG being) (ADVP (RB there)) (PP (IN for) (NP (PRP me)))))) (. .)),simple,thanks for being there for me .,terima kasih sudah ada untukku .
2833,There is almost no water in the glass.,Hampir tidak ada air di dalam gelas.,(S (NP (EX There)) (VP (VBZ is) (NP (QP (RB almost) (DT no)) (NN water)) (PP (IN in) (NP (DT the) (NN glass)))) (. .)),simple,there is almost no water in the glass .,hampir tidak ada air di dalam gelas .
1963,Tom's house looks like a castle.,Rumah Tom terlihat seperti kastil.,(S (NP (NP (NNP Tom) (POS 's)) (NN house)) (VP (VBZ looks) (PP (IN like) (NP (DT a) (NN castle)))) (. .)),simple,tom s house looks like a castle .,rumah tom terlihat seperti kastil .
4039,The United States's economy is the largest in the world.,Perekonomian Amerika Serikat adalah yang terbesar di dunia.,(S (NP (NP (DT The) (NNP United) (NNPS States) (POS 's)) (NN economy)) (VP (VBZ is) (NP (NP (DT the) (JJS largest)) (PP (IN in) (NP (DT the) (NN world))))) (. .)),simple,the united states s economy is the largest in the world .,perekonomian amerika serikat adalah yang terbesar di dunia .
348,I came here on my own.,Aku datang ke sini sendiri.,(S (NP (PRP I)) (VP (VBD came) (ADVP (RB here)) (PP (IN on) (NP (PRP$ my) (JJ own)))) (. .)),simple,i came here on my own .,aku datang ke sini sendiri .
3611,"Thanks to a cold summer, beer has sold poorly.","Akibat musim panas yang dingin, bir menjadi tidak begitu laku.","(S (NP (NP (NNS Thanks)) (PP (IN to) (NP (DT a) (JJ cold) (NN summer)))) (, ,) (NP (NN beer)) (VP (VBZ has) (VP (VBN sold) (ADVP (RB poorly)))) (. .))",simple,thanks to a cold summer beer has sold poorly .,akibat musim panas yang dingin bir menjadi tidak begitu laku .
2246,The city hall isn't far from here.,Balai kota tidak jauh dari sini.,(S (NP (DT The) (NN city) (NN hall)) (VP (VBZ is) (RB n't) (ADVP (RB far) (PP (IN from) (ADVP (RB here))))) (. .)),simple,the city hall isn t far from here .,balai kota tidak jauh dari sini .
3111,Do you have any questions about the food?,Apa kamu punya pertanyaan tentang makanannya?,(SQ (VBP Do) (NP (PRP you)) (VP (VB have) (NP (NP (DT any) (NNS questions)) (PP (IN about) (NP (DT the) (NN food))))) (. ?)),simple,do you have any questions about the food ?,apa kamu punya pertanyaan tentang makanannya ?
1709,Math is an easy subject for me.,Matematika mata pelajaran yang mudah bagiku.,(S (NP (NN Math)) (VP (VBZ is) (NP (DT an) (JJ easy) (NN subject)) (PP (IN for) (NP (PRP me)))) (. .)),simple,math is an easy subject for me .,matematika mata pelajaran yang mudah bagiku .
1050,It was love at first sight.,Itu adalah cinta pada pandangan yang pertama.,(S (NP (PRP It)) (VP (VBD was) (NP (NN love)) (PP (IN at) (NP (JJ first) (NN sight)))) (. .)),simple,it was love at first sight .,itu adalah cinta pada pandangan yang pertama .
590,I passed by four houses.,Aku melewati empat rumah.,(S (NP (PRP I)) (VP (VBD passed) (PP (IN by) (NP (CD four) (NNS houses)))) (. .)),simple,i passed by four houses .,aku melewati empat rumah .
519,Tom is good at cooking.,Tom pandai memasak.,(S (NP (NNP Tom)) (VP (VBZ is) (ADJP (JJ good) (PP (IN at) (S (VP (VBG cooking)))))) (. .)),simple,tom is good at cooking .,tom pandai memasak .
3646,A bad cold has kept me from studying this week.,Pilek berat menghalangiku belajar minggu ini.,(S (NP (DT A) (JJ bad) (NN cold)) (VP (VBZ has) (VP (VBN kept) (NP (PRP me)) (PP (IN from) (S (VP (VBG studying) (NP (DT this) (NN week))))))) (. .)),simple,a bad cold has kept me from studying this week .,pilek berat menghalangiku belajar minggu ini .
3056,The station is to the west of the hotel.,Stasiunnya berada di sebelah barat hotel.,(S (NP (DT The) (NN station)) (VP (VBZ is) (PP (IN to) (NP (NP (DT the) (NN west)) (PP (IN of) (NP (DT the) (NN hotel)))))) (. .)),simple,the station is to the west of the hotel .,stasiunnya berada di sebelah barat hotel .
1083,This is a book about stars.,Ini adalah buku tentang bintang.,(S (NP (DT This)) (VP (VBZ is) (NP (NP (DT a) (NN book)) (PP (IN about) (NP (NNS stars))))) (. .)),simple,this is a book about stars .,ini adalah buku tentang bintang .
2665,I think there's a mistake on my bill.,Saya kira ada yang salah pada tagihan saya.,(S (NP (PRP I)) (VP (VBP think) (SBAR (S (NP (EX there)) (VP (VBZ 's) (NP (DT a) (NN mistake)) (PP (IN on) (NP (PRP$ my) (NN bill))))))) (. .)),complex,i think there s a mistake on my bill .,saya kira ada yang salah pada tagihan saya .
4104,Would you like a glass of orange juice with your breakfast?,Apa Anda ingin segelas jus jeruk sebagai pendamping makan pagi Anda.,(SQ (MD Would) (NP (PRP you)) (VP (VB like) (NP (DT a) (NN glass)) (PP (IN of) (NP (NN orange) (NN juice))) (PP (IN with) (NP (PRP$ your) (NN breakfast)))) (. ?)),simple,would you like a glass of orange juice with your breakfast ?,apa anda ingin segelas jus jeruk sebagai pendamping makan pagi anda .
1294,Both of his parents are well.,Kedua orang tuanya baik-baik saja.,(S (NP (NP (DT Both)) (PP (IN of) (NP (PRP$ his) (NNS parents)))) (VP (VBP are) (ADVP (RB well))) (. .)),simple,both of his parents are well .,kedua orang tuanya baik baik saja .
1809,You'll forget about me someday.,Kau akan melupakanku suatu hari nanti.,(S (NP (PRP You)) (VP (MD 'll) (VP (VB forget) (PP (IN about) (NP (PRP me))) (ADVP (RB someday)))) (. .)),simple,you ll forget about me someday .,kau akan melupakanku suatu hari nanti .
791,"Tom lives in Boston, too.",Tom juga tinggal di Boston.,"(S (NP (NNP Tom)) (VP (VBZ lives) (PP (IN in) (NP (NNP Boston))) (, ,) (ADVP (RB too))) (. .))",simple,tom lives in boston too .,tom juga tinggal di boston .
792,Tom played with his sons.,Tom bermain dengan putra-putranya.,(S (NP (NNP Tom)) (VP (VBD played) (PP (IN with) (NP (PRP$ his) (NNS sons)))) (. .)),simple,tom played with his sons .,tom bermain dengan putra putranya .
3162,She allegedly killed him in self-defense.,Dia diduga membunuhnya karena membela diri.,(S (NP (PRP She)) (ADVP (RB allegedly)) (VP (VBD killed) (NP (PRP him)) (PP (IN in) (NP (NN self) (HYPH -) (NN defense)))) (. .)),simple,she allegedly killed him in self defense .,dia diduga membunuhnya karena membela diri .
1980,What do you do before breakfast?,Apa yang kamu lakukan sebelum sarapan?,(SBARQ (WHNP (WP What)) (SQ (VBP do) (NP (PRP you)) (VP (VB do) (PP (IN before) (NP (NN breakfast))))) (. ?)),simple,what do you do before breakfast ?,apa yang kamu lakukan sebelum sarapan ?
3257,No one knows what'll happen in the future.,Tidak seorang pun akan tahu apa yang akan terjadi di masa depan.,(S (NP (DT No) (NN one)) (VP (VBZ knows) (SBAR (WHNP (WP what)) (S (VP (MD 'll) (VP (VB happen) (PP (IN in) (NP (DT the) (NN future)))))))) (. .)),complex,no one knows what ll happen in the future .,tidak seorang pun akan tahu apa yang akan terjadi di masa depan .
2509,I can't be sure of anything anymore.,Aku tidak lagi yakin dengan apapun.,(S (NP (PRP I)) (VP (MD ca) (RB n't) (VP (VB be) (ADJP (JJ sure) (PP (IN of) (NP (NN anything)))) (ADVP (RB anymore)))) (. .)),simple,i can t be sure of anything anymore .,aku tidak lagi yakin dengan apapun .
1530,I've gotta go to the bathroom.,Aku harus ke kamar mandi.,(S (NP (PRP I)) (VP (VBP 've) (RB got) (VP (RB ta) (VP (VB go) (PP (IN to) (NP (DT the) (NN bathroom)))))) (. .)),simple,i ve gotta go to the bathroom .,aku harus ke kamar mandi .
1410,There's a cat under the desk.,Ada kucing di bawah meja.,(S (NP (EX There)) (VP (VBZ 's) (NP (DT a) (NN cat)) (PP (IN under) (NP (DT the) (NN desk)))) (. .)),simple,there s a cat under the desk .,ada kucing di bawah meja .
3299,Why did Tom decide not to go to Australia?,Mengapa Tom memutuskan untuk tidak pergi ke Australia?,(SBARQ (WHADVP (WRB Why)) (SQ (VBD did) (NP (NNP Tom)) (VP (VB decide) (S (RB not) (VP (TO to) (VP (VB go) (PP (IN to) (NP (NNP Australia)))))))) (. ?)),simple,why did tom decide not to go to australia ?,mengapa tom memutuskan untuk tidak pergi ke australia ?
4139,"Atlanta, Georgia has one of the busiest airports in the world.","Atlanta, Georgia memiliki salah satu bandara paling sibuk di dunia.","(S (NP (NP (NNP Atlanta)) (, ,) (NP (NNP Georgia))) (VP (VBZ has) (NP (NP (CD one)) (PP (IN of) (NP (NP (DT the) (JJS busiest) (NNS airports)) (PP (IN in) (NP (DT the) (NN world))))))) (. .))",simple,atlanta georgia has one of the busiest airports in the world .,atlanta georgia memiliki salah satu bandara paling sibuk di dunia .
83,She is mad at me.,dia marah kepada ku,(S (NP (PRP She)) (VP (VBZ is) (ADJP (JJ mad) (PP (IN at) (NP (PRP me))))) (. .)),simple,she is mad at me .,dia marah kepada ku
3547,This sentence can be interpreted in two ways.,Kalimat ini dapat diartikan dalam dua cara.,(S (NP (DT This) (NN sentence)) (VP (MD can) (VP (VB be) (VP (VBN interpreted) (PP (IN in) (NP (CD two) (NNS ways)))))) (. .)),simple,this sentence can be interpreted in two ways .,kalimat ini dapat diartikan dalam dua cara .
2350,I don't really approve of gambling.,Aku tidak begitu setuju dengan perjudian.,(S (NP (PRP I)) (VP (VBP do) (RB n't) (ADVP (RB really)) (VP (VB approve) (PP (IN of) (NP (NN gambling))))) (. .)),simple,i don t really approve of gambling .,aku tidak begitu setuju dengan perjudian .
20,Let go of Tom.,Lepaskan Tom.,(S (VP (VB Let) (VP (VB go) (PP (IN of) (NP (NNP Tom))))) (. .)),simple,let go of tom .,lepaskan tom .
3670,It seemed that there was no one in the village.,Sepertinya tidak ada orang di desa.,(S (NP (PRP It)) (VP (VBD seemed) (SBAR (IN that) (S (NP (EX there)) (VP (VBD was) (NP (DT no) (CD one)) (PP (IN in) (NP (DT the) (NN village))))))) (. .)),complex,it seemed that there was no one in the village .,sepertinya tidak ada orang di desa .
1562,That house is built of bricks.,Rumah itu dibangun dari batu bata.,(S (NP (DT That) (NN house)) (VP (VBZ is) (VP (VBN built) (PP (IN of) (NP (NNS bricks))))) (. .)),simple,that house is built of bricks .,rumah itu dibangun dari batu bata .
973,Who did you learn it from?,Dari siapa kamu belajar itu?,(SBARQ (WHNP (WP Who)) (SQ (VBD did) (NP (PRP you)) (VP (VB learn) (NP (PRP it)) (PP (IN from)))) (. ?)),simple,who did you learn it from ?,dari siapa kamu belajar itu ?
1710,My hobby is listening to music.,Hobiku mendengarkan musik.,(S (NP (PRP$ My) (NN hobby)) (VP (VBZ is) (S (VP (VBG listening) (PP (IN to) (NP (NN music)))))) (. .)),simple,my hobby is listening to music .,hobiku mendengarkan musik .
2942,The children are making a lot of noise.,Anak-anak itu membuat banyak kegaduhan.,(S (NP (DT The) (NNS children)) (VP (VBP are) (VP (VBG making) (NP (NP (DT a) (NN lot)) (PP (IN of) (NP (NN noise)))))) (. .)),simple,the children are making a lot of noise .,anak anak itu membuat banyak kegaduhan .
1098,Tom shot Mary with a rifle.,Tom menembak Mary dengan senapan.,(S (NP (NNP Tom)) (VP (VBD shot) (NP (NNP Mary)) (PP (IN with) (NP (DT a) (NN rifle)))) (. .)),simple,tom shot mary with a rifle .,tom menembak mary dengan senapan .
3106,Buenos Aires is the capital of Argentina.,Buenos Aires adalah ibu kota Argentina.,(S (NP (NNP Buenos) (NNP Aires)) (VP (VBZ is) (NP (NP (DT the) (NN capital)) (PP (IN of) (NP (NNP Argentina))))) (. .)),simple,buenos aires is the capital of argentina .,buenos aires adalah ibu kota argentina .
886,I'm afraid of cockroaches.,Aku takut kecoak.,(S (NP (PRP I)) (VP (VBP 'm) (ADJP (JJ afraid) (PP (IN of) (NP (NNS cockroaches))))) (. .)),simple,i m afraid of cockroaches .,aku takut kecoak .
4210,"Valentine's Day is close, and I still don't know what to give to her.","Hari Valentine hampir berakhir, dan aku masih tidak tahu apa yang akan kuberikan padanya.","(S (S (NP (NP (NNP Valentine) (POS 's)) (NNP Day)) (VP (VBZ is) (ADJP (JJ close)))) (, ,) (CC and) (S (NP (PRP I)) (ADVP (RB still)) (VP (VBP do) (RB n't) (VP (VB know) (SBAR (WHNP (WP what)) (S (VP (TO to) (VP (VB give) (PP (IN to) (NP (PRP her)))))))))) (. .))",complex,valentine s day is close and i still don t know what to give to her .,hari valentine hampir berakhir dan aku masih tidak tahu apa yang akan kuberikan padanya .
3783,My first day in the university was rather boring.,Hari pertama saya di universitas agak membosankan.,(S (NP (NP (PRP$ My) (JJ first) (NN day)) (PP (IN in) (NP (DT the) (NN university)))) (VP (VBD was) (ADJP (RB rather) (JJ boring))) (. .)),simple,my first day in the university was rather boring .,hari pertama saya di universitas agak membosankan .
3488,Tom works for a large financial institution.,Tom bekerja untuk sebuah lembaga keuangan yang besar.,(S (NP (NNP Tom)) (VP (VBZ works) (PP (IN for) (NP (DT a) (JJ large) (JJ financial) (NN institution)))) (. .)),simple,tom works for a large financial institution .,tom bekerja untuk sebuah lembaga keuangan yang besar .
3811,His speech made a deep impression on the students.,Perkataannya telah membuat kesan yang dalam terhadap murid-murid.,(S (NP (PRP$ His) (NN speech)) (VP (VBD made) (NP (DT a) (JJ deep) (NN impression)) (PP (IN on) (NP (DT the) (NNS students)))) (. .)),simple,his speech made a deep impression on the students .,perkataannya telah membuat kesan yang dalam terhadap murid murid .
737,I lost my arm in the war.,Aku kehilangan lenganku saat perang.,(S (NP (PRP I)) (VP (VBD lost) (NP (PRP$ my) (NN arm)) (PP (IN in) (NP (DT the) (NN war)))) (. .)),simple,i lost my arm in the war .,aku kehilangan lenganku saat perang .
1453,Who did you play tennis with?,Dengan siapa kamu bermain tenis?,(SBARQ (WHNP (WP Who)) (SQ (VBD did) (NP (PRP you)) (VP (VB play) (NP (NN tennis)) (PP (IN with)))) (. ?)),simple,who did you play tennis with ?,dengan siapa kamu bermain tenis ?
3048,She used to go to the movies on Sundays.,Dulu dia pergi ke bioskop pada hari Minggu.,(S (NP (PRP She)) (VP (VBD used) (S (VP (TO to) (VP (VB go) (PP (IN to) (NP (DT the) (NNS movies))) (PP (IN on) (NP (NNPS Sundays))))))) (. .)),simple,she used to go to the movies on sundays .,dulu dia pergi ke bioskop pada hari minggu .
3992,"""I'm moving to Boston next week."" ""I miss you already.""","""Aku akan pindah ke Boston minggu depan."" ""Aku akan merindukanmu.""","(S (`` "") (NP (PRP I)) (VP (VBP 'm) (VP (VBG moving) (PP (IN to) (NP (NNP Boston))) (NP (JJ next) (NN week)))) (. .) ('' "") ('' ""))",simple, i m moving to boston next week . i miss you already . , aku akan pindah ke boston minggu depan . aku akan merindukanmu . 
2506,I am a student at Oxford University.,Aku mahasiswa di Universitas Oxford.,(S (NP (PRP I)) (VP (VBP am) (NP (NP (DT a) (NN student)) (PP (IN at) (NP (NNP Oxford) (NNP University))))) (. .)),simple,i am a student at oxford university .,aku mahasiswa di universitas oxford .
2126,Tom will be here in five minutes.,Tom akan sampai di sini dalam lima menit.,(S (NP (NNP Tom)) (VP (MD will) (VP (VB be) (ADVP (RB here)) (PP (IN in) (NP (CD five) (NNS minutes))))) (. .)),simple,tom will be here in five minutes .,tom akan sampai di sini dalam lima menit .
906,Let me say goodbye to Tom.,Biarkan saya mengucapkan selamat tinggal kepada Tom.,(S (VP (VB Let) (S (NP (PRP me)) (VP (VB say) (NP (UH goodbye)) (PP (IN to) (NP (NNP Tom)))))) (. .)),simple,let me say goodbye to tom .,biarkan saya mengucapkan selamat tinggal kepada tom .
3132,I didn't expect Tom to be at the meeting.,Aku tidak menyangka Tom hadir dalam rapat.,(S (NP (PRP I)) (VP (VBD did) (RB n't) (VP (VB expect) (S (NP (NNP Tom)) (VP (TO to) (VP (VB be) (PP (IN at) (NP (DT the) (NN meeting)))))))) (. .)),simple,i didn t expect tom to be at the meeting .,aku tidak menyangka tom hadir dalam rapat .
3317,He finished his work without sleep or rest.,Dia menyelesaikan pekerjaannya tanpa tidur maupun istirahat.,(S (NP (PRP He)) (VP (VBD finished) (NP (PRP$ his) (NN work)) (PP (IN without) (NP (NN sleep) (CC or) (NN rest)))) (. .)),simple,he finished his work without sleep or rest .,dia menyelesaikan pekerjaannya tanpa tidur maupun istirahat .
2507,I am a student at Oxford University.,Saya seorang mahasiswa di Universitas Oxford.,(S (NP (PRP I)) (VP (VBP am) (NP (NP (DT a) (NN student)) (PP (IN at) (NP (NNP Oxford) (NNP University))))) (. .)),simple,i am a student at oxford university .,saya seorang mahasiswa di universitas oxford .
2428,Thousands of people died of hunger.,Ribuan orang mati kelaparan.,(S (NP (NP (NNS Thousands)) (PP (IN of) (NP (NNS people)))) (VP (VBD died) (PP (IN of) (NP (NN hunger)))) (. .)),simple,thousands of people died of hunger .,ribuan orang mati kelaparan .
947,Tom knows he's in trouble.,Tom tahu dia dalam masalah.,(S (NP (NNP Tom)) (VP (VBZ knows) (SBAR (S (NP (PRP he)) (VP (VBZ 's) (PP (IN in) (NP (NN trouble))))))) (. .)),complex,tom knows he s in trouble .,tom tahu dia dalam masalah .
2822,The conference is to be held in Tokyo.,Konferensinya akan diadakan di Tokyo.,(S (NP (DT The) (NN conference)) (VP (VBZ is) (S (VP (TO to) (VP (VB be) (VP (VBN held) (PP (IN in) (NP (NNP Tokyo)))))))) (. .)),simple,the conference is to be held in tokyo .,konferensinya akan diadakan di tokyo .
3542,The middle aged man was charged with assault.,Pria paruh baya itu digugat atas tuduhan penyerangan.,(S (NP (DT The) (ADJP (JJ middle) (JJ aged)) (NN man)) (VP (VBD was) (VP (VBN charged) (PP (IN with) (NP (NN assault))))) (. .)),simple,the middle aged man was charged with assault .,pria paruh baya itu digugat atas tuduhan penyerangan .
715,He prefers tea to coffee.,Dia lebih suka teh daripada kopi.,(S (NP (PRP He)) (VP (VBZ prefers) (NP (NN tea)) (PP (IN to) (NP (NN coffee)))) (. .)),simple,he prefers tea to coffee .,dia lebih suka teh daripada kopi .
3084,Tom isn't the best student in our class.,Tom bukan siswa terbaik di kelas kami.,(S (NP (NNP Tom)) (VP (VBZ is) (RB n't) (NP (NP (DT the) (JJS best) (NN student)) (PP (IN in) (NP (PRP$ our) (NN class))))) (. .)),simple,tom isn t the best student in our class .,tom bukan siswa terbaik di kelas kami .
686,You have a lot of books.,Kalian punya banyak buku.,(S (NP (PRP You)) (VP (VBP have) (NP (NP (DT a) (NN lot)) (PP (IN of) (NP (NNS books))))) (. .)),simple,you have a lot of books .,kalian punya banyak buku .
3861,"Out of twenty students, only one had read the book.","Dari dua puluh murid, hanya satu orang yang telah membaca buku.","(S (PP (IN Out) (PP (IN of) (NP (CD twenty) (NNS students)))) (, ,) (NP (NP (QP (RB only) (CD one)))) (VP (VBD had) (VP (VBN read) (NP (DT the) (NN book)))) (. .))",simple,out of twenty students only one had read the book .,dari dua puluh murid hanya satu orang yang telah membaca buku .
2353,I don't want to show it to Tom yet.,Aku masih belum mau menunjukkannya kepada Tom.,(S (NP (PRP I)) (VP (VBP do) (RB n't) (VP (VB want) (S (VP (TO to) (VP (VB show) (NP (PRP it)) (PP (IN to) (NP (NNP Tom))) (ADVP (RB yet))))))) (. .)),simple,i don t want to show it to tom yet .,aku masih belum mau menunjukkannya kepada tom .
2257,There were few people in the park.,Hanya ada sedikit orang di taman.,(S (NP (EX There)) (VP (VBD were) (NP (JJ few) (NNS people)) (PP (IN in) (NP (DT the) (NN park)))) (. .)),simple,there were few people in the park .,hanya ada sedikit orang di taman .
3999,Lake Baikal in Russia is the deepest lake in the world.,Danau Baikal di Rusia adalah danau terdalam di dunia.,(S (NP (NP (NNP Lake) (NNP Baikal)) (PP (IN in) (NP (NNP Russia)))) (VP (VBZ is) (NP (NP (DT the) (JJS deepest) (NN lake)) (PP (IN in) (NP (DT the) (NN world))))) (. .)),simple,lake baikal in russia is the deepest lake in the world .,danau baikal di rusia adalah danau terdalam di dunia .
21,Show it to me.,Perlihatkan itu padaku.,(S (VP (VB Show) (NP (PRP it)) (PP (IN to) (NP (PRP me)))) (. .)),simple,show it to me .,perlihatkan itu padaku .
885,I'll wait at the bus stop.,Akan kutunggu di halte bus.,(S (NP (PRP I)) (VP (MD 'll) (VP (VB wait) (PP (IN at) (NP (DT the) (NN bus) (NN stop))))) (. .)),simple,i ll wait at the bus stop .,akan kutunggu di halte bus .
3443,I'm going to be out of town for a few weeks.,Saya akan berada di luar kota beberapa minggu ke depan.,(S (NP (PRP I)) (VP (VBP 'm) (VP (VBG going) (S (VP (TO to) (VP (VB be) (PP (IN out) (PP (IN of) (NP (NN town)))) (PP (IN for) (NP (DT a) (JJ few) (NNS weeks)))))))) (. .)),simple,i m going to be out of town for a few weeks .,saya akan berada di luar kota beberapa minggu ke depan .
917,School begins at 8:10 a.m.,Kegiatan sekolah dimulai pada pukul 8:10 pagi.,(S (NP (NN School)) (VBZ begins) (PP (IN at) (CD 8:10)) (. a.m.)),simple,school begins at a .m .,kegiatan sekolah dimulai pada pukul pagi .
2917,I like white wine better than red wine.,Aku lebih suka anggur putih daripada anggur merah.,(S (NP (PRP I)) (VP (VBP like) (NP (JJ white) (NN wine)) (ADVP (ADVP (RBR better)) (PP (IN than) (NP (JJ red) (NN wine))))) (. .)),simple,i like white wine better than red wine .,aku lebih suka anggur putih daripada anggur merah .
3797,Tom has become accustomed to living in Australia.,Tom sudah terbiasa hidup di Australia.,(S (NP (NNP Tom)) (VP (VBZ has) (VP (VBN become) (ADJP (VBN accustomed) (PP (IN to) (S (VP (VBG living) (PP (IN in) (NP (NNP Australia))))))))) (. .)),simple,tom has become accustomed to living in australia .,tom sudah terbiasa hidup di australia .
3139,I have my supper at a quarter past seven.,Saya makan malam pada pukul tujuh lewat lima belas menit.,(S (NP (PRP I)) (VP (VBP have) (NP (NP (PRP$ my) (NN supper)) (PP (IN at) (PP (NP (DT a) (NN quarter)) (PP (IN past) (NP (CD seven))))))) (. .)),simple,i have my supper at a quarter past seven .,saya makan malam pada pukul tujuh lewat lima belas menit .
1265,What are you thinking about?,Apa yang sedang kamu pikirkan?,(SBARQ (WHNP (WP What)) (SQ (VBP are) (NP (PRP you)) (VP (VBG thinking) (PP (IN about)))) (. ?)),simple,what are you thinking about ?,apa yang sedang kamu pikirkan ?
483,It's like one of those.,Ini seperti satu dari barang-barang itu.,(S (NP (PRP It)) (VP (VBZ 's) (PP (IN like) (NP (NP (CD one)) (PP (IN of) (NP (DT those)))))) (. .)),simple,it s like one of those .,ini seperti satu dari barang barang itu .
3380,"The treaty was signed on November 18, 1903.",Perjanjian tersebut ditandatangani pada tanggal 18 November 1903.,"(S (NP (DT The) (NN treaty)) (VP (VBD was) (VP (VBN signed) (PP (IN on) (NP (NNP November) (CD 18) (, ,) (CD 1903))))) (. .))",simple,the treaty was signed on november .,perjanjian tersebut ditandatangani pada tanggal november .
3912,This is one of the worst movies that I've ever seen.,Ini salah satu film terburuk yang pernah kulihat.,(S (NP (DT This)) (VP (VBZ is) (NP (NP (CD one)) (PP (IN of) (NP (NP (DT the) (JJS worst) (NNS movies)) (SBAR (WHNP (WDT that)) (S (NP (PRP I)) (VP (VBP 've) (ADVP (RB ever)) (VP (VBN seen))))))))) (. .)),complex,this is one of the worst movies that i ve ever seen .,ini salah satu film terburuk yang pernah kulihat .
277,I work in a hospital.,Aku bekerja di rumah sakit.,(S (NP (PRP I)) (VP (VBP work) (PP (IN in) (NP (DT a) (NN hospital)))) (. .)),simple,i work in a hospital .,aku bekerja di rumah sakit .
988,Did you follow any of that?,Apa kau mengikuti perkembangannya?,(SQ (VBD Did) (NP (PRP you)) (VP (VB follow) (NP (NP (DT any)) (PP (IN of) (NP (DT that))))) (. ?)),simple,did you follow any of that ?,apa kau mengikuti perkembangannya ?
2084,The cat lay hidden in the bushes.,Si kucing bersembunyi di balik semak-semak.,(S (NP (DT The) (NN cat)) (VP (VBD lay) (ADJP (VBN hidden) (PP (IN in) (NP (DT the) (NNS bushes))))) (. .)),simple,the cat lay hidden in the bushes .,si kucing bersembunyi di balik semak semak .
1245,Tom met Mary at the airport.,Tom bertemu dengan Mary di bandara.,(S (NP (NNP Tom)) (VP (VBD met) (NP (NNP Mary)) (PP (IN at) (NP (DT the) (NN airport)))) (. .)),simple,tom met mary at the airport .,tom bertemu dengan mary di bandara .
2382,Is Tom staying at the Hilton Hotel?,Apakah Tom menginap di Hotel Hilton?,(SQ (VBZ Is) (NP (NNP Tom)) (VP (VBG staying) (PP (IN at) (NP (DT the) (NNP Hilton) (NNP Hotel)))) (. ?)),simple,is tom staying at the hilton hotel ?,apakah tom menginap di hotel hilton ?
571,I don't work on Mondays.,Aku tidak bekerja pada hari Senin.,(S (NP (PRP I)) (VP (VBP do) (RB n't) (VP (VB work) (PP (IN on) (NP (NNS Mondays))))) (. .)),simple,i don t work on mondays .,aku tidak bekerja pada hari senin .
1435,Tom took Mary to the airport.,Tom mengantar Mary ke bandara.,(S (NP (NNP Tom)) (VP (VBD took) (NP (NNP Mary)) (PP (IN to) (NP (DT the) (NN airport)))) (. .)),simple,tom took mary to the airport .,tom mengantar mary ke bandara .
993,Don't sit down on the sofa.,Jangan duduk di sofa itu.,(S (VP (VBP Do) (RB n't) (VP (VB sit) (PRT (RP down)) (PP (IN on) (NP (DT the) (NN sofa))))) (. .)),simple,don t sit down on the sofa .,jangan duduk di sofa itu .
3258,Remember that we are all in the same boat.,"Ingatlah, kita semua dalam situasi yang sama.",(S (VP (VB Remember) (SBAR (IN that) (S (NP (PRP we)) (VP (VBP are) (DT all) (PP (IN in) (NP (DT the) (JJ same) (NN boat))))))) (. .)),complex,remember that we are all in the same boat .,ingatlah kita semua dalam situasi yang sama .
3953,There are over seven thousand languages in the world.,Ada lebih dari tujuh ribu bahasa di dunia.,(S (NP (EX There)) (VP (VBP are) (NP (QP (IN over) (CD seven) (CD thousand)) (NNS languages)) (PP (IN in) (NP (DT the) (NN world)))) (. .)),simple,there are over seven thousand languages in the world .,ada lebih dari tujuh ribu bahasa di dunia .
585,I met him on the street.,Aku bertemu dengannya di jalan.,(S (NP (PRP I)) (VP (VBD met) (NP (PRP him)) (PP (IN on) (NP (DT the) (NN street)))) (. .)),simple,i met him on the street .,aku bertemu dengannya di jalan .
2720,Tom is accustomed to working outside.,Tom sudah terbiasa bekerja di luar.,(S (NP (NNP Tom)) (VP (VBZ is) (VP (VBN accustomed) (PP (IN to) (S (VP (VBG working) (ADVP (RB outside))))))) (. .)),simple,tom is accustomed to working outside .,tom sudah terbiasa bekerja di luar .
2514,I don't wish to meet with him again.,Saya tidak ingin bertemu lagi dengannya.,(S (NP (PRP I)) (VP (VBP do) (RB n't) (VP (VB wish) (S (VP (TO to) (VP (VB meet) (PP (IN with) (NP (PRP him))) (ADVP (RB again))))))) (. .)),simple,i don t wish to meet with him again .,saya tidak ingin bertemu lagi dengannya .
1349,I saw you under the fig tree.,Aku melihatmu di bawah pohon tin.,(S (NP (PRP I)) (VP (VBD saw) (NP (PRP you)) (PP (IN under) (NP (DT the) (NN fig) (NN tree)))) (. .)),simple,i saw you under the fig tree .,aku melihatmu di bawah pohon tin .
1007,I ate three pieces of cake.,Saya memakan tiga potong kue.,(S (NP (PRP I)) (VP (VBD ate) (NP (NP (CD three) (NNS pieces)) (PP (IN of) (NP (NN cake))))) (. .)),simple,i ate three pieces of cake .,saya memakan tiga potong kue .
674,What we do is up to you.,Apa yang kita lakukan tergantung padamu.,(S (SBAR (WHNP (WP What)) (S (NP (PRP we)) (VP (VBP do)))) (VP (VBZ is) (PP (IN up) (PP (IN to) (NP (PRP you))))) (. .)),complex,what we do is up to you .,apa yang kita lakukan tergantung padamu .
2412,There aren't any fish in this lake.,Tidak ada ikan di danau ini.,(S (NP (EX There)) (VP (VBP are) (RB n't) (NP (DT any) (NN fish)) (PP (IN in) (NP (DT this) (NN lake)))) (. .)),simple,there aren t any fish in this lake .,tidak ada ikan di danau ini .
447,He often appears on TV.,Dia sering muncul di televisi.,(S (NP (PRP He)) (ADVP (RB often)) (VP (VBZ appears) (PP (IN on) (NP (NN TV)))) (. .)),simple,he often appears on tv .,dia sering muncul di televisi .
2579,There is little water in the bucket.,Ada sedikit air di dalam ember.,(S (NP (EX There)) (VP (VBZ is) (NP (JJ little) (NN water)) (PP (IN in) (NP (DT the) (NN bucket)))) (. .)),simple,there is little water in the bucket .,ada sedikit air di dalam ember .
4284,Popcorn is very inexpensive when compared to many other snack foods. It's also usually healthier.,Berondong jagung sangat murah jika dibandingkan dengan banyak makanan ringan lainnya. Berondong jagung juga biasanya lebih sehat.,(S (NP (NN Popcorn)) (VP (VBZ is) (ADJP (RB very) (JJ inexpensive)) (SBAR (WHADVP (WRB when)) (PP (VBN compared) (PP (IN to) (NP (JJ many) (JJ other) (NN snack) (NNS foods)))))) (. .)),complex,popcorn is very inexpensive when compared to many other snack foods . it s also usually healthier .,berondong jagung sangat murah jika dibandingkan dengan banyak makanan ringan lainnya . berondong jagung juga biasanya lebih sehat .
2064,Let's not talk about it any more.,Sebaiknya kita jangan membicarakan ini lagi.,(S (VP (VB Let) (S (NP (PRP 's)) (RB not) (VP (VB talk) (PP (IN about) (NP (PRP it))) (ADVP (DT any) (RBR more))))) (. .)),simple,let s not talk about it any more .,sebaiknya kita jangan membicarakan ini lagi .
3705,"By the way, what are you going to do after this?","Omong-omong, apa yang akan kamu lakukan setelah ini?","(SBARQ (PP (IN By) (NP (DT the) (NN way))) (, ,) (WHNP (WP what)) (SQ (VBP are) (NP (PRP you)) (VP (VBG going) (S (VP (TO to) (VP (VB do) (PP (IN after) (NP (DT this)))))))) (. ?))",simple,by the way what are you going to do after this ?,omong omong apa yang akan kamu lakukan setelah ini ?
2825,The doctor warned him against smoking.,Dokter mengingatkan dia untuk tidak merokok.,(S (NP (DT The) (NN doctor)) (VP (VBD warned) (NP (PRP him)) (PP (IN against) (NP (NN smoking)))) (. .)),simple,the doctor warned him against smoking .,dokter mengingatkan dia untuk tidak merokok .
1690,I think about you all the time.,Aku memikirkanmu sepanjang waktu.,(S (NP (PRP I)) (VP (VBP think) (PP (IN about) (NP (PRP you))) (NP (PDT all) (DT the) (NN time))) (. .)),simple,i think about you all the time .,aku memikirkanmu sepanjang waktu .
3734,Many young people don't listen to radio anymore.,Banyak orang-orang muda tidak mendengarkan radio lagi.,(S (NP (JJ Many) (JJ young) (NNS people)) (VP (VBP do) (RB n't) (VP (VB listen) (PP (IN to) (NP (NN radio))) (ADVP (RB anymore)))) (. .)),simple,many young people don t listen to radio anymore .,banyak orang orang muda tidak mendengarkan radio lagi .
1247,Tom ran back into the woods.,Tom berlari kembali ke hutan.,(S (NP (NNP Tom)) (VP (VBD ran) (ADVP (RB back)) (PP (IN into) (NP (DT the) (NNS woods)))) (. .)),simple,tom ran back into the woods .,tom berlari kembali ke hutan .
1985,Where do you want to go to next?,Habis ini kamu mau ke mana?,(SBARQ (WHADVP (WRB Where)) (SQ (VBP do) (NP (PRP you)) (VP (VB want) (S (VP (TO to) (VP (VB go) (PP (IN to)) (ADVP (RB next))))))) (. ?)),simple,where do you want to go to next ?,habis ini kamu mau ke mana ?
294,Sign above this line.,Tanda tangan di atas garis ini.,(S (VP (VB Sign) (PP (IN above) (NP (DT this) (NN line)))) (. .)),simple,sign above this line .,tanda tangan di atas garis ini .
1547,She is seldom late for school.,Dia jarang terlambat ke sekolah.,(S (NP (PRP She)) (VP (VBZ is) (ADVP (RB seldom)) (ADJP (JJ late) (PP (IN for) (NP (NN school))))) (. .)),simple,she is seldom late for school .,dia jarang terlambat ke sekolah .
2012,Do you have any questions for me?,Apa kau memiliki beberapa pertanyaan untukku?,(SQ (VBP Do) (NP (PRP you)) (VP (VB have) (NP (NP (DT any) (NNS questions)) (PP (IN for) (NP (PRP me))))) (. ?)),simple,do you have any questions for me ?,apa kau memiliki beberapa pertanyaan untukku ?
588,I must go to the toilet.,Saya harus pergi ke toilet.,(S (NP (PRP I)) (VP (MD must) (VP (VB go) (PP (IN to) (NP (DT the) (NN toilet))))) (. .)),simple,i must go to the toilet .,saya harus pergi ke toilet .
2403,The children got lost in the woods.,Anak-anak itu tersesat di dalam hutan.,(S (NP (DT The) (NNS children)) (VP (VBD got) (VP (VBN lost) (PP (IN in) (NP (DT the) (NNS woods))))) (. .)),simple,the children got lost in the woods .,anak anak itu tersesat di dalam hutan .
2129,Wait until I tell Tom about this.,Tunggu sampai aku memberitahu Tom tentang hal ini.,(S (VP (VB Wait) (SBAR (IN until) (S (NP (PRP I)) (VP (VBP tell) (NP (NNP Tom)) (PP (IN about) (NP (DT this))))))) (. .)),complex,wait until i tell tom about this .,tunggu sampai aku memberitahu tom tentang hal ini .
3459,"Take hold of the rope, and I'll pull you up.","Eratkan talinya, dan saya akan menarik kamu ke atas.","(S (S (VP (VB Take) (NP (NN hold)) (PP (IN of) (NP (DT the) (NN rope))))) (, ,) (CC and) (S (NP (PRP I)) (VP (MD 'll) (VP (VB pull) (NP (PRP you)) (PRT (RP up))))) (. .))",compound,take hold of the rope and i ll pull you up .,eratkan talinya dan saya akan menarik kamu ke atas .
3312,Do you know the man standing on the bridge?,Apakah Anda kenal dengan orang yang berdiri di atas jembatan itu?,(SQ (VBP Do) (NP (PRP you)) (VP (VB know) (NP (NP (DT the) (NN man)) (VP (VBG standing) (PP (IN on) (NP (DT the) (NN bridge)))))) (. ?)),simple,do you know the man standing on the bridge ?,apakah anda kenal dengan orang yang berdiri di atas jembatan itu ?
425,What grade are you in?,Kamu kelas berapa?,(SBARQ (WHNP (WP What) (NN grade)) (SQ (VBP are) (NP (PRP you)) (PP (IN in))) (. ?)),simple,what grade are you in ?,kamu kelas berapa ?
1054,It's very cold in my house.,Di rumahku sangat dingin.,(S (NP (PRP It)) (VP (VBZ 's) (ADJP (RB very) (JJ cold)) (PP (IN in) (NP (PRP$ my) (NN house)))) (. .)),simple,it s very cold in my house .,di rumahku sangat dingin .
4164,I'd like to talk to you about what happened at school yesterday.,Saya ingin berbicara dengan Anda tentang apa yang kemarin terjadi di sekolah.,(S (NP (PRP I)) (VP (MD 'd) (VP (VB like) (S (VP (TO to) (VP (VB talk) (PP (IN to) (NP (PRP you))) (PP (IN about) (SBAR (WHNP (WP what)) (S (VP (VBD happened) (PP (IN at) (NP (NN school))) (NP (NN yesterday))))))))))) (. .)),complex,i d like to talk to you about what happened at school yesterday .,saya ingin berbicara dengan anda tentang apa yang kemarin terjadi di sekolah .
556,Don't make a fool of me.,Jangan mempermainkanku.,(S (VP (VBP Do) (RB n't) (VP (VB make) (NP (DT a) (NN fool)) (PP (IN of) (NP (PRP me))))) (. .)),simple,don t make a fool of me .,jangan mempermainkanku .
3410,A bird in the hand is worth two in the bush.,"Harapkan guruh di langit, air di tempayan ditumpahkan.",(S (NP (NP (DT A) (NN bird)) (PP (IN in) (NP (DT the) (NN hand)))) (VP (VBZ is) (ADJP (JJ worth) (NP (CD two))) (PP (IN in) (NP (DT the) (NN bush)))) (. .)),simple,a bird in the hand is worth two in the bush .,harapkan guruh di langit air di tempayan ditumpahkan .
2913,I haven't spoken to Tom in a long time.,Sudah lama saya tidak berbicara dengan Tom.,(S (NP (PRP I)) (VP (VBP have) (RB n't) (VP (VBN spoken) (PP (IN to) (NP (NNP Tom))) (PP (IN in) (NP (DT a) (JJ long) (NN time))))) (. .)),simple,i haven t spoken to tom in a long time .,sudah lama saya tidak berbicara dengan tom .
4008,Tom certainly wasn't at home when we went to visit him.,Tom benar-benar tidak ada di rumah saat kami datang mengunjunginya.,(S (NP (NNP Tom)) (ADVP (RB certainly)) (VP (VBD was) (RB n't) (PP (IN at) (NP (NN home))) (SBAR (WHADVP (WRB when)) (S (NP (PRP we)) (VP (VBD went) (S (VP (TO to) (VP (VB visit) (NP (PRP him))))))))) (. .)),complex,tom certainly wasn t at home when we went to visit him .,tom benar benar tidak ada di rumah saat kami datang mengunjunginya .
3138,I doubt you will be happy with my report.,Aku ragu kamu akan senang melihat laporanku.,(S (NP (PRP I)) (VP (VBP doubt) (SBAR (S (NP (PRP you)) (VP (MD will) (VP (VB be) (ADJP (JJ happy) (PP (IN with) (NP (PRP$ my) (NN report))))))))) (. .)),complex,i doubt you will be happy with my report .,aku ragu kamu akan senang melihat laporanku .
4005,The noise of the heavy traffic kept me awake all night.,Kebisingan dari jalanan yang padat membuatku terjaga sepanjang malam.,(S (NP (NP (DT The) (NN noise)) (PP (IN of) (NP (DT the) (JJ heavy) (NN traffic)))) (VP (VBD kept) (NP (PRP me)) (S (ADJP (JJ awake))) (NP (DT all) (NN night))) (. .)),simple,the noise of the heavy traffic kept me awake all night .,kebisingan dari jalanan yang padat membuatku terjaga sepanjang malam .
4153,I guess Tom didn't get around to painting the barn last summer.,Aku rasa musim panas lalu Tom tidak menemukan waktu untuk mengecat lumbungnya.,(S (NP (PRP I)) (VP (VBP guess) (SBAR (S (NP (NNP Tom)) (VP (VBD did) (RB n't) (VP (VB get) (ADVP (RB around)) (PP (IN to) (S (VP (VBG painting) (NP (DT the) (NN barn))))) (NP (JJ last) (NN summer))))))) (. .)),complex,i guess tom didn t get around to painting the barn last summer .,aku rasa musim panas lalu tom tidak menemukan waktu untuk mengecat lumbungnya .
1193,Let's talk over a cold beer.,Mari kita mengobrol sambil minum bir dingin.,(S (VP (VB Let) (S (NP (PRP 's)) (VP (VB talk) (PP (IN over) (NP (DT a) (JJ cold) (NN beer)))))) (. .)),simple,let s talk over a cold beer .,mari kita mengobrol sambil minum bir dingin .
1716,Paris is the capital of France.,Paris adalah ibukota dari Prancis.,(S (NP (NNP Paris)) (VP (VBZ is) (NP (NP (DT the) (NN capital)) (PP (IN of) (NP (NNP France))))) (. .)),simple,paris is the capital of france .,paris adalah ibukota dari prancis .
3061,There are many galaxies in the universe.,Ada banyak galaksi di alam semesta.,(S (NP (EX There)) (VP (VBP are) (NP (JJ many) (NNS galaxies)) (PP (IN in) (NP (DT the) (NN universe)))) (. .)),simple,there are many galaxies in the universe .,ada banyak galaksi di alam semesta .
4079,The island is covered with ice and snow during the winter.,Pulau itu tertutup es dan salju selama musim dingin.,(S (NP (DT The) (NN island)) (VP (VBZ is) (VP (VBN covered) (PP (IN with) (NP (NN ice) (CC and) (NN snow))) (PP (IN during) (NP (DT the) (NN winter))))) (. .)),simple,the island is covered with ice and snow during the winter .,pulau itu tertutup es dan salju selama musim dingin .
2400,Thank you for completing this form.,Terima kasih telah melengkapi formulir ini.,(S (VP (VB Thank) (NP (PRP you)) (PP (IN for) (S (VP (VBG completing) (NP (DT this) (NN form)))))) (. .)),simple,thank you for completing this form .,terima kasih telah melengkapi formulir ini .
2139,What do you do in your free time?,Apa yang kamu lakukan saat luang?,(SBARQ (WHNP (WP What)) (SQ (VBP do) (NP (PRP you)) (VP (VB do) (PP (IN in) (NP (PRP$ your) (JJ free) (NN time))))) (. ?)),simple,what do you do in your free time ?,apa yang kamu lakukan saat luang ?
2383,Is there a gas station around here?,Apakah ada pom bensin di sekitar sini?,(SQ (VBZ Is) (NP (EX there)) (NP (DT a) (NN gas) (NN station)) (PP (IN around) (ADVP (RB here))) (. ?)),simple,is there a gas station around here ?,apakah ada pom bensin di sekitar sini ?
4149,"When his wife died, he received dozens of letters of sympathy.","Ketika istrinya meninggal dunia, dia menerima belasan surat belasungkawa.","(S (SBAR (WHADVP (WRB When)) (S (NP (PRP$ his) (NN wife)) (VP (VBD died)))) (, ,) (NP (PRP he)) (VP (VBD received) (NP (NP (NNS dozens)) (PP (IN of) (NP (NP (NNS letters)) (PP (IN of) (NP (NN sympathy))))))) (. .))",complex,when his wife died he received dozens of letters of sympathy .,ketika istrinya meninggal dunia dia menerima belasan surat belasungkawa .
1285,Your hand is as cold as ice.,Tanganmu sedingin es.,(S (NP (PRP$ Your) (NN hand)) (VP (VBZ is) (ADJP (ADJP (RB as) (JJ cold)) (PP (IN as) (NP (NN ice))))) (. .)),simple,your hand is as cold as ice .,tanganmu sedingin es .
2813,Please explain to me how you did that.,Tolong jelaskan kepadaku bagaimana kamu melakukan itu.,(S (VP (VB Please) (VP (VB explain) (PP (IN to) (NP (PRP me))) (SBAR (WHADVP (WRB how)) (S (NP (PRP you)) (VP (VBD did) (NP (DT that))))))) (. .)),complex,please explain to me how you did that .,tolong jelaskan kepadaku bagaimana kamu melakukan itu .
2843,Tom didn't even ask for my permission.,Tom bahkan tidak meminta izinku.,(S (NP (NNP Tom)) (VP (VBD did) (RB n't) (ADVP (RB even)) (VP (VB ask) (PP (IN for) (NP (PRP$ my) (NN permission))))) (. .)),simple,tom didn t even ask for my permission .,tom bahkan tidak meminta izinku .
3610,She asked me for an unreasonable sum of money.,Dia meminta uang kepadaku dalam jumlah yang tidak masuk akal.,(S (NP (PRP She)) (VP (VBD asked) (NP (PRP me)) (PP (IN for) (NP (NP (DT an) (JJ unreasonable) (NN sum)) (PP (IN of) (NP (NN money)))))) (. .)),simple,she asked me for an unreasonable sum of money .,dia meminta uang kepadaku dalam jumlah yang tidak masuk akal .
2087,The school is closed due to snow.,Sekolah ditutup karena salju.,(S (NP (DT The) (NN school)) (VP (VBZ is) (VP (ADJP (VBN closed)) (PP (IN due) (IN to) (NP (NN snow))))) (. .)),simple,the school is closed due to snow .,sekolah ditutup karena salju .
1889,Maybe we should go to Australia.,Mungkin kita harus pergi ke Australia.,(S (ADVP (RB Maybe)) (NP (PRP we)) (VP (MD should) (VP (VB go) (PP (IN to) (NP (NNP Australia))))) (. .)),simple,maybe we should go to australia .,mungkin kita harus pergi ke australia .
1591,This movie is for adults only.,Film ini hanya untuk orang dewasa.,(S (NP (DT This) (NN movie)) (VP (VBZ is) (PP (IN for) (NP (NP (NNS adults)) (ADVP (RB only))))) (. .)),simple,this movie is for adults only .,film ini hanya untuk orang dewasa .
4100,Such things often happen by accident rather than by design.,Hal semacam itu seringkali terjadi karena kecelakaan ketimbang direncanakan.,(S (NP (JJ Such) (NNS things)) (ADVP (RB often)) (VP (VBP happen) (PP (PP (IN by) (NP (NN accident))) (CONJP (RB rather) (IN than)) (PP (IN by) (NP (NN design))))) (. .)),simple,such things often happen by accident rather than by design .,hal semacam itu seringkali terjadi karena kecelakaan ketimbang direncanakan .
2162,Don't eat raw tomatoes before bed.,Jangan makan tomat mentah sebelum tidur.,(S (VP (VBP Do) (RB n't) (VP (VB eat) (NP (JJ raw) (NNS tomatoes)) (PP (IN before) (NP (NN bed))))) (. .)),simple,don t eat raw tomatoes before bed .,jangan makan tomat mentah sebelum tidur .
2396,Please return it by 10 a.m. Monday.,Tolong kembalikan sebelum hari Senin pukul 10 pagi.,(S (VP (VB Please) (VP (VB return) (NP (PRP it)) (PP (IN by) (NP (NP (CD 10) (RB a.m.)) (NP (NNP Monday)))))) (. .)),simple,please return it by a .m . monday .,tolong kembalikan sebelum hari senin pukul pagi .
3775,It's necessary to go through customs on arriving.,Kita wajib melalui pemeriksaan bea dan cukai saat kedatangan.,(S (NP (NP (PRP It))) (VP (VBZ 's) (ADJP (JJ necessary)) (S (VP (TO to) (VP (VB go) (PP (IN through) (NP (NNS customs))) (PP (IN on) (NP (VBG arriving))))))) (. .)),simple,it s necessary to go through customs on arriving .,kita wajib melalui pemeriksaan bea dan cukai saat kedatangan .
2271,Tom enjoys listening to punk rock.,Tom senang mendengarkan musik punk rock.,(S (NP (NNP Tom)) (VP (VBZ enjoys) (S (VP (VBG listening) (PP (IN to) (NP (NN punk) (NN rock)))))) (. .)),simple,tom enjoys listening to punk rock .,tom senang mendengarkan musik punk rock .
3642,Why don't the three of us have lunch together?,Bagaimana kalau kita bertiga pergi makan siang bersama?,(SBARQ (WHADVP (WRB Why)) (SQ (VBP do) (RB n't) (NP (NP (DT the) (CD three)) (PP (IN of) (NP (PRP us)))) (VP (VB have) (NP (NN lunch)) (ADVP (RB together)))) (. ?)),simple,why don t the three of us have lunch together ?,bagaimana kalau kita bertiga pergi makan siang bersama ?
1137,Don't be like everyone else.,Jangan jadi seperti yang lain.,(S (VP (VB Do) (RB n't) (VP (VB be) (PP (IN like) (NP (NN everyone) (RB else))))) (. .)),simple,don t be like everyone else .,jangan jadi seperti yang lain .
2881,Are you spending Thanksgiving with Tom?,Apa kamu menghabiskan waktu bersama Tom di hari Thanksgiving?,(SQ (VBP Are) (NP (PRP you)) (VP (VBG spending) (NP (NNP Thanksgiving)) (PP (IN with) (NP (NNP Tom)))) (. ?)),simple,are you spending thanksgiving with tom ?,apa kamu menghabiskan waktu bersama tom di hari thanksgiving ?
972,Who did you get this from?,Anda dapat ini dari siapa?,(SBARQ (WHNP (WP Who)) (SQ (VBD did) (NP (PRP you)) (VP (VB get) (NP (DT this)) (PP (IN from)))) (. ?)),simple,who did you get this from ?,anda dapat ini dari siapa ?
795,Tom ran out of the house.,Tom berlari keluar dari rumah.,(S (NP (NNP Tom)) (VP (VBD ran) (PP (IN out) (PP (IN of) (NP (DT the) (NN house))))) (. .)),simple,tom ran out of the house .,tom berlari keluar dari rumah .
1711,My home is on the eighth floor.,Rumahku di lantai 8.,(S (NP (PRP$ My) (NN home)) (VP (VBZ is) (PP (IN on) (NP (DT the) (JJ eighth) (NN floor)))) (. .)),simple,my home is on the eighth floor .,rumahku di lantai .
3938,Mathematics is not just the memorization of formulas.,Matematika bukan hanya sekadar menghafal rumus.,(S (NP (NNS Mathematics)) (VP (VBZ is) (RB not) (NP (NP (RB just) (DT the) (NN memorization)) (PP (IN of) (NP (NNS formulas))))) (. .)),simple,mathematics is not just the memorization of formulas .,matematika bukan hanya sekadar menghafal rumus .
453,I don't agree with him.,Aku tidak setuju dengan dia.,(S (NP (PRP I)) (VP (VBP do) (RB n't) (VP (VB agree) (PP (IN with) (NP (PRP him))))) (. .)),simple,i don t agree with him .,aku tidak setuju dengan dia .
913,Nature is full of mystery.,Alam semesta penuh dengan misteri.,(S (NP (NN Nature)) (VP (VBZ is) (ADJP (JJ full) (PP (IN of) (NP (NN mystery))))) (. .)),simple,nature is full of mystery .,alam semesta penuh dengan misteri .
3025,I'd like to thank Tom for all he's done.,Aku ingin berterima kasih kepada Tom atas apa yang ia lakukan.,(S (NP (PRP I)) (VP (MD 'd) (VP (VB like) (S (VP (TO to) (VP (VB thank) (NP (NNP Tom)) (PP (IN for) (NP (NP (DT all)) (SBAR (S (NP (PRP he)) (VP (VBZ 's) (VP (VBN done)))))))))))) (. .)),complex,i d like to thank tom for all he s done .,aku ingin berterima kasih kepada tom atas apa yang ia lakukan .
1199,Perhaps Tom is in Australia.,Mungkin Tom di Australia.,(S (ADVP (RB Perhaps)) (NP (NNP Tom)) (VP (VBZ is) (PP (IN in) (NP (NNP Australia)))) (. .)),simple,perhaps tom is in australia .,mungkin tom di australia .
1274,Which house did you live in?,Kau tinggal di rumah yang mana?,(SBARQ (WHNP (WDT Which) (NN house)) (SQ (VBD did) (NP (PRP you)) (VP (VB live) (PP (IN in)))) (. ?)),simple,which house did you live in ?,kau tinggal di rumah yang mana ?
2375,I'm interested in oriental pottery.,Aku tertarik dengan tembikar oriental.,(S (NP (PRP I)) (VP (VBP 'm) (ADJP (JJ interested) (PP (IN in) (NP (JJ oriental) (NN pottery))))) (. .)),simple,i m interested in oriental pottery .,aku tertarik dengan tembikar oriental .
37,Leave it to me.,Serahkan semuanya padaku.,(S (VP (VB Leave) (NP (PRP it)) (PP (IN to) (NP (PRP me)))) (. .)),simple,leave it to me .,serahkan semuanya padaku .
974,Write on every other line.,Tulislah tiap setelah satu baris.,(S (VP (VB Write) (PP (IN on) (NP (DT every) (JJ other) (NN line)))) (. .)),simple,write on every other line .,tulislah tiap setelah satu baris .
983,Both of them are very cute.,Keduanya sangatlah imut.,(S (NP (NP (DT Both)) (PP (IN of) (NP (PRP them)))) (VP (VBP are) (ADJP (RB very) (JJ cute))) (. .)),simple,both of them are very cute .,keduanya sangatlah imut .
3008,Have you ever been to a foreign country?,Pernahkah kau pergi ke luar negeri?,(SQ (VBP Have) (NP (PRP you)) (ADVP (RB ever)) (VP (VBN been) (PP (IN to) (NP (DT a) (JJ foreign) (NN country)))) (. ?)),simple,have you ever been to a foreign country ?,pernahkah kau pergi ke luar negeri ?
1418,Tom fell asleep during class.,Tom tertidur saat pelajaran.,(S (NP (NNP Tom)) (VP (VBD fell) (ADVP (JJ asleep)) (PP (IN during) (NP (NN class)))) (. .)),simple,tom fell asleep during class .,tom tertidur saat pelajaran .
1560,Thanks for the recommendation.,Terima kasih atas rekomendasinya.,(NP (NP (NNS Thanks)) (PP (IN for) (NP (DT the) (NN recommendation))) (. .)),simple,thanks for the recommendation .,terima kasih atas rekomendasinya .
39,Tom is at home.,Tom ada di rumah.,(S (NP (NNP Tom)) (VP (VBZ is) (PP (IN at) (NP (NN home)))) (. .)),simple,tom is at home .,tom ada di rumah .
1486,He took Tom on a fishing trip.,Dia mengajak Tom pergi memancing.,(S (NP (PRP He)) (VP (VBD took) (NP (NNP Tom)) (PP (IN on) (NP (DT a) (NN fishing) (NN trip)))) (. .)),simple,he took tom on a fishing trip .,dia mengajak tom pergi memancing .
2873,You haven't given me what I asked for.,Kamu belum memberiku yang kuminta.,(S (NP (PRP You)) (VP (VBP have) (RB n't) (VP (VBN given) (NP (PRP me)) (SBAR (WHNP (WP what)) (S (NP (PRP I)) (VP (VBD asked) (PP (IN for))))))) (. .)),complex,you haven t given me what i asked for .,kamu belum memberiku yang kuminta .
169,They laughed at me.,Mereka menertawakanku.,(S (NP (PRP They)) (VP (VBD laughed) (PP (IN at) (NP (PRP me)))) (. .)),simple,they laughed at me .,mereka menertawakanku .
1355,I'm going to wait until 2:30.,Kutunggu sampai pukul 2:30.,(S (NP (PRP I)) (VP (VBP 'm) (VP (VBG going) (S (VP (TO to) (VP (VB wait) (PP (IN until) (NP (CD 2:30)))))))) (. .)),simple,i m going to wait until .,kutunggu sampai pukul .
2699,The view from this room is wonderful.,Pemandangan dari kamar ini sangat bagus.,(S (NP (NP (DT The) (NN view)) (PP (IN from) (NP (DT this) (NN room)))) (VP (VBZ is) (ADJP (JJ wonderful))) (. .)),simple,the view from this room is wonderful .,pemandangan dari kamar ini sangat bagus .
4066,"You have wanted to go there for a long time, haven't you?",Kamu sudah dari dulu ingin kesana bukan?,"(SQ (S (NP (PRP You)) (VP (VBP have) (VP (VBN wanted) (S (VP (TO to) (VP (VB go) (ADVP (RB there)) (PP (IN for) (NP (DT a) (JJ long) (NN time))))))))) (, ,) (VBP have) (RB n't) (NP (PRP you)) (. ?))",simple,you have wanted to go there for a long time haven t you ?,kamu sudah dari dulu ingin kesana bukan ?
2957,These gentlemen are from the consulate.,Bapak-bapak ini dari konsulat.,(S (NP (DT These) (NNS gentlemen)) (VP (VBP are) (PP (IN from) (NP (DT the) (NN consulate)))) (. .)),simple,these gentlemen are from the consulate .,bapak bapak ini dari konsulat .
2971,Tom is a better chess player than Mary.,Tom pemain catur yang lebih baik daripada Mary.,(S (NP (NNP Tom)) (VP (VBZ is) (NP (NP (DT a) (JJR better) (NN chess) (NN player)) (PP (IN than) (NP (NNP Mary))))) (. .)),simple,tom is a better chess player than mary .,tom pemain catur yang lebih baik daripada mary .
1640,Do you want any of these books?,Apa kamu menginginkan buku-buku ini?,(SQ (VBP Do) (NP (PRP you)) (VP (VB want) (NP (NP (DT any)) (PP (IN of) (NP (DT these) (NNS books))))) (. ?)),simple,do you want any of these books ?,apa kamu menginginkan buku buku ini ?
1290,Are there any letters for me?,Apakah ada surat untukku?,(SQ (VBP Are) (NP (EX there)) (NP (NP (DT any) (NNS letters)) (PP (IN for) (NP (PRP me)))) (. ?)),simple,are there any letters for me ?,apakah ada surat untukku ?
1380,Mary is studying in her room.,Mary belajar di kamarnya.,(S (NP (NNP Mary)) (VP (VBZ is) (VP (VBG studying) (PP (IN in) (NP (PRP$ her) (NN room))))) (. .)),simple,mary is studying in her room .,mary belajar di kamarnya .
1933,Tom disappeared into the tunnel.,Tom menghilang ke dalam terowongan.,(S (NP (NNP Tom)) (VP (VBD disappeared) (PP (IN into) (NP (DT the) (NN tunnel)))) (. .)),simple,tom disappeared into the tunnel .,tom menghilang ke dalam terowongan .
579,I left my purse at home.,Dompet saya tertinggal di rumah.,(S (NP (PRP I)) (VP (VBD left) (NP (PRP$ my) (NN purse)) (PP (IN at) (NP (NN home)))) (. .)),simple,i left my purse at home .,dompet saya tertinggal di rumah .
4094,How many times a day do you look at yourself in the mirror?,Berapa kali sehari kamu bercermin?,(SBARQ (WHNP (NP (WRB How) (JJ many) (NNS times)) (NP (DT a) (NN day))) (SQ (VBP do) (NP (PRP you)) (VP (VB look) (PP (IN at) (NP (PRP yourself))) (PP (IN in) (NP (DT the) (NN mirror))))) (. ?)),simple,how many times a day do you look at yourself in the mirror ?,berapa kali sehari kamu bercermin ?
2030,I bumped into your dad yesterday.,Saya bertemu dengan ayahmu kemarin.,(S (NP (PRP I)) (VP (VBD bumped) (PP (IN into) (NP (PRP$ your) (NN dad))) (NP (NN yesterday))) (. .)),simple,i bumped into your dad yesterday .,saya bertemu dengan ayahmu kemarin .
892,I'm looking for my pencil.,Saya sedang mencari pensil saya.,(S (NP (PRP I)) (VP (VBP 'm) (VP (VBG looking) (PP (IN for) (NP (PRP$ my) (NN pencil))))) (. .)),simple,i m looking for my pencil .,saya sedang mencari pensil saya .
780,This is probably for you.,Ini mungkin untukmu.,(S (NP (DT This)) (VP (VBZ is) (ADVP (RB probably)) (PP (IN for) (NP (PRP you)))) (. .)),simple,this is probably for you .,ini mungkin untukmu .
159,I'm from Singapore.,Saya dari Singapura.,(S (NP (PRP I)) (VP (VBP 'm) (PP (IN from) (NP (NNP Singapore)))) (. .)),simple,i m from singapore .,saya dari singapura .
2,Look at me.,Lihat saya.,(S (VP (VB Look) (PP (IN at) (NP (PRP me)))) (. .)),simple,look at me .,lihat saya .
3085,Tom looks as if he hasn't eaten in days.,Tom terlihat seperti belum makan berhari-hari.,(S (NP (NNP Tom)) (VP (VBZ looks) (SBAR (IN as) (IN if) (S (NP (PRP he)) (VP (VBZ has) (RB n't) (VP (VBN eaten) (PP (IN in) (NP (NNS days)))))))) (. .)),complex,tom looks as if he hasn t eaten in days .,tom terlihat seperti belum makan berhari hari .
3727,I wonder what the weather will be like tomorrow.,Kira-kira bagaimana cuaca besok?,(S (NP (PRP I)) (VP (VBP wonder) (SBAR (WHNP (WP what)) (S (NP (DT the) (NN weather)) (VP (MD will) (VP (VB be) (PP (IN like)) (NP (NN tomorrow))))))) (. .)),complex,i wonder what the weather will be like tomorrow .,kira kira bagaimana cuaca besok ?
849,He has a house of his own.,Dia memiliki rumahnya sendiri.,(S (NP (PRP He)) (VP (VBZ has) (NP (NP (DT a) (NN house)) (PP (IN of) (NP (PRP$ his) (JJ own))))) (. .)),simple,he has a house of his own .,dia memiliki rumahnya sendiri .
2466,What exactly do you know about Tom?,Tepatnya apa yang kamu ketahui tentang Tom?,(SBARQ (WHNP (WP What) (RB exactly)) (SQ (VBP do) (NP (PRP you)) (VP (VB know) (PP (IN about) (NP (NNP Tom))))) (. ?)),simple,what exactly do you know about tom ?,tepatnya apa yang kamu ketahui tentang tom ?
2714,Tom certainly knew about the problem.,Tom tentunya tahu tentang masalah itu.,(S (NP (NNP Tom)) (ADVP (RB certainly)) (VP (VBD knew) (PP (IN about) (NP (DT the) (NN problem)))) (. .)),simple,tom certainly knew about the problem .,tom tentunya tahu tentang masalah itu .
1596,Three quarters of them agreed.,Tiga perempat dari mereka setuju.,(S (NP (NP (CD Three) (NNS quarters)) (PP (IN of) (NP (PRP them)))) (VP (VBD agreed)) (. .)),simple,three quarters of them agreed .,tiga perempat dari mereka setuju .
1776,Tom put food in his dog's bowl.,Tom menaruh makanan di mangkuk anjingnya.,(S (NP (NNP Tom)) (VP (VBD put) (NP (NN food)) (PP (IN in) (NP (NP (PRP$ his) (NN dog) (POS 's)) (NN bowl)))) (. .)),simple,tom put food in his dog s bowl .,tom menaruh makanan di mangkuk anjingnya .
1913,The house on the corner is ours.,Rumah di pojok itu adalah rumah kita.,(S (NP (NP (DT The) (NN house)) (PP (IN on) (NP (DT the) (NN corner)))) (VP (VBZ is) (NP (JJ ours))) (. .)),simple,the house on the corner is ours .,rumah di pojok itu adalah rumah kita .
1043,I'm listening to the radio.,Saya sedang mendengarkan radio.,(S (NP (PRP I)) (VP (VBP 'm) (VP (VBG listening) (PP (IN to) (NP (DT the) (NN radio))))) (. .)),simple,i m listening to the radio .,saya sedang mendengarkan radio .
1544,Oslo is the capital of Norway.,Oslo adalah ibu kota Norwegia.,(S (NP (NNP Oslo)) (VP (VBZ is) (NP (NP (DT the) (NN capital)) (PP (IN of) (NP (NNP Norway))))) (. .)),simple,oslo is the capital of norway .,oslo adalah ibu kota norwegia .
2749,You can't blame her for what she did.,Kamu tidak bisa menyalahkan dia karena apa yang dia lakukan.,(S (NP (PRP You)) (VP (MD ca) (RB n't) (VP (VB blame) (NP (PRP her)) (PP (IN for) (SBAR (WHNP (WP what)) (S (NP (PRP she)) (VP (VBD did))))))) (. .)),complex,you can t blame her for what she did .,kamu tidak bisa menyalahkan dia karena apa yang dia lakukan .
53,This is on sale.,Ini dijual.,(S (NP (DT This)) (VP (VBZ is) (PP (IN on) (NP (NN sale)))) (. .)),simple,this is on sale .,ini dijual .
1796,What does he say in his letter?,Apa yang dia katakan di dalam suratnya?,(SBARQ (WHNP (WP What)) (SQ (VBZ does) (NP (PRP he)) (VP (VB say) (PP (IN in) (NP (PRP$ his) (NN letter))))) (. ?)),simple,what does he say in his letter ?,apa yang dia katakan di dalam suratnya ?
1911,The cat is sleeping on the sofa.,Kucing itu sedang tidur di sofa.,(S (NP (DT The) (NN cat)) (VP (VBZ is) (VP (VBG sleeping) (PP (IN on) (NP (DT the) (NN sofa))))) (. .)),simple,the cat is sleeping on the sofa .,kucing itu sedang tidur di sofa .
3199,Tom doesn't watch TV except on Saturdays.,Tom tidak menonton TV kecuali hari Sabtu.,(S (NP (NNP Tom)) (VP (VBZ does) (RB n't) (VP (VB watch) (NP (NN TV)) (PP (IN except) (PP (IN on) (NP (NNPS Saturdays)))))) (. .)),simple,tom doesn t watch tv except on saturdays .,tom tidak menonton tv kecuali hari sabtu .
2553,Perhaps it'll rain in the afternoon.,Kemungkinan nanti siang akan hujan.,(S (ADVP (RB Perhaps)) (NP (PRP it)) (VP (MD 'll) (VP (VB rain) (PP (IN in) (NP (DT the) (NN afternoon))))) (. .)),simple,perhaps it ll rain in the afternoon .,kemungkinan nanti siang akan hujan .
3020,I like taking care of animals very much.,Saya suka sekali merawat hewan.,(S (NP (PRP I)) (VP (VBP like) (S (VP (S (VP (VBG taking) (NP (NN care)) (PP (IN of) (NP (NNS animals))))) (ADVP (RB very) (RB much))))) (. .)),simple,i like taking care of animals very much .,saya suka sekali merawat hewan .
4206,"Tom is married to Mary now, but at one time he was married to Alice.","Tom menikah dengan Mary saat ini, tetapi sebelumnya ia menikah dengan Alice.","(S (S (NP (NNP Tom)) (VP (VBZ is) (VP (VBN married) (PP (IN to) (NP (NNP Mary))) (ADVP (RB now))))) (, ,) (CC but) (S (PP (IN at) (NP (CD one) (NN time))) (NP (PRP he)) (VP (VBD was) (VP (VBN married) (PP (IN to) (NP (NNP Alice)))))) (. .))",compound,tom is married to mary now but at one time he was married to alice .,tom menikah dengan mary saat ini tetapi sebelumnya ia menikah dengan alice .
824,What are you snacking on?,Kamu lagi ngemil apa?,(SBARQ (WHNP (WP What)) (SQ (VBP are) (NP (PRP you)) (VP (VBG snacking) (PP (IN on)))) (. ?)),simple,what are you snacking on ?,kamu lagi ngemil apa ?
4045,Do you know why Tom wasn't at the meeting this afternoon?,Apakah kamu tahu mengapa Tom tidak hadir di rapat siang ini?,(SQ (VBP Do) (NP (PRP you)) (VP (VB know) (SBAR (WHADVP (WRB why)) (S (NP (NNP Tom)) (VP (VBD was) (RB n't) (PP (IN at) (NP (DT the) (NN meeting))) (NP (DT this) (NN afternoon)))))) (. ?)),complex,do you know why tom wasn t at the meeting this afternoon ?,apakah kamu tahu mengapa tom tidak hadir di rapat siang ini ?
1389,She is singing with a guitar.,Dia bernyanyi dengan gitar.,(S (NP (PRP She)) (VP (VBZ is) (VP (VBG singing) (PP (IN with) (NP (DT a) (NN guitar))))) (. .)),simple,she is singing with a guitar .,dia bernyanyi dengan gitar .
3702,You had better not play on his generous nature.,Lebih baik kamu tidak mengambil keuntungan dari kebaikan hatinya.,(S (NP (PRP You)) (VP (VBD had) (ADVP (RBR better)) (RB not) (VP (VB play) (PP (IN on) (NP (PRP$ his) (JJ generous) (NN nature))))) (. .)),simple,you had better not play on his generous nature .,lebih baik kamu tidak mengambil keuntungan dari kebaikan hatinya .
2821,The child soon fell asleep in the bed.,Anak itu seketika tertidur di ranjangnya.,(S (NP (DT The) (NN child)) (ADVP (RB soon)) (VP (VBD fell) (ADJP (JJ asleep)) (PP (IN in) (NP (DT the) (NN bed)))) (. .)),simple,the child soon fell asleep in the bed .,anak itu seketika tertidur di ranjangnya .
1607,Tom is very worried about you.,Tom sangat mengkhawatirkan kamu.,(S (NP (NNP Tom)) (VP (VBZ is) (ADJP (RB very) (JJ worried) (PP (IN about) (NP (PRP you))))) (. .)),simple,tom is very worried about you .,tom sangat mengkhawatirkan kamu .
1594,This room is too small for us.,Ruangan ini terlalu sempit untuk kami.,(S (NP (DT This) (NN room)) (VP (VBZ is) (ADJP (ADJP (RB too) (JJ small)) (PP (IN for) (NP (PRP us))))) (. .)),simple,this room is too small for us .,ruangan ini terlalu sempit untuk kami .
771,The desk is made of wood.,Mejanya terbuat dari kayu.,(S (NP (DT The) (NN desk)) (VP (VBZ is) (VP (VBN made) (PP (IN of) (NP (NN wood))))) (. .)),simple,the desk is made of wood .,mejanya terbuat dari kayu .
2611,Tom seems to be looking for someone.,Tom terlihat seperti sedang mencari seseorang.,(S (NP (NNP Tom)) (VP (VBZ seems) (S (VP (TO to) (VP (VB be) (VP (VBG looking) (PP (IN for) (NP (NN someone)))))))) (. .)),simple,tom seems to be looking for someone .,tom terlihat seperti sedang mencari seseorang .
2273,Tom goes for a walk every morning.,Tom pergi jalan-jalan setiap pagi.,(S (NP (NNP Tom)) (VP (VBZ goes) (PP (IN for) (NP (DT a) (NN walk))) (NP (DT every) (NN morning))) (. .)),simple,tom goes for a walk every morning .,tom pergi jalan jalan setiap pagi .
1868,I want to invite you to a party.,Saya ingin mengundang kamu ke sebuah pesta.,(S (NP (PRP I)) (VP (VBP want) (S (VP (TO to) (VP (VB invite) (NP (PRP you)) (PP (IN to) (NP (DT a) (NN party))))))) (. .)),simple,i want to invite you to a party .,saya ingin mengundang kamu ke sebuah pesta .
1085,Tom fell asleep in the car.,Tom tertidur di dalam mobil.,(S (NP (NNP Tom)) (VP (VBD fell) (ADJP (JJ asleep)) (PP (IN in) (NP (DT the) (NN car)))) (. .)),simple,tom fell asleep in the car .,tom tertidur di dalam mobil .
3070,Tom asked for permission to leave early.,Tom meminta izin untuk pulang lebih awal.,(S (NP (NNP Tom)) (VP (VBD asked) (PP (IN for) (NP (NN permission) (S (VP (TO to) (VP (VB leave) (ADVP (RB early)))))))) (. .)),simple,tom asked for permission to leave early .,tom meminta izin untuk pulang lebih awal .
1325,Her skin is whiter than snow.,Kulitnya lebih putih daripada salju.,(S (NP (PRP$ Her) (NN skin)) (VP (VBZ is) (ADJP (ADJP (JJR whiter)) (PP (IN than) (NP (NN snow))))) (. .)),simple,her skin is whiter than snow .,kulitnya lebih putih daripada salju .
1463,Come back as soon as possible.,Kembalilah sesegera mungkin.,(S (VP (VB Come) (ADVP (RB back)) (ADVP (ADVP (RB as) (RB soon)) (PP (IN as) (ADJP (JJ possible))))) (. .)),simple,come back as soon as possible .,kembalilah sesegera mungkin .
806,Tom was laughing at Mary.,Tom menertawakan Mary.,(S (NP (NNP Tom)) (VP (VBD was) (VP (VBG laughing) (PP (IN at) (NP (NNP Mary))))) (. .)),simple,tom was laughing at mary .,tom menertawakan mary .
2770,He apologized for having offended her.,Dia meminta maaf karena telah menyinggungnya.,(S (NP (PRP He)) (VP (VBD apologized) (PP (IN for) (S (VP (VBG having) (VP (VBN offended) (NP (PRP her))))))) (. .)),simple,he apologized for having offended her .,dia meminta maaf karena telah menyinggungnya .
2796,"I'm Canadian, but I live in Australia.","Saya orang Kanada, tetapi saya tinggal di Australia.","(S (S (NP (PRP I)) (VP (VBP 'm) (ADJP (JJ Canadian)))) (, ,) (CC but) (S (NP (PRP I)) (VP (VBP live) (PP (IN in) (NP (NNP Australia))))) (. .))",compound,i m canadian but i live in australia .,saya orang kanada tetapi saya tinggal di australia .
2108,Tom is not welcome in this house.,Tom tidak diterima di rumah ini.,(S (NP (NNP Tom)) (VP (VBZ is) (RB not) (ADJP (JJ welcome)) (PP (IN in) (NP (DT this) (NN house)))) (. .)),simple,tom is not welcome in this house .,tom tidak diterima di rumah ini .
3204,Tom often eats lunch with his girlfriend.,Tom sering makan siang dengan pacarnya.,(S (NP (NNP Tom)) (ADVP (RB often)) (VP (VBZ eats) (NP (NN lunch)) (PP (IN with) (NP (PRP$ his) (NN girlfriend)))) (. .)),simple,tom often eats lunch with his girlfriend .,tom sering makan siang dengan pacarnya .
4258,The rainforests are disappearing at the rate of tens of thousands of hectares a day.,Hutan-hutan hujan semakin musnah dengan kecepatan sepuluh ribu hektar per hari.,(S (NP (DT The) (NNS rainforests)) (VP (VBP are) (VP (VBG disappearing) (PP (IN at) (NP (NP (DT the) (NN rate)) (PP (IN of) (NP (NP (QP (NNS tens) (IN of) (NNS thousands))) (PP (IN of) (NP (NNS hectares))) (NP (DT a) (NN day)))))))) (. .)),simple,the rainforests are disappearing at the rate of tens of thousands of hectares a day .,hutan hutan hujan semakin musnah dengan kecepatan sepuluh ribu hektar per hari .
2234,Smoking is harmful to your health.,Merokok berbahaya bagi tubuh.,(S (NP (NN Smoking)) (VP (VBZ is) (ADJP (JJ harmful) (PP (IN to) (NP (PRP$ your) (NN health))))) (. .)),simple,smoking is harmful to your health .,merokok berbahaya bagi tubuh .
963,What are you dealing with?,Apa yang sedang Anda hadapi?,(SBARQ (WHNP (WP What)) (SQ (VBP are) (NP (PRP you)) (VP (VBG dealing) (PP (IN with)))) (. ?)),simple,what are you dealing with ?,apa yang sedang anda hadapi ?
398,She's in the bathroom.,Dia di kamar mandi.,(S (NP (PRP She)) (VP (VBZ 's) (PP (IN in) (NP (DT the) (NN bathroom)))) (. .)),simple,she s in the bathroom .,dia di kamar mandi .
2632,Would you explain it in more detail?,Apakah Anda bisa menjelaskannya lebih rinci?,(SQ (MD Would) (NP (PRP you)) (VP (VB explain) (NP (PRP it)) (PP (IN in) (NP (JJR more) (NN detail)))) (. ?)),simple,would you explain it in more detail ?,apakah anda bisa menjelaskannya lebih rinci ?
4169,"Forget the past, think about the future, and live in the present.","Lupakan masa lalu, pikirkan masa depan, dan hidupilah masa sekarang!","(S (VP (VP (VB Forget) (NP (DT the) (NN past))) (, ,) (VP (VB think) (PP (IN about) (NP (DT the) (NN future)))) (, ,) (CC and) (VP (VB live) (PP (IN in) (NP (DT the) (NN present))))) (. .))",simple,forget the past think about the future and live in the present .,lupakan masa lalu pikirkan masa depan dan hidupilah masa sekarang !
704,Don't smoke in this room.,Dilarang merokok di ruangan ini.,(S (VP (VBP Do) (RB n't) (VP (VB smoke) (PP (IN in) (NP (DT this) (NN room))))) (. .)),simple,don t smoke in this room .,dilarang merokok di ruangan ini .
431,What's wrong with you?,Ada apa denganmu?,(SBARQ (WHNP (WP What)) (SQ (VBZ 's) (ADJP (JJ wrong) (PP (IN with) (NP (PRP you))))) (. ?)),simple,what s wrong with you ?,ada apa denganmu ?
292,She wept at the news.,Ia menangis mendengar berita itu.,(S (NP (PRP She)) (VP (VBD wept) (PP (IN at) (NP (DT the) (NN news)))) (. .)),simple,she wept at the news .,ia menangis mendengar berita itu .
4182,You wouldn't be so casual about it if you were directly involved.,Kamu tidak akan bisa sesantai itu jika kamu terlibat langsung.,(S (NP (PRP You)) (VP (MD would) (RB n't) (VP (VB be) (ADJP (RB so) (JJ casual) (PP (IN about) (NP (PRP it)))) (SBAR (IN if) (S (NP (PRP you)) (VP (VBD were) (ADJP (RB directly) (VBN involved))))))) (. .)),complex,you wouldn t be so casual about it if you were directly involved .,kamu tidak akan bisa sesantai itu jika kamu terlibat langsung .
145,He works in a bank.,Dia bekerja di bank.,(S (NP (PRP He)) (VP (VBZ works) (PP (IN in) (NP (DT a) (NN bank)))) (. .)),simple,he works in a bank .,dia bekerja di bank .
3081,Tom has two brothers who live in Boston.,Tom punya dua saudara lelaki yang tinggal di Boston.,(S (NP (NNP Tom)) (VP (VBZ has) (NP (NP (CD two) (NNS brothers)) (SBAR (WHNP (WP who)) (S (VP (VBP live) (PP (IN in) (NP (NNP Boston)))))))) (. .)),complex,tom has two brothers who live in boston .,tom punya dua saudara lelaki yang tinggal di boston .
2033,I didn't know where it came from.,saya tidak tau darimana itu berasal,(S (NP (PRP I)) (VP (VBD did) (RB n't) (VP (VB know) (SBAR (WHADVP (WRB where)) (S (NP (PRP it)) (VP (VBD came) (PP (IN from))))))) (. .)),complex,i didn t know where it came from .,saya tidak tau darimana itu berasal
3169,The apple doesn't fall far from the tree.,Tak jauh rebung dari rumpunnya,(S (NP (DT The) (NN apple)) (VP (VBZ does) (RB n't) (VP (VB fall) (ADVP (RB far) (PP (IN from) (NP (DT the) (NN tree)))))) (. .)),simple,the apple doesn t fall far from the tree .,tak jauh rebung dari rumpunnya
1165,I won't talk to him anymore.,Aku tidak akan berbicara dengannya lagi.,(S (NP (PRP I)) (VP (MD wo) (RB n't) (VP (VB talk) (PP (IN to) (NP (PRP him))) (ADVP (RB anymore)))) (. .)),simple,i won t talk to him anymore .,aku tidak akan berbicara dengannya lagi .
2050,I'll explain it all to you later.,aku akan menjelaskan semua kepadamu nanti,(S (NP (PRP I)) (VP (MD 'll) (VP (VB explain) (NP (NP (PRP it)) (NP (DT all))) (PP (IN to) (NP (PRP you))) (ADVP (RB later)))) (. .)),simple,i ll explain it all to you later .,aku akan menjelaskan semua kepadamu nanti
2624,What do you usually do after dinner?,Apa yang biasanya kamu lakukan setelah makan malam?,(SBARQ (WHNP (WP What)) (SQ (VBP do) (NP (PRP you)) (ADVP (RB usually)) (VP (VB do) (PP (IN after) (NP (NN dinner))))) (. ?)),simple,what do you usually do after dinner ?,apa yang biasanya kamu lakukan setelah makan malam ?
3757,"After the rain, there were puddles on the street.","Setelah hujan, di jalanan terdapat banyak lubang yang tergenang air.","(S (PP (IN After) (NP (DT the) (NN rain))) (, ,) (NP (EX there)) (VP (VBD were) (NP (NNS puddles)) (PP (IN on) (NP (DT the) (NN street)))) (. .))",simple,after the rain there were puddles on the street .,setelah hujan di jalanan terdapat banyak lubang yang tergenang air .
339,He got a lot of money.,Dia punya banyak uang.,(S (NP (PRP He)) (VP (VBD got) (NP (NP (DT a) (NN lot)) (PP (IN of) (NP (NN money))))) (. .)),simple,he got a lot of money .,dia punya banyak uang .
2728,Tom really wanted to go to Australia.,Tom sangat ingin pergi ke Australia.,(S (NP (NNP Tom)) (ADVP (RB really)) (VP (VBD wanted) (S (VP (TO to) (VP (VB go) (PP (IN to) (NP (NNP Australia))))))) (. .)),simple,tom really wanted to go to australia .,tom sangat ingin pergi ke australia .
265,I believe all of you.,Aku percaya kalian semua.,(S (NP (PRP I)) (VP (VBP believe) (NP (NP (DT all)) (PP (IN of) (NP (PRP you))))) (. .)),simple,i believe all of you .,aku percaya kalian semua .
2424,This is what Tom does for a living.,Ini yang dilakukan Tom untuk hidup.,(S (NP (DT This)) (VP (VBZ is) (SBAR (WHNP (WP what)) (S (NP (NNP Tom)) (VP (VBZ does) (PP (IN for) (NP (DT a) (NN living))))))) (. .)),complex,this is what tom does for a living .,ini yang dilakukan tom untuk hidup .
3508,Broken glass lay scattered all over the road.,Pecahan kaca berserakan di sepanjang jalan.,(S (NP (JJ Broken) (NN glass)) (VP (VBD lay) (ADJP (VBN scattered)) (PP (ADVP (DT all)) (IN over) (NP (DT the) (NN road)))) (. .)),simple,broken glass lay scattered all over the road .,pecahan kaca berserakan di sepanjang jalan .
1771,Tom never talks about his kids.,Tom tidak pernah berbicara tentang anak-anaknya.,(S (NP (NNP Tom)) (ADVP (RB never)) (VP (VBZ talks) (PP (IN about) (NP (PRP$ his) (NNS kids)))) (. .)),simple,tom never talks about his kids .,tom tidak pernah berbicara tentang anak anaknya .
271,I look forward to it.,Saya menantikannya.,(S (NP (PRP I)) (VP (VBP look) (ADVP (RB forward)) (PP (IN to) (NP (PRP it)))) (. .)),simple,i look forward to it .,saya menantikannya .
696,Bread is made from flour.,Roti terbuat dari tepung.,(S (NP (NN Bread)) (VP (VBZ is) (VP (VBN made) (PP (IN from) (NP (NN flour))))) (. .)),simple,bread is made from flour .,roti terbuat dari tepung .
747,I will be sixteen in May.,Usia saya akan menjadi 16 tahun bulan Mei ini.,(S (NP (PRP I)) (VP (MD will) (VP (VB be) (NP (CD sixteen)) (PP (IN in) (NP (NNP May))))) (. .)),simple,i will be sixteen in may .,usia saya akan menjadi tahun bulan mei ini .
244,Are you sure of that?,Apa kau yakin dengan hal itu?,(SQ (VBP Are) (NP (PRP you)) (ADJP (JJ sure) (PP (IN of) (NP (DT that)))) (. ?)),simple,are you sure of that ?,apa kau yakin dengan hal itu ?
317,What grade is Tom in?,Kelas berapa Tom?,(SBARQ (WHNP (WP What) (NN grade)) (SQ (VBZ is) (NP (NNP Tom)) (PP (IN in))) (. ?)),simple,what grade is tom in ?,kelas berapa tom ?
476,I'm ready for tomorrow.,Aku sudah siap untuk besok.,(S (NP (PRP I)) (VP (VBP 'm) (ADJP (JJ ready) (PP (IN for) (NP (NN tomorrow))))) (. .)),simple,i m ready for tomorrow .,aku sudah siap untuk besok .
2032,I didn't invite Tom to the party.,Aku tidak mengundang Tom ke pesta.,(S (NP (PRP I)) (VP (VBD did) (RB n't) (VP (VB invite) (NP (NNP Tom)) (PP (IN to) (NP (DT the) (NN party))))) (. .)),simple,i didn t invite tom to the party .,aku tidak mengundang tom ke pesta .
3841,Can you imagine what the 21st century will be like?,Bisakah kamu membayangkan bagaimana kira-kira abad ke-21 itu?,(SQ (MD Can) (NP (PRP you)) (VP (VB imagine) (SBAR (WHNP (WP what)) (S (NP (DT the) (JJ 21st) (NN century)) (VP (MD will) (VP (VB be) (PP (IN like))))))) (. ?)),complex,can you imagine what the st century will be like ?,bisakah kamu membayangkan bagaimana kira kira abad ke itu ?
2830,There are forty students in our class.,Ada empat puluh orang siswa di kelas kami.,(S (NP (EX There)) (VP (VBP are) (NP (CD forty) (NNS students)) (PP (IN in) (NP (PRP$ our) (NN class)))) (. .)),simple,there are forty students in our class .,ada empat puluh orang siswa di kelas kami .
813,We have run out of sugar.,Kita kehabisan gula.,(S (NP (PRP We)) (VP (VBP have) (VP (VBN run) (ADVP (IN out) (PP (IN of) (NP (NN sugar)))))) (. .)),simple,we have run out of sugar .,kita kehabisan gula .
1914,The movie starts at ten o'clock.,Filmnya akan mulai pada pukul sepuluh.,(S (NP (DT The) (NN movie)) (VP (VBZ starts) (PP (IN at) (NP (CD ten) (NN o'clock)))) (. .)),simple,the movie starts at ten o clock .,filmnya akan mulai pada pukul sepuluh .
3815,I don't want to hear any more of your complaining.,Aku tidak ingin mendengar keluhanmu lagi.,(S (NP (PRP I)) (VP (VBP do) (RB n't) (VP (VB want) (S (VP (TO to) (VP (VB hear) (NP (NP (DT any) (JJR more)) (PP (IN of) (NP (PRP$ your) (NN complaining))))))))) (. .)),simple,i don t want to hear any more of your complaining .,aku tidak ingin mendengar keluhanmu lagi .
1297,Do you have feelings for Tom?,Apakah kamu memiliki perasaan terhadap Tom?,(SQ (VBP Do) (NP (PRP you)) (VP (VB have) (NP (NP (NNS feelings)) (PP (IN for) (NP (NNP Tom))))) (. ?)),simple,do you have feelings for tom ?,apakah kamu memiliki perasaan terhadap tom ?
1804,Yesterday I went to the movies.,Kemarin aku pergi ke bioskop.,(S (NP (NN Yesterday)) (NP (PRP I)) (VP (VBD went) (PP (IN to) (NP (DT the) (NNS movies)))) (. .)),simple,yesterday i went to the movies .,kemarin aku pergi ke bioskop .
3252,It was a great privilege working with you.,Suatu kehormatan bisa bekerja sama dengan anda.,(S (NP (NP (PRP It))) (VP (VBD was) (NP (DT a) (JJ great) (NN privilege)) (S (VP (VBG working) (PP (IN with) (NP (PRP you)))))) (. .)),simple,it was a great privilege working with you .,suatu kehormatan bisa bekerja sama dengan anda .
250,Don't worry about me.,Jangan khawatirkan aku.,(S (VP (VB Do) (RB n't) (VP (VB worry) (PP (IN about) (NP (PRP me))))) (. .)),simple,don t worry about me .,jangan khawatirkan aku .
2461,We talked until two in the morning.,Kami berbincang-bincang hingga pukul dua pagi.,(S (NP (PRP We)) (VP (VBD talked) (PP (IN until) (NP (CD two))) (PP (IN in) (NP (DT the) (NN morning)))) (. .)),simple,we talked until two in the morning .,kami berbincang bincang hingga pukul dua pagi .
545,Are you attracted to me?,Apa kau tertarik padaku?,(SQ (VBP Are) (NP (PRP you)) (VP (VBN attracted) (PP (IN to) (NP (PRP me)))) (. ?)),simple,are you attracted to me ?,apa kau tertarik padaku ?
738,I often go to the movies.,Aku sering pergi ke bioskop.,(S (NP (PRP I)) (ADVP (RB often)) (VP (VBP go) (PP (IN to) (NP (DT the) (NNS movies)))) (. .)),simple,i often go to the movies .,aku sering pergi ke bioskop .
310,Tom's not in his car.,Tom tidak ada di mobilnya.,(S (NP (NNP Tom)) (VP (VBZ 's) (RB not) (PP (IN in) (NP (PRP$ his) (NN car)))) (. .)),simple,tom s not in his car .,tom tidak ada di mobilnya .
1131,Can you come back on Monday?,Bisakah Anda kembali pada hari Senin?,(SQ (MD Can) (NP (PRP you)) (VP (VB come) (ADVP (RB back)) (PP (IN on) (NP (NNP Monday)))) (. ?)),simple,can you come back on monday ?,bisakah anda kembali pada hari senin ?
1449,Welcome to my secret hideout.,Selamat datang di persembunyian rahasiaku.,(FRAG (UH Welcome) (PP (IN to) (NP (PRP$ my) (JJ secret) (NN hideout))) (. .)),simple,welcome to my secret hideout .,selamat datang di persembunyian rahasiaku .
4227,"This room is very small, so it is impossible to put more furniture in it.",Ruangan ini terlalu sempit. Mustahil untuk menambah perabotan lagi di sini.,"(S (S (NP (DT This) (NN room)) (VP (VBZ is) (ADJP (RB very) (JJ small)))) (, ,) (IN so) (S (NP (NP (PRP it))) (VP (VBZ is) (ADJP (JJ impossible)) (S (VP (TO to) (VP (VB put) (NP (JJR more) (NN furniture)) (PP (IN in) (NP (PRP it)))))))) (. .))",compound,this room is very small so it is impossible to put more furniture in it .,ruangan ini terlalu sempit . mustahil untuk menambah perabotan lagi di sini .
15,He shot at me.,Dia menembak ke arahku.,(S (NP (PRP He)) (VP (VBD shot) (PP (IN at) (NP (PRP me)))) (. .)),simple,he shot at me .,dia menembak ke arahku .
3965,Blow out all the candles on the birthday cake at once.,Tiup semua lilin diatas kue ulang tahun dalam sekali tiup.,(S (VP (VB Blow) (PRT (RP out)) (NP (PDT all) (DT the) (NNS candles)) (PP (IN on) (NP (DT the) (NN birthday) (NN cake))) (ADVP (IN at) (RB once))) (. .)),simple,blow out all the candles on the birthday cake at once .,tiup semua lilin diatas kue ulang tahun dalam sekali tiup .
3161,Roger Miller died of lung cancer in 1992.,Roger Miller meninggal karena kanker paru-paru pada tahun 1992.,(S (NP (NNP Roger) (NNP Miller)) (VP (VBD died) (PP (IN of) (NP (NN lung) (NN cancer))) (PP (IN in) (NP (CD 1992)))) (. .)),simple,roger miller died of lung cancer in .,roger miller meninggal karena kanker paru paru pada tahun .
4013,"When he got to the station, the train had already left.","Ketika dia sampai stasiun, keretanya telah berangkat.","(S (SBAR (WHADVP (WRB When)) (S (NP (PRP he)) (VP (VBD got) (PP (IN to) (NP (DT the) (NN station)))))) (, ,) (NP (DT the) (NN train)) (VP (VBD had) (ADVP (RB already)) (VP (VBN left))) (. .))",complex,when he got to the station the train had already left .,ketika dia sampai stasiun keretanya telah berangkat .
3785,Neptune is the eighth planet of the solar system.,Neptunus adalah planet kedelapan dalam tata surya.,(S (NP (NNP Neptune)) (VP (VBZ is) (NP (NP (DT the) (JJ eighth) (NN planet)) (PP (IN of) (NP (DT the) (JJ solar) (NN system))))) (. .)),simple,neptune is the eighth planet of the solar system .,neptunus adalah planet kedelapan dalam tata surya .
363,I saw you in my dream.,Aku melihatmu dalam mimpiku.,(S (NP (PRP I)) (VP (VBD saw) (NP (PRP you)) (PP (IN in) (NP (PRP$ my) (NN dream)))) (. .)),simple,i saw you in my dream .,aku melihatmu dalam mimpiku .
182,Where are you from?,Dari mana Anda berasal?,(SBARQ (WHADVP (WRB Where)) (SQ (VBP are) (NP (PRP you)) (PP (IN from))) (. ?)),simple,where are you from ?,dari mana anda berasal ?
1194,Mary is Tom's sister-in-law.,Mary adalah saudara ipar Tom.,(S (NP (NNP Mary)) (VP (VBZ is) (NP (NP (NP (NNP Tom) (POS 's)) (NN sister)) (HYPH -) (PP (IN in) (HYPH -) (NP (NN law))))) (. .)),simple,mary is tom s sister in law .,mary adalah saudara ipar tom .
2823,The day after tomorrow is my birthday.,Lusa adalah hari ulang tahunku.,(S (NP (NP (DT The) (NN day)) (PP (IN after) (NP (NN tomorrow)))) (VP (VBZ is) (NP (PRP$ my) (NN birthday))) (. .)),simple,the day after tomorrow is my birthday .,lusa adalah hari ulang tahunku .
1121,You can smoke in this room.,Kamu boleh merokok di ruangan ini.,(S (NP (PRP You)) (VP (MD can) (VP (VB smoke) (PP (IN in) (NP (DT this) (NN room))))) (. .)),simple,you can smoke in this room .,kamu boleh merokok di ruangan ini .
2235,"So, what do we do in the meantime?","Jadi, apa yang akan kita lakukan selagi menunggu?","(SBARQ (ADVP (RB So)) (, ,) (WHNP (WP what)) (SQ (VBP do) (NP (PRP we)) (VP (VB do) (PP (IN in) (NP (DT the) (NN meantime))))) (. ?))",simple,so what do we do in the meantime ?,jadi apa yang akan kita lakukan selagi menunggu ?
2667,I went to the library to read a book.,Saya pergi ke perpustakaan untuk membaca buku.,(S (NP (PRP I)) (VP (VBD went) (PP (IN to) (NP (DT the) (NN library))) (S (VP (TO to) (VP (VB read) (NP (DT a) (NN book)))))) (. .)),simple,i went to the library to read a book .,saya pergi ke perpustakaan untuk membaca buku .
1182,I'm very proud of my father.,Saya sangat bangga dengan ayah saya.,(S (NP (PRP I)) (VP (VBP 'm) (ADJP (RB very) (JJ proud) (PP (IN of) (NP (PRP$ my) (NN father))))) (. .)),simple,i m very proud of my father .,saya sangat bangga dengan ayah saya .
4095,I can't believe your parents let you come here by yourself.,Aku tak percaya orang tuamu membiarkan kamu pergi kesini sendiri.,(S (NP (PRP I)) (VP (MD ca) (RB n't) (VP (VB believe) (SBAR (S (NP (PRP$ your) (NNS parents)) (VP (VBP let) (S (NP (PRP you)) (VP (VB come) (ADVP (RB here)) (PP (IN by) (NP (PRP yourself)))))))))) (. .)),complex,i can t believe your parents let you come here by yourself .,aku tak percaya orang tuamu membiarkan kamu pergi kesini sendiri .
614,Please write with a pen.,Tolong tulis dengan pulpen.,(S (VB Please) (VP (VB write) (PP (IN with) (NP (DT a) (NN pen)))) (. .)),simple,please write with a pen .,tolong tulis dengan pulpen .
1466,Do you live with your parents?,Apa kamu tinggal dengan orangtuamu?,(SQ (VBP Do) (NP (PRP you)) (VP (VB live) (PP (IN with) (NP (PRP$ your) (NNS parents)))) (. ?)),simple,do you live with your parents ?,apa kamu tinggal dengan orangtuamu ?
401,Take hold of the rope.,Pegang talinya.,(S (VP (VB Take) (NP (NN hold)) (PP (IN of) (NP (DT the) (NN rope)))) (. .)),simple,take hold of the rope .,pegang talinya .
934,This belongs to my father.,Ini milik ayahku.,(S (NP (DT This)) (VP (VBZ belongs) (PP (IN to) (NP (PRP$ my) (NN father)))) (. .)),simple,this belongs to my father .,ini milik ayahku .
2419,They have lived here for ten years.,Mereka sudah tinggal di sini selama sepuluh tahun.,(S (NP (PRP They)) (VP (VBP have) (VP (VBN lived) (ADVP (RB here)) (PP (IN for) (NP (CD ten) (NNS years))))) (. .)),simple,they have lived here for ten years .,mereka sudah tinggal di sini selama sepuluh tahun .
2974,"Tom is still in kindergarten, isn't he?","Tom masih TK, kan?","(S (S (NP (NNP Tom)) (VP (VBZ is) (ADVP (RB still)) (PP (IN in) (NP (NN kindergarten))))) (, ,) (VBZ is) (RB n't) (NP (PRP he)) (. ?))",simple,tom is still in kindergarten isn t he ?,tom masih tk kan ?
2641,"For further information, see page 16.","Untuk informasi lebih lanjut, lihat halaman 16.","(S (PP (IN For) (NP (JJ further) (NN information))) (, ,) (VP (VB see) (NP (NN page) (CD 16))) (. .))",simple,for further information see page .,untuk informasi lebih lanjut lihat halaman .
3163,She stayed at the hotel for several days.,Dia menginap di hotel beberapa hari.,(S (NP (PRP She)) (VP (VBD stayed) (PP (IN at) (NP (DT the) (NN hotel))) (PP (IN for) (NP (JJ several) (NNS days)))) (. .)),simple,she stayed at the hotel for several days .,dia menginap di hotel beberapa hari .
726,I didn't know about this.,Aku tidak tahu tentang hal ini.,(S (NP (PRP I)) (VP (VBD did) (RB n't) (VP (VB know) (PP (IN about) (NP (DT this))))) (. .)),simple,i didn t know about this .,aku tidak tahu tentang hal ini .
826,What did you do that for?,Untuk apa kau melakukannya?,(SBARQ (WHNP (WP What)) (SQ (VBD did) (NP (PRP you)) (VP (VB do) (NP (DT that)) (PP (IN for)))) (. ?)),simple,what did you do that for ?,untuk apa kau melakukannya ?
1521,I'd be happy to work with you.,Saya senang bisa bekerja dengan Anda.,(S (NP (PRP I)) (VP (MD 'd) (VP (VB be) (ADJP (JJ happy) (S (VP (TO to) (VP (VB work) (PP (IN with) (NP (PRP you))))))))) (. .)),simple,i d be happy to work with you .,saya senang bisa bekerja dengan anda .
4062,Tom never fails to send a birthday present to his father.,Tom tidak pernah salah/lupa mengirim hadiah ulang tahun pada ayahnya.,(S (NP (NNP Tom)) (ADVP (RB never)) (VP (VBZ fails) (S (VP (TO to) (VP (VB send) (NP (DT a) (NN birthday) (NN present)) (PP (IN to) (NP (PRP$ his) (NN father))))))) (. .)),simple,tom never fails to send a birthday present to his father .,tom tidak pernah salah lupa mengirim hadiah ulang tahun pada ayahnya .
136,Can I count on Tom?,Bisakah aku mengandalkan Tom?,(SQ (MD Can) (NP (PRP I)) (VP (VB count) (PP (IN on) (NP (NNP Tom)))) (. ?)),simple,can i count on tom ?,bisakah aku mengandalkan tom ?
628,The cup is on the table.,Cangkir itu ada di atas meja.,(S (NP (DT The) (NN cup)) (VP (VBZ is) (PP (IN on) (NP (DT the) (NN table)))) (. .)),simple,the cup is on the table .,cangkir itu ada di atas meja .
334,Don't forget about us!,Jangan lupakan kami.,(S (VP (VB Do) (RB n't) (VP (VB forget) (PP (IN about) (NP (PRP us))))) (. !)),simple,don t forget about us !,jangan lupakan kami .
390,My life was in danger.,Hidupku dalam bahaya.,(S (NP (PRP$ My) (NN life)) (VP (VBD was) (PP (IN in) (NP (NN danger)))) (. .)),simple,my life was in danger .,hidupku dalam bahaya .
4160,Tom told me that he thought that he was going to die in prison.,Tom bilang padaku dia rasa dia akan mati di penjara.,(S (NP (NNP Tom)) (VP (VBD told) (NP (PRP me)) (SBAR (IN that) (S (NP (PRP he)) (VP (VBD thought) (SBAR (IN that) (S (NP (PRP he)) (VP (VBD was) (VP (VBG going) (S (VP (TO to) (VP (VB die) (PP (IN in) (NP (NN prison)))))))))))))) (. .)),complex,tom told me that he thought that he was going to die in prison .,tom bilang padaku dia rasa dia akan mati di penjara .
1817,Did you go to Boston or Chicago?,Apakah kamu pergi ke Boston atau Chicago?,(SQ (VBD Did) (NP (PRP you)) (VP (VB go) (PP (IN to) (NP (NNP Boston) (CC or) (NNP Chicago)))) (. ?)),simple,did you go to boston or chicago ?,apakah kamu pergi ke boston atau chicago ?
4065,Walking in the moonlight is a romantic way to end a date.,Berjalan di bawah sinar rembulan adalah cara romantis untuk mengakhiri kencan.,(S (S (VP (VBG Walking) (PP (IN in) (NP (DT the) (NN moonlight))))) (VP (VBZ is) (NP (NP (DT a) (JJ romantic) (NN way)) (SBAR (S (VP (TO to) (VP (VB end) (NP (DT a) (NN date)))))))) (. .)),complex,walking in the moonlight is a romantic way to end a date .,berjalan di bawah sinar rembulan adalah cara romantis untuk mengakhiri kencan .
710,He disposed of the trash.,Dia membuang sampah-sampah itu.,(S (NP (PRP He)) (VP (VBD disposed) (PP (IN of) (NP (DT the) (NN trash)))) (. .)),simple,he disposed of the trash .,dia membuang sampah sampah itu .
1039,I will be at home tomorrow.,Saya ada di rumah besok.,(S (NP (PRP I)) (VP (MD will) (VP (VB be) (PP (IN at) (NP (NN home))) (NP (NN tomorrow)))) (. .)),simple,i will be at home tomorrow .,saya ada di rumah besok .
2948,Their goods are of the highest quality.,Kualitas barang-barang mereka adalah yang tertinggi.,(S (NP (PRP$ Their) (NNS goods)) (VP (VBP are) (PP (IN of) (NP (DT the) (JJS highest) (NN quality)))) (. .)),simple,their goods are of the highest quality .,kualitas barang barang mereka adalah yang tertinggi .
3906,I would like to give him a present for his birthday.,Saya ingin memberikan hadiah padanya di hari ulang tahunnya.,(S (NP (PRP I)) (VP (MD would) (VP (VB like) (S (VP (TO to) (VP (VB give) (NP (PRP him)) (NP (NP (DT a) (NN present)) (PP (IN for) (NP (PRP$ his) (NN birthday))))))))) (. .)),simple,i would like to give him a present for his birthday .,saya ingin memberikan hadiah padanya di hari ulang tahunnya .
1561,That happened in the eighties.,Itu terjadi pada tahun delapan puluhan.,(S (NP (DT That)) (VP (VBD happened) (PP (IN in) (NP (DT the) (NNS eighties)))) (. .)),simple,that happened in the eighties .,itu terjadi pada tahun delapan puluhan .
4123,"Due to my lumbago, I won't be able to attend Koizumi's party.","Karena sakit punggungku kambuh, aku tidak bisa menghadiri pestanya Koizumi.","(S (PP (IN Due) (IN to) (NP (PRP$ my) (NN lumbago))) (, ,) (NP (PRP I)) (VP (MD wo) (RB n't) (VP (VB be) (ADJP (JJ able) (S (VP (TO to) (VP (VB attend) (NP (NP (NNP Koizumi) (POS 's)) (NN party)))))))) (. .))",simple,due to my lumbago i won t be able to attend koizumi s party .,karena sakit punggungku kambuh aku tidak bisa menghadiri pestanya koizumi .
3790,The boy said that the taxi vanished into the fog.,Anak itu bilang bahwa taksi tersebut telah lenyap di dalam kabut.,(S (NP (DT The) (NN boy)) (VP (VBD said) (SBAR (IN that) (S (NP (DT the) (NN taxi)) (VP (VBD vanished) (PP (IN into) (NP (DT the) (NN fog))))))) (. .)),complex,the boy said that the taxi vanished into the fog .,anak itu bilang bahwa taksi tersebut telah lenyap di dalam kabut .
1112,What kind of poison was it?,Jenis racun apa itu?,(SBARQ (WHNP (WHNP (WP What) (NN kind)) (PP (IN of) (NP (NN poison)))) (SQ (VBD was) (NP (PRP it))) (. ?)),simple,what kind of poison was it ?,jenis racun apa itu ?
2513,I don't want Tom to hear about this.,Aku tidak ingin Tom mendengar tentang hal ini.,(S (NP (PRP I)) (VP (VBP do) (RB n't) (VP (VB want) (S (NP (NNP Tom)) (VP (TO to) (VP (VB hear) (PP (IN about) (NP (DT this)))))))) (. .)),simple,i don t want tom to hear about this .,aku tidak ingin tom mendengar tentang hal ini .
1223,They died one after another.,Mereka mati satu per satu.,(S (NP (PRP They)) (VP (VBD died) (NP (NP (CD one)) (PP (IN after) (NP (DT another))))) (. .)),simple,they died one after another .,mereka mati satu per satu .
4157,No inequality should be allowed to exist between men and women.,Tidak boleh ada kesenjangan apapun antara laki-laki dan perempuan.,(S (NP (DT No) (NN inequality)) (VP (MD should) (VP (VB be) (VP (VBN allowed) (S (VP (TO to) (VP (VB exist) (PP (IN between) (NP (NNS men) (CC and) (NNS women))))))))) (. .)),simple,no inequality should be allowed to exist between men and women .,tidak boleh ada kesenjangan apapun antara laki laki dan perempuan .
2421,This bicycle belongs to my brother.,Sepeda ini milik adik laki-lakiku.,(S (NP (DT This) (NN bicycle)) (VP (VBZ belongs) (PP (IN to) (NP (PRP$ my) (NN brother)))) (. .)),simple,this bicycle belongs to my brother .,sepeda ini milik adik laki lakiku .
1508,I know lots of guitar players.,Aku tahu banyak pemain gitar.,(S (NP (PRP I)) (VP (VBP know) (NP (NP (NNS lots)) (PP (IN of) (NP (NN guitar) (NNS players))))) (. .)),simple,i know lots of guitar players .,aku tahu banyak pemain gitar .
1750,They have been here since 1989.,Mereka sudah ada di sini sejak 1989.,(S (NP (PRP They)) (VP (VBP have) (VP (VBN been) (ADVP (RB here)) (PP (IN since) (NP (CD 1989))))) (. .)),simple,they have been here since .,mereka sudah ada di sini sejak .
3026,I'll give you an answer in a day or two.,Aku akan jawab dalam satu atau dua hari.,(S (NP (PRP I)) (VP (MD 'll) (VP (VB give) (NP (PRP you)) (NP (DT an) (NN answer)) (PP (IN in) (NP (DT a) (NN day) (QP (CC or) (CD two)))))) (. .)),simple,i ll give you an answer in a day or two .,aku akan jawab dalam satu atau dua hari .
4048,I came to this country for the purpose of studying music.,Saya datang ke negeri ini untuk mempelajari tentang musik.,(S (NP (PRP I)) (VP (VBD came) (PP (IN to) (NP (DT this) (NN country))) (PP (IN for) (NP (NP (DT the) (NN purpose)) (PP (IN of) (S (VP (VBG studying) (NP (NN music)))))))) (. .)),simple,i came to this country for the purpose of studying music .,saya datang ke negeri ini untuk mempelajari tentang musik .
338,He explained it to me.,Dia menjelaskannya padaku.,(S (NP (PRP He)) (VP (VBD explained) (NP (PRP it)) (PP (IN to) (NP (PRP me)))) (. .)),simple,he explained it to me .,dia menjelaskannya padaku .
215,Let me look into it.,Biarkan aku melihat ke dalamnya.,(S (VP (VB Let) (S (NP (PRP me)) (VP (VB look) (PP (IN into) (NP (PRP it)))))) (. .)),simple,let me look into it .,biarkan aku melihat ke dalamnya .
1341,I have to go to the bathroom.,Saya harus pergi ke kamar mandi.,(S (NP (PRP I)) (VP (VBP have) (S (VP (TO to) (VP (VB go) (PP (IN to) (NP (DT the) (NN bathroom))))))) (. .)),simple,i have to go to the bathroom .,saya harus pergi ke kamar mandi .
3782,Mt. Everest is the tallest mountain in the world.,Gunung Everest adalah gunung paling tinggi di dunia.,(S (NP (NNP Mt.) (NNP Everest)) (VP (VBZ is) (NP (NP (DT the) (JJS tallest) (NN mountain)) (PP (IN in) (NP (DT the) (NN world))))) (. .)),simple,mt . everest is the tallest mountain in the world .,gunung everest adalah gunung paling tinggi di dunia .
1520,I work for a shipping company.,Aku bekerja di sebuah perusahaan pengapalan.,(S (NP (PRP I)) (VP (VBP work) (PP (IN for) (NP (DT a) (NN shipping) (NN company)))) (. .)),simple,i work for a shipping company .,aku bekerja di sebuah perusahaan pengapalan .
4296,"Everybody has a right to his own opinion. However, sometimes it's better not to tell anybody what that opinion is.","Setiap orang berhak atas pendapatnya sendiri. Namun, terkadang lebih baik tidak memberi tahu siapa pun tentang pendapat itu.",(S (NP (NN Everybody)) (VP (VBZ has) (NP (NP (DT a) (NN right)) (PP (IN to) (NP (PRP$ his) (JJ own) (NN opinion))))) (. .)),simple,everybody has a right to his own opinion . however sometimes it s better not to tell anybody what that opinion is .,setiap orang berhak atas pendapatnya sendiri . namun terkadang lebih baik tidak memberi tahu siapa pun tentang pendapat itu .
2800,"If you're tired, you should go to bed.","Kalau kamu lelah, lebih baik kamu istirahat sekarang.","(S (SBAR (IN If) (S (NP (PRP you)) (VP (VBP 're) (ADJP (JJ tired))))) (, ,) (NP (PRP you)) (VP (MD should) (VP (VB go) (PP (IN to) (NP (NN bed))))) (. .))",complex,if you re tired you should go to bed .,kalau kamu lelah lebih baik kamu istirahat sekarang .
4057,The company will advertise its new product on television.,Perusahaan itu mengiklankan produk barunya di televisi.,(S (NP (DT The) (NN company)) (VP (MD will) (VP (VB advertise) (NP (PRP$ its) (JJ new) (NN product)) (PP (IN on) (NP (NN television))))) (. .)),simple,the company will advertise its new product on television .,perusahaan itu mengiklankan produk barunya di televisi .
2322,Compass needles point to the north.,Jarum kompas menunjuk ke utara.,(S (NP (NN Compass) (NNS needles)) (VP (VBP point) (PP (IN to) (NP (DT the) (NN north)))) (. .)),simple,compass needles point to the north .,jarum kompas menunjuk ke utara .
2571,The road runs parallel to the river.,Jalan itu sejajar dengan sungai.,(S (NP (DT The) (NN road)) (VP (VBZ runs) (ADVP (RB parallel) (PP (IN to) (NP (DT the) (NN river))))) (. .)),simple,the road runs parallel to the river .,jalan itu sejajar dengan sungai .
101,I hate all of you.,Aku benci kalian semua.,(S (NP (PRP I)) (VP (VBP hate) (NP (NP (DT all)) (PP (IN of) (NP (PRP you))))) (. .)),simple,i hate all of you .,aku benci kalian semua .
3223,Admission to the museum is thirty dollars.,Tiket masuk ke museum harganya tiga puluh dollar.,(S (NP (NP (NN Admission)) (PP (IN to) (NP (DT the) (NN museum)))) (VP (VBZ is) (NP (CD thirty) (NNS dollars))) (. .)),simple,admission to the museum is thirty dollars .,tiket masuk ke museum harganya tiga puluh dollar .
171,Tom is on the dock.,Tom ada di dok.,(S (NP (NNP Tom)) (VP (VBZ is) (PP (IN on) (NP (DT the) (NN dock)))) (. .)),simple,tom is on the dock .,tom ada di dok .
107,I'm tired of this.,Aku lelah dengan hal ini.,(S (NP (PRP I)) (VP (VBP 'm) (ADJP (JJ tired) (PP (IN of) (NP (DT this))))) (. .)),simple,i m tired of this .,aku lelah dengan hal ini .
3159,People like talking about their children.,Orang-orang suka berbicara tentang anaknya.,(S (NP (NNS People)) (VP (VBP like) (S (VP (VBG talking) (PP (IN about) (NP (PRP$ their) (NNS children)))))) (. .)),simple,people like talking about their children .,orang orang suka berbicara tentang anaknya .
4291,"Even though I have studied English at school for the past six years, I'm still not good at speaking it.","Walaupun aku sudah belajar bahasa Inggris selama enam tahun di sekolah, aku masih belum bisa berbicara bahasa Inggris dengan baik.","(S (SBAR (ADVP (RB Even)) (IN though) (S (NP (PRP I)) (VP (VBP have) (VP (VBN studied) (NP (NNP English)) (PP (IN at) (NP (NN school))) (PP (IN for) (NP (DT the) (JJ past) (CD six) (NNS years))))))) (, ,) (NP (PRP I)) (VP (VBP 'm) (ADVP (RB still)) (RB not) (ADJP (JJ good) (PP (IN at) (S (VP (VBG speaking) (NP (PRP it))))))) (. .))",complex,even though i have studied english at school for the past six years i m still not good at speaking it .,walaupun aku sudah belajar bahasa inggris selama enam tahun di sekolah aku masih belum bisa berbicara bahasa inggris dengan baik .
3300,You can't imagine how hard it was for Tom.,Kamu tak akan bisa bayangkan beratnya hal tersebut bagi Tom.,(S (NP (PRP You)) (VP (MD ca) (RB n't) (VP (VB imagine) (SBAR (WHADJP (WRB how) (JJ hard)) (S (NP (PRP it)) (VP (VBD was) (PP (IN for) (NP (NNP Tom)))))))) (. .)),complex,you can t imagine how hard it was for tom .,kamu tak akan bisa bayangkan beratnya hal tersebut bagi tom .
3002,Can any of you suggest another solution?,Bisakah kamu memberikan solusi lain?,(SQ (MD Can) (NP (NP (DT any)) (PP (IN of) (NP (PRP you)))) (VP (VB suggest) (NP (DT another) (NN solution))) (. ?)),simple,can any of you suggest another solution ?,bisakah kamu memberikan solusi lain ?
2858,Tom wants another slice of watermelon.,Tom mau sepotong semangka lagi.,(S (NP (NNP Tom)) (VP (VBZ wants) (NP (NP (DT another) (NN slice)) (PP (IN of) (NP (NN watermelon))))) (. .)),simple,tom wants another slice of watermelon .,tom mau sepotong semangka lagi .
3129,I barely have enough money for groceries.,Aku nyaris tak punya uang untuk membeli makanan.,(S (NP (PRP I)) (ADVP (RB barely)) (VP (VBP have) (NP (NP (JJ enough) (NN money)) (PP (IN for) (NP (NNS groceries))))) (. .)),simple,i barely have enough money for groceries .,aku nyaris tak punya uang untuk membeli makanan .
3983,Tom and Mary both lived in Boston when they were kids.,Tom dan Mary sama-sama tinggal di Boston ketika mereka masih kecil.,(S (NP (NNP Tom) (CC and) (NNP Mary)) (DT both) (VP (VBD lived) (PP (IN in) (NP (NNP Boston))) (SBAR (WHADVP (WRB when)) (S (NP (PRP they)) (VP (VBD were) (NP (NNS kids)))))) (. .)),complex,tom and mary both lived in boston when they were kids .,tom dan mary sama sama tinggal di boston ketika mereka masih kecil .
3604,It is like looking for a needle in a haystack.,Ini bagai mencari jejak dalam air.,(S (NP (PRP It)) (VP (VBZ is) (PP (IN like) (S (VP (VBG looking) (PP (IN for) (NP (DT a) (NN needle))) (PP (IN in) (NP (DT a) (NN haystack))))))) (. .)),simple,it is like looking for a needle in a haystack .,ini bagai mencari jejak dalam air .
3502,A chain is no stronger than its weakest link.,Sebuah rantai tidak lebih kuat daripada mata rantai terlemahnya.,(S (NP (DT A) (NN chain)) (VP (VBZ is) (ADJP (ADJP (RB no) (JJR stronger)) (PP (IN than) (NP (PRP$ its) (JJS weakest) (NN link))))) (. .)),simple,a chain is no stronger than its weakest link .,sebuah rantai tidak lebih kuat daripada mata rantai terlemahnya .
3877,"To the best of my knowledge, the rumor is not true.","Sejauh yang saya tahu, desas-desus itu tidak benar.","(S (PP (IN To) (NP (NP (DT the) (JJS best)) (PP (IN of) (NP (PRP$ my) (NN knowledge))))) (, ,) (NP (DT the) (NN rumor)) (VP (VBZ is) (RB not) (ADJP (JJ true))) (. .))",simple,to the best of my knowledge the rumor is not true .,sejauh yang saya tahu desas desus itu tidak benar .
1040,I will do anything for you.,Aku akan melakukan apa saja untukmu.,(S (NP (PRP I)) (VP (MD will) (VP (VB do) (NP (NN anything)) (PP (IN for) (NP (PRP you))))) (. .)),simple,i will do anything for you .,aku akan melakukan apa saja untukmu .
3460,Thank you very much for your recommendation.,Terima kasih banyak atas saranmu.,(S (VP (VB Thank) (NP (PRP you)) (ADVP (RB very) (RB much)) (PP (IN for) (NP (PRP$ your) (NN recommendation)))) (. .)),simple,thank you very much for your recommendation .,terima kasih banyak atas saranmu .
2760,"Both of you are Canadians, aren't you?","Kalian berdua orang Kanada, kan?","(SQ (S (NP (NP (DT Both)) (PP (IN of) (NP (PRP you)))) (VP (VBP are) (NP (NNPS Canadians)))) (, ,) (VBP are) (RB n't) (NP (PRP you)) (. ?))",simple,both of you are canadians aren t you ?,kalian berdua orang kanada kan ?
2120,Tom still lives with his parents.,Tom masih tinggal bersama orang tuanya.,(S (NP (NNP Tom)) (ADVP (RB still)) (VP (VBZ lives) (PP (IN with) (NP (PRP$ his) (NNS parents)))) (. .)),simple,tom still lives with his parents .,tom masih tinggal bersama orang tuanya .
1524,I'm coming over to your place.,Aku mampir ke tempatmu.,(S (NP (PRP I)) (VP (VBP 'm) (VP (VBG coming) (RB over) (PP (IN to) (NP (PRP$ your) (NN place))))) (. .)),simple,i m coming over to your place .,aku mampir ke tempatmu .
3925,"Because there was traffic, I was late to the meeting.","Karena macet, aku terlambat datang ke rapat.","(S (SBAR (IN Because) (S (NP (EX there)) (VP (VBD was) (NP (NN traffic))))) (, ,) (NP (PRP I)) (VP (VBD was) (ADJP (JJ late) (PP (IN to) (NP (DT the) (NN meeting))))) (. .))",complex,because there was traffic i was late to the meeting .,karena macet aku terlambat datang ke rapat .
2248,The money on the desk is not mine.,Uang yang ada di atas meja bukan milikku.,(S (NP (NP (DT The) (NN money)) (PP (IN on) (NP (DT the) (NN desk)))) (VP (VBZ is) (RB not) (NP (PRP mine))) (. .)),simple,the money on the desk is not mine .,uang yang ada di atas meja bukan milikku .
481,It happens to everyone.,Itu terjadi pada semua orang.,(S (NP (PRP It)) (VP (VBZ happens) (PP (IN to) (NP (NN everyone)))) (. .)),simple,it happens to everyone .,itu terjadi pada semua orang .
3200,Tom got mugged on his way home from work.,Tom dirampok di jalan saat pulang kerja.,(S (NP (NNP Tom)) (VP (VBD got) (VP (VBN mugged) (PP (IN on) (NP (NP (NP (PRP$ his) (NN way)) (NN home)) (PP (IN from) (NP (NN work))))))) (. .)),simple,tom got mugged on his way home from work .,tom dirampok di jalan saat pulang kerja .
3638,What is the highest mountain in North America?,Apa gunung tertinggi di Amerika Utara?,(SBARQ (WHNP (WP What)) (SQ (VP (VBZ is) (NP (NP (DT the) (JJS highest) (NN mountain)) (PP (IN in) (NP (NNP North) (NNP America)))))) (. ?)),simple,what is the highest mountain in north america ?,apa gunung tertinggi di amerika utara ?
1762,Tom has a lot of acquaintances.,Tom memiliki banyak kenalan.,(S (NP (NNP Tom)) (VP (VBZ has) (NP (NP (DT a) (NN lot)) (PP (IN of) (NP (NNS acquaintances))))) (. .)),simple,tom has a lot of acquaintances .,tom memiliki banyak kenalan .
4266,"Because of some technical problem, a movie was shown in place of the announced program.","Karena ada kesalahan teknis, filmnya ditayangkan di tempat yang diumumkan.","(S (PP (IN Because) (IN of) (NP (DT some) (JJ technical) (NN problem))) (, ,) (NP (DT a) (NN movie)) (VP (VBD was) (VP (VBN shown) (PP (IN in) (NP (NP (NN place)) (PP (IN of) (NP (DT the) (VBN announced) (NN program))))))) (. .))",simple,because of some technical problem a movie was shown in place of the announced program .,karena ada kesalahan teknis filmnya ditayangkan di tempat yang diumumkan .
3825,Nikita Khrushchev was at the height of his powers.,Nikita Khrushchev ada di puncak kekuatannya.,(S (NP (NNP Nikita) (NNP Khrushchev)) (VP (VBD was) (PP (IN at) (NP (NP (DT the) (NN height)) (PP (IN of) (NP (PRP$ his) (NNS powers)))))) (. .)),simple,nikita khrushchev was at the height of his powers .,nikita khrushchev ada di puncak kekuatannya .
3112,Do you know any of the boys in this room?,Apa kamu mengenal salah satu dari anak-anak di ruangan ini?,(SQ (VBP Do) (NP (PRP you)) (VP (VB know) (NP (NP (DT any)) (PP (IN of) (NP (NP (DT the) (NNS boys)) (PP (IN in) (NP (DT this) (NN room))))))) (. ?)),simple,do you know any of the boys in this room ?,apa kamu mengenal salah satu dari anak anak di ruangan ini ?
3612,The Pacific is the largest ocean in the world.,Samudra Pasifik adalah samudra terbesar di dunia.,(S (NP (DT The) (NNP Pacific)) (VP (VBZ is) (NP (NP (DT the) (JJS largest) (NN ocean)) (PP (IN in) (NP (DT the) (NN world))))) (. .)),simple,the pacific is the largest ocean in the world .,samudra pasifik adalah samudra terbesar di dunia .
405,There's nothing on TV.,Tidak ada apa-apa di TV.,(S (NP (EX There)) (VP (VBZ 's) (NP (NN nothing)) (PP (IN on) (NP (NN TV)))) (. .)),simple,there s nothing on tv .,tidak ada apa apa di tv .
757,I've never been to Paris.,Aku belum pernah ke Paris.,(S (NP (PRP I)) (VP (VBP 've) (ADVP (RB never)) (VP (VBN been) (PP (IN to) (NP (NNP Paris))))) (. .)),simple,i ve never been to paris .,aku belum pernah ke paris .
2711,Thousands of people visited the city.,Ribuan orang mengunjungi kota itu.,(S (NP (NP (NNS Thousands)) (PP (IN of) (NP (NNS people)))) (VP (VBD visited) (NP (DT the) (NN city))) (. .)),simple,thousands of people visited the city .,ribuan orang mengunjungi kota itu .
2670,I would like to have a cup of coffee.,Aku ingin minum kopi.,(S (NP (PRP I)) (VP (MD would) (VP (VB like) (S (VP (TO to) (VP (VB have) (NP (NP (DT a) (NN cup)) (PP (IN of) (NP (NN coffee))))))))) (. .)),simple,i would like to have a cup of coffee .,aku ingin minum kopi .
2943,The deal fell apart at the last minute.,Kesepakatannya batal di menit terakhir.,(S (NP (DT The) (NN deal)) (VP (VBD fell) (ADVP (RB apart)) (PP (IN at) (NP (DT the) (JJ last) (NN minute)))) (. .)),simple,the deal fell apart at the last minute .,kesepakatannya batal di menit terakhir .
97,He sat next to me.,Dia duduk di sampingku.,(S (NP (PRP He)) (VP (VBD sat) (ADVP (RB next) (PP (IN to) (NP (PRP me))))) (. .)),simple,he sat next to me .,dia duduk di sampingku .
1333,I don't know much about cars.,Saya tidak tahu banyak tentang mobil.,(S (NP (PRP I)) (VP (VBP do) (RB n't) (VP (VB know) (NP (NP (JJ much)) (PP (IN about) (NP (NNS cars)))))) (. .)),simple,i don t know much about cars .,saya tidak tahu banyak tentang mobil .
4028,I heard her speaking English as fluently as an American.,Saya mendengarnya berbicara dengan bahasa Inggris dengan lancar seperti orang Amerika.,(S (NP (PRP I)) (VP (VBD heard) (S (NP (PRP her)) (VP (VBG speaking) (NP (NNP English)) (ADVP (ADVP (RB as) (RB fluently)) (PP (IN as) (NP (DT an) (NNP American))))))) (. .)),simple,i heard her speaking english as fluently as an american .,saya mendengarnya berbicara dengan bahasa inggris dengan lancar seperti orang amerika .
2791,I sometimes have a pain in my stomach.,Kadang-kadang perut saya sakit.,(S (NP (PRP I)) (ADVP (RB sometimes)) (VP (VBP have) (NP (DT a) (NN pain)) (PP (IN in) (NP (PRP$ my) (NN stomach)))) (. .)),simple,i sometimes have a pain in my stomach .,kadang kadang perut saya sakit .
186,Get out of here now!,Pergi dari sini sekarang!,(S (VP (VB Get) (PP (IN out) (PP (IN of) (NP (RB here)))) (ADVP (RB now))) (. !)),simple,get out of here now !,pergi dari sini sekarang !
3533,She went to the train station to see him off.,Dia pergi ke stasiun kereta untuk mengiringi keberangkatannya.,(S (NP (PRP She)) (VP (VBD went) (PP (IN to) (NP (DT the) (NN train) (NN station))) (S (VP (TO to) (VP (VB see) (NP (PRP him)) (PRT (RP off)))))) (. .)),simple,she went to the train station to see him off .,dia pergi ke stasiun kereta untuk mengiringi keberangkatannya .
3554,Tom married a girl much younger than himself.,Tom menikahi perempuan yang lebih muda dari dirinya.,(S (NP (NNP Tom)) (VP (VBD married) (NP (NP (DT a) (NN girl)) (ADJP (ADJP (RB much) (JJR younger)) (PP (IN than) (NP (PRP himself)))))) (. .)),simple,tom married a girl much younger than himself .,tom menikahi perempuan yang lebih muda dari dirinya .
2058,I've got to go to the men's room.,Aku harus pergi ke kamar kecil.,(S (NP (PRP I)) (VP (VBP 've) (VP (VBN got) (S (VP (TO to) (VP (VB go) (PP (IN to) (NP (NP (DT the) (NNS men) (POS 's)) (NN room)))))))) (. .)),simple,i ve got to go to the men s room .,aku harus pergi ke kamar kecil .
3164,She was nervous before the entrance exam.,Dia gugup sebelum ujian masuk.,(S (NP (PRP She)) (VP (VBD was) (ADJP (JJ nervous)) (PP (IN before) (NP (DT the) (NN entrance) (NN exam)))) (. .)),simple,she was nervous before the entrance exam .,dia gugup sebelum ujian masuk .
148,I did it like this.,Aku melakukannya seperti ini.,(S (NP (PRP I)) (VP (VBD did) (NP (PRP it)) (PP (IN like) (NP (DT this)))) (. .)),simple,i did it like this .,aku melakukannya seperti ini .
28,Give it to her.,Berikan padanya.,(S (VP (VB Give) (NP (PRP it)) (PP (IN to) (NP (PRP her)))) (. .)),simple,give it to her .,berikan padanya .
3074,Tom died three weeks after the accident.,Tom meninggal tiga minggu setelah kecelakaan itu.,(S (NP (NNP Tom)) (VP (VBD died) (PP (NP (CD three) (NNS weeks)) (IN after) (NP (DT the) (NN accident)))) (. .)),simple,tom died three weeks after the accident .,tom meninggal tiga minggu setelah kecelakaan itu .
3669,"In a way you're right, but I still have doubts.","Di satu sisi kamu memang benar, tapi aku masih ragu.","(S (S (PP (IN In) (NP (DT a) (NN way))) (NP (PRP you)) (VP (VBP 're) (ADJP (JJ right)))) (, ,) (CC but) (S (NP (PRP I)) (ADVP (RB still)) (VP (VBP have) (NP (NNS doubts)))) (. .))",compound,in a way you re right but i still have doubts .,di satu sisi kamu memang benar tapi aku masih ragu .
692,Are you buying into this?,Apa kau percaya akan hal ini?,(SQ (VBP Are) (NP (PRP you)) (VP (VBG buying) (PP (IN into) (NP (DT this)))) (. ?)),simple,are you buying into this ?,apa kau percaya akan hal ini ?
1386,Nobody came to Tom's funeral.,Tidak ada yang datang ke pemakaman Tom.,(S (NP (NN Nobody)) (VP (VBD came) (PP (IN to) (NP (NP (NNP Tom) (POS 's)) (NN funeral)))) (. .)),simple,nobody came to tom s funeral .,tidak ada yang datang ke pemakaman tom .
1845,I am busy cooking at the moment.,Saat ini saya sedang sibuk memasak.,(S (NP (PRP I)) (VP (VBP am) (ADJP (ADJP (JJ busy)) (S (VP (VBG cooking)))) (PP (IN at) (NP (DT the) (NN moment)))) (. .)),simple,i am busy cooking at the moment .,saat ini saya sedang sibuk memasak .
3079,Tom has been there for over three years.,Tom sudah berada di sana selama lebih dari tiga tahun.,(S (NP (NNP Tom)) (VP (VBZ has) (VP (VBN been) (ADVP (RB there)) (PP (IN for) (NP (QP (IN over) (CD three)) (NNS years))))) (. .)),simple,tom has been there for over three years .,tom sudah berada di sana selama lebih dari tiga tahun .
1599,Tom always talks about Boston.,Tom selalu berbicara tentang Boston.,(S (NP (NNP Tom)) (ADVP (RB always)) (VP (VBZ talks) (PP (IN about) (NP (NNP Boston)))) (. .)),simple,tom always talks about boston .,tom selalu berbicara tentang boston .
3780,Mt. Everest is the highest mountain in the world.,Gunung Everest adalah gunung paling tinggi di dunia.,(S (NP (NNP Mt.) (NNP Everest)) (VP (VBZ is) (NP (NP (DT the) (JJS highest) (NN mountain)) (PP (IN in) (NP (DT the) (NN world))))) (. .)),simple,mt . everest is the highest mountain in the world .,gunung everest adalah gunung paling tinggi di dunia .
701,Don't make fun of people.,Jangan mempermainkan orang lain.,(S (VP (VBP Do) (RB n't) (VP (VB make) (NP (NN fun)) (PP (IN of) (NP (NNS people))))) (. .)),simple,don t make fun of people .,jangan mempermainkan orang lain .
1708,Let's find something to sit on.,Mari kita mencari sesuatu untuk diduduki.,(S (VP (VB Let) (S (NP (PRP 's)) (VP (VB find) (NP (NP (NN something)) (SBAR (S (VP (TO to) (VP (VB sit) (PP (IN on)))))))))) (. .)),complex,let s find something to sit on .,mari kita mencari sesuatu untuk diduduki .
454,I don't agree with you.,Aku tidak setuju denganmu.,(S (NP (PRP I)) (VP (VBP do) (RB n't) (VP (VB agree) (PP (IN with) (NP (PRP you))))) (. .)),simple,i don t agree with you .,aku tidak setuju denganmu .
2040,I haven't read all of his novels.,Aku belum membaca semua novelnya.,(S (NP (PRP I)) (VP (VBP have) (RB n't) (VP (VBN read) (NP (NP (DT all)) (PP (IN of) (NP (PRP$ his) (NNS novels)))))) (. .)),simple,i haven t read all of his novels .,aku belum membaca semua novelnya .
3855,Mother-in-law jokes are funny because they're true.,Lelucon tentang ibu tiri itu lucu karena sesuai dengan kenyataan.,(S (NP (NML (NML (NN Mother)) (HYPH -) (PP (IN in) (HYPH -) (NP (NN law)))) (NNS jokes)) (VP (VBP are) (ADJP (JJ funny)) (SBAR (IN because) (S (NP (PRP they)) (VP (VBP 're) (ADJP (JJ true)))))) (. .)),complex,mother in law jokes are funny because they re true .,lelucon tentang ibu tiri itu lucu karena sesuai dengan kenyataan .
2315,You've got a great sense of humor.,Kau punya selera humor yang bagus.,(S (NP (PRP You)) (VP (VBP 've) (VP (VBN got) (NP (NP (DT a) (JJ great) (NN sense)) (PP (IN of) (NP (NN humor)))))) (. .)),simple,you ve got a great sense of humor .,kau punya selera humor yang bagus .
609,My house is by the lake.,Rumahku berada di tepi danau.,(S (NP (PRP$ My) (NN house)) (VP (VBZ is) (PP (IN by) (NP (DT the) (NN lake)))) (. .)),simple,my house is by the lake .,rumahku berada di tepi danau .
167,Thank you for this.,Terima kasih untuk ini.,(S (VP (VB Thank) (NP (PRP you)) (PP (IN for) (NP (DT this)))) (. .)),simple,thank you for this .,terima kasih untuk ini .
730,I felt sad for no reason.,Saya merasa sedih tanpa alasan.,(S (NP (PRP I)) (VP (VBD felt) (ADJP (JJ sad)) (PP (IN for) (NP (DT no) (NN reason)))) (. .)),simple,i felt sad for no reason .,saya merasa sedih tanpa alasan .
3237,Her hair grew back to its original length.,Rambutnya kembali panjang seperti sediakala.,(S (NP (PRP$ Her) (NN hair)) (VP (VBD grew) (ADVP (ADVP (RB back)) (PP (IN to) (NP (PRP$ its) (JJ original) (NN length))))) (. .)),simple,her hair grew back to its original length .,rambutnya kembali panjang seperti sediakala .
4046,"Excuse me, but could you tell me the way to the bus stop?","Permisi, bisa beritahu jalan ke halte bis?","(S (S (VP (VB Excuse) (NP (PRP me)))) (, ,) (CC but) (SQ (SQ (MD could) (NP (PRP you)) (VP (VB tell) (NP (PRP me)) (NP (NP (DT the) (NN way)) (PP (IN to) (NP (DT the) (NN bus) (NN stop)))))) (. ?)))",simple,excuse me but could you tell me the way to the bus stop ?,permisi bisa beritahu jalan ke halte bis ?
3903,I want you to tell me everything you know about Tom.,Saya ingin kamu memberitahu saya semua yang kamu tahu tentang Tom.,(S (NP (PRP I)) (VP (VBP want) (S (NP (PRP you)) (VP (TO to) (VP (VB tell) (NP (PRP me)) (NP (NP (NN everything)) (SBAR (S (NP (PRP you)) (VP (VBP know) (PP (IN about) (NP (NNP Tom))))))))))) (. .)),complex,i want you to tell me everything you know about tom .,saya ingin kamu memberitahu saya semua yang kamu tahu tentang tom .
1622,We'd better tell Tom about it.,Sebaiknya kita memberi tahu Tom tentang itu.,(S (NP (PRP We)) (VP (MD 'd) (ADVP (RB better)) (VP (VB tell) (NP (NNP Tom)) (PP (IN about) (NP (PRP it))))) (. .)),simple,we d better tell tom about it .,sebaiknya kita memberi tahu tom tentang itu .
587,I must go to the toilet.,Aku harus pergi ke toilet.,(S (NP (PRP I)) (VP (MD must) (VP (VB go) (PP (IN to) (NP (DT the) (NN toilet))))) (. .)),simple,i must go to the toilet .,aku harus pergi ke toilet .
1401,The king lives in the castle.,Raja tinggal di istana.,(S (NP (DT The) (NN king)) (VP (VBZ lives) (PP (IN in) (NP (DT the) (NN castle)))) (. .)),simple,the king lives in the castle .,raja tinggal di istana .
1700,I'll buy that bracelet for you.,Aku akan membeli gelang itu untukmu.,(S (NP (PRP I)) (VP (MD 'll) (VP (VB buy) (NP (DT that) (NN bracelet)) (PP (IN for) (NP (PRP you))))) (. .)),simple,i ll buy that bracelet for you .,aku akan membeli gelang itu untukmu .
3280,Tom fell down the stairs and hit his head.,Tom jatuh dari tangga dan kepalanya terbentur.,(S (NP (NNP Tom)) (VP (VP (VBD fell) (PP (IN down) (NP (DT the) (NNS stairs)))) (CC and) (VP (VBD hit) (NP (PRP$ his) (NN head)))) (. .)),simple,tom fell down the stairs and hit his head .,tom jatuh dari tangga dan kepalanya terbentur .
3802,Tom works as a security guard in a jewelry store.,Tom bekerja sebagai satpam di toko perhiasan.,(S (NP (NNP Tom)) (VP (VBZ works) (PP (IN as) (NP (DT a) (NN security) (NN guard))) (PP (IN in) (NP (DT a) (NN jewelry) (NN store)))) (. .)),simple,tom works as a security guard in a jewelry store .,tom bekerja sebagai satpam di toko perhiasan .
1379,Life is like a game of chess.,Hidup itu seperti permainan catur.,(S (NP (NN Life)) (VP (VBZ is) (PP (IN like) (NP (NP (DT a) (NN game)) (PP (IN of) (NP (NN chess)))))) (. .)),simple,life is like a game of chess .,hidup itu seperti permainan catur .
2089,The water in this river is clean.,Air di sungai ini bersih.,(S (NP (NP (DT The) (NN water)) (PP (IN in) (NP (DT this) (NN river)))) (VP (VBZ is) (ADJP (JJ clean))) (. .)),simple,the water in this river is clean .,air di sungai ini bersih .
2175,He said good night to his parents.,Dia mengucapkan selamat malam pada orang tuanya.,(S (NP (PRP He)) (VP (VBD said) (NP (JJ good) (NN night)) (PP (IN to) (NP (PRP$ his) (NNS parents)))) (. .)),simple,he said good night to his parents .,dia mengucapkan selamat malam pada orang tuanya .
3240,How many times has it happened since then?,Berapa kali itu telah terjadi sejak saat itu?,(SBARQ (WHNP (WHADJP (WRB How) (JJ many)) (NNS times)) (SQ (VBZ has) (NP (PRP it)) (VP (VBN happened) (PP (IN since) (ADVP (RB then))))) (. ?)),simple,how many times has it happened since then ?,berapa kali itu telah terjadi sejak saat itu ?
3673,Rice is usually eaten with chopsticks in Japan.,Nasi biasa dimakan dengan sumpit di Jepang.,(S (NP (NN Rice)) (VP (VBZ is) (ADVP (RB usually)) (VP (VBN eaten) (PP (IN with) (NP (NNS chopsticks))) (PP (IN in) (NP (NNP Japan))))) (. .)),simple,rice is usually eaten with chopsticks in japan .,nasi biasa dimakan dengan sumpit di jepang .
2657,I don't see anything wrong with this.,Saya tidak melihat ada yang salah dengan yang ini.,(S (NP (PRP I)) (VP (VBP do) (RB n't) (VP (VB see) (NP (NP (NN anything)) (ADJP (JJ wrong) (PP (IN with) (NP (DT this))))))) (. .)),simple,i don t see anything wrong with this .,saya tidak melihat ada yang salah dengan yang ini .
3655,He said the words came straight from his heart.,Dia bilang perkataan itu keluar langsung dari hatinya.,(S (NP (PRP He)) (VP (VBD said) (SBAR (S (NP (DT the) (NNS words)) (VP (VBD came) (PP (ADVP (RB straight)) (IN from) (NP (PRP$ his) (NN heart))))))) (. .)),complex,he said the words came straight from his heart .,dia bilang perkataan itu keluar langsung dari hatinya .
441,Charity begins at home.,"Laki pulang kelaparan, dagang lalu ditanakkan.",(S (NP (NN Charity)) (VP (VBZ begins) (PP (IN at) (NP (NN home)))) (. .)),simple,charity begins at home .,laki pulang kelaparan dagang lalu ditanakkan .
2991,We used to ride horses with no saddles.,Kami dulu mengendarai kuda tanpa pelana.,(S (NP (PRP We)) (VP (VBD used) (S (VP (TO to) (VP (VB ride) (NP (NP (NNS horses)) (PP (IN with) (NP (DT no) (NNS saddles)))))))) (. .)),simple,we used to ride horses with no saddles .,kami dulu mengendarai kuda tanpa pelana .
2051,I'll introduce you to my parents.,Aku akan memperkenalkanmu kepada orang tuaku.,(S (NP (PRP I)) (VP (MD 'll) (VP (VB introduce) (NP (PRP you)) (PP (IN to) (NP (PRP$ my) (NNS parents))))) (. .)),simple,i ll introduce you to my parents .,aku akan memperkenalkanmu kepada orang tuaku .
2541,Is this some kind of practical joke?,Apa ini lelucon?,(SQ (VBZ Is) (NP (DT this)) (NP (NP (DT some) (NN kind)) (PP (IN of) (NP (JJ practical) (NN joke)))) (. ?)),simple,is this some kind of practical joke ?,apa ini lelucon ?
1301,Do your homework by yourself.,Kerjakan pekerjaan rumahmu sendiri.,(S (VP (VB Do) (NP (PRP$ your) (NN homework)) (PP (IN by) (NP (PRP yourself)))) (. .)),simple,do your homework by yourself .,kerjakan pekerjaan rumahmu sendiri .
3823,Let's approach the problem from a different angle.,Mari meninjau masalah ini dari sisi yang berbeda.,(S (VP (VB Let) (S (NP (PRP 's)) (VP (VB approach) (NP (DT the) (NN problem)) (PP (IN from) (NP (DT a) (JJ different) (NN angle)))))) (. .)),simple,let s approach the problem from a different angle .,mari meninjau masalah ini dari sisi yang berbeda .
1304,Don't expect too much of him.,Jangan berharap terlalu banyak padanya.,(S (VP (VBP Do) (RB n't) (VP (VB expect) (NP (NP (ADJP (RB too) (JJ much))) (PP (IN of) (NP (PRP him)))))) (. .)),simple,don t expect too much of him .,jangan berharap terlalu banyak padanya .
236,We met in Australia.,Kami bertemu di Australia.,(S (NP (PRP We)) (VP (VBD met) (PP (IN in) (NP (NNP Australia)))) (. .)),simple,we met in australia .,kami bertemu di australia .
2599,Tom is talking to Mary on the phone.,Tom sedang berbicara dengan Mary di telepon.,(S (NP (NNP Tom)) (VP (VBZ is) (VP (VBG talking) (PP (IN to) (NP (NNP Mary))) (PP (IN on) (NP (DT the) (NN phone))))) (. .)),simple,tom is talking to mary on the phone .,tom sedang berbicara dengan mary di telepon .
520,Tom is looking for you.,Tom sedang mencarimu.,(S (NP (NNP Tom)) (VP (VBZ is) (VP (VBG looking) (PP (IN for) (NP (PRP you))))) (. .)),simple,tom is looking for you .,tom sedang mencarimu .
2573,There are always a lot of questions.,Selalu ada banyak pertanyaan.,(S (NP (EX There)) (VP (VBP are) (ADVP (RB always)) (NP (NP (DT a) (NN lot)) (PP (IN of) (NP (NNS questions))))) (. .)),simple,there are always a lot of questions .,selalu ada banyak pertanyaan .
2768,Have you ever seen anything like this?,Pernahkah kamu melihat sesuatu seperti ini?,(SQ (VBP Have) (NP (PRP you)) (ADVP (RB ever)) (VP (VBN seen) (NP (NP (NN anything)) (PP (IN like) (NP (DT this))))) (. ?)),simple,have you ever seen anything like this ?,pernahkah kamu melihat sesuatu seperti ini ?
735,I hope he'll wait for me.,Aku harap dia akan menungguku.,(S (NP (PRP I)) (VP (VBP hope) (SBAR (S (NP (PRP he)) (VP (MD 'll) (VP (VB wait) (PP (IN for) (NP (PRP me)))))))) (. .)),complex,i hope he ll wait for me .,aku harap dia akan menungguku .
3997,Is there something in particular that you want to hear?,Apakah ada sesuatu hal yang ingin kau ketahui?,(SQ (VBZ Is) (NP (EX there)) (NP (NP (NP (NN something)) (PP (IN in) (ADJP (JJ particular)))) (SBAR (WHNP (WDT that)) (S (NP (PRP you)) (VP (VBP want) (S (VP (TO to) (VP (VB hear)))))))) (. ?)),complex,is there something in particular that you want to hear ?,apakah ada sesuatu hal yang ingin kau ketahui ?
2106,Tom hasn't arrived in Boston yet.,Tom masih belum tiba di Boston.,(S (NP (NNP Tom)) (VP (VBZ has) (RB n't) (VP (VBN arrived) (PP (IN in) (NP (NNP Boston))) (ADVP (RB yet)))) (. .)),simple,tom hasn t arrived in boston yet .,tom masih belum tiba di boston .
2679,My guitar is a lot better than yours.,Gitarku jauh lebih baik daripada punyamu.,(S (NP (PRP$ My) (NN guitar)) (VP (VBZ is) (ADJP (ADJP (NP (DT a) (NN lot)) (JJR better)) (PP (IN than) (NP (PRP yours))))) (. .)),simple,my guitar is a lot better than yours .,gitarku jauh lebih baik daripada punyamu .
2761,Can I use your car for a little while?,Bisakah saya meminjam mobil Anda sebentar?,(SQ (MD Can) (NP (PRP I)) (VP (VB use) (NP (PRP$ your) (NN car)) (PP (IN for) (NP (DT a) (JJ little) (NN while)))) (. ?)),simple,can i use your car for a little while ?,bisakah saya meminjam mobil anda sebentar ?
592,I slept for eight hours.,Aku tidur selama delapan jam.,(S (NP (PRP I)) (VP (VBD slept) (PP (IN for) (NP (CD eight) (NNS hours)))) (. .)),simple,i slept for eight hours .,aku tidur selama delapan jam .
1303,Don't expect too much of him.,Jangan terlalu berharap padanya.,(S (VP (VBP Do) (RB n't) (VP (VB expect) (NP (NP (ADJP (RB too) (JJ much))) (PP (IN of) (NP (PRP him)))))) (. .)),simple,don t expect too much of him .,jangan terlalu berharap padanya .
1387,Please go on with your story.,Tolong lanjutkan ceritamu.,(S (RB Please) (VP (VB go) (PRT (RP on)) (PP (IN with) (NP (PRP$ your) (NN story)))) (. .)),simple,please go on with your story .,tolong lanjutkan ceritamu .
2922,I was thinking about Tom earlier today.,Aku memikirkan tentang Tom beberapa saat yang lalu.,(S (NP (PRP I)) (VP (VBD was) (VP (VBG thinking) (PP (IN about) (NP (NNP Tom))) (NP (ADVP (RBR earlier)) (NN today)))) (. .)),simple,i was thinking about tom earlier today .,aku memikirkan tentang tom beberapa saat yang lalu .
3336,I saw you driving by my house this morning.,Aku melihatmu berkendara melewati rumahku pagi ini.,(S (NP (PRP I)) (VP (VBD saw) (S (NP (PRP you)) (VP (VBG driving) (PP (IN by) (NP (PRP$ my) (NN house))) (NP (DT this) (NN morning))))) (. .)),simple,i saw you driving by my house this morning .,aku melihatmu berkendara melewati rumahku pagi ini .
4230,"As a result of a traffic jam, he wasn't able to see her off at the station.","Akibat dari kemacetan lalu lintas, dia tidak dapat melihat keberangkatannya di stasiun.","(S (PP (IN As) (NP (NP (DT a) (NN result)) (PP (IN of) (NP (DT a) (NN traffic) (NN jam))))) (, ,) (NP (PRP he)) (VP (VBD was) (RB n't) (ADJP (JJ able) (S (VP (TO to) (VP (VB see) (NP (PRP her)) (ADVP (RP off)) (PP (IN at) (NP (DT the) (NN station)))))))) (. .))",simple,as a result of a traffic jam he wasn t able to see her off at the station .,akibat dari kemacetan lalu lintas dia tidak dapat melihat keberangkatannya di stasiun .
904,It seems overpriced to me.,Sepertinya itu terlalu mahal bagiku.,(S (NP (PRP It)) (VP (VBZ seems) (S (ADJP (VBN overpriced))) (PP (IN to) (NP (PRP me)))) (. .)),simple,it seems overpriced to me .,sepertinya itu terlalu mahal bagiku .
3828,The baby was in a deep sleep in his mother's arms.,Bayi itu tidur sangat lelap di pelukan ibunya.,(S (NP (DT The) (NN baby)) (VP (VBD was) (PP (IN in) (NP (NP (DT a) (JJ deep) (NN sleep)) (PP (IN in) (NP (NP (PRP$ his) (NN mother) (POS 's)) (NNS arms)))))) (. .)),simple,the baby was in a deep sleep in his mother s arms .,bayi itu tidur sangat lelap di pelukan ibunya .
1279,Why are you in your pajamas?,Kenapa kamu mengenakan piyama?,(SBARQ (WHADVP (WRB Why)) (SQ (VBP are) (NP (PRP you)) (PP (IN in) (NP (PRP$ your) (NNS pajamas)))) (. ?)),simple,why are you in your pajamas ?,kenapa kamu mengenakan piyama ?
3600,"In Japan, the new school year starts in April.","Di Jepang, tahun ajaran baru dimulai pada bulan April.","(S (PP (IN In) (NP (NNP Japan))) (, ,) (NP (DT the) (JJ new) (NN school) (NN year)) (VP (VBZ starts) (PP (IN in) (NP (NNP April)))) (. .))",simple,in japan the new school year starts in april .,di jepang tahun ajaran baru dimulai pada bulan april .
4211,"Having missed the train, I had to wait about an hour for the next one.","Karena aku tertinggal kereta, aku harus menunggu kereta selanjutnya selama sekitar satu jam.","(S (S (VP (VBG Having) (VP (VBN missed) (NP (DT the) (NN train))))) (, ,) (NP (PRP I)) (VP (VBD had) (S (VP (TO to) (VP (VB wait) (NP (RB about) (DT an) (NN hour)) (PP (IN for) (NP (DT the) (JJ next) (CD one))))))) (. .))",simple,having missed the train i had to wait about an hour for the next one .,karena aku tertinggal kereta aku harus menunggu kereta selanjutnya selama sekitar satu jam .
2308,"When in Rome, do as the Romans do.","Masuk kandang kambing mengembik, masuk kandang kerbau menguak.","(S (SBAR (WHADVP (WRB When)) (PP (IN in) (NP (NNP Rome)))) (, ,) (VP (VB do) (SBAR (IN as) (S (NP (DT the) (NNPS Romans)) (VP (VBP do))))) (. .))",complex,when in rome do as the romans do .,masuk kandang kambing mengembik masuk kandang kerbau menguak .
4161,"After inventory, there was a net balance of three hundred pesos.","Setelah dilakukan inventarisasi, terdapat saldo bersih sebesar tiga ratus peso.","(S (PP (IN After) (NP (NN inventory))) (, ,) (NP (EX there)) (VP (VBD was) (NP (NP (DT a) (JJ net) (NN balance)) (PP (IN of) (NP (QP (CD three) (CD hundred)) (NNS pesos))))) (. .))",simple,after inventory there was a net balance of three hundred pesos .,setelah dilakukan inventarisasi terdapat saldo bersih sebesar tiga ratus peso .
3699,What's made you decide to work for our company?,Apa yang membuat Anda memutuskan untuk bekerja di perusahaan kami?,(SBARQ (WHNP (WP What)) (SQ (VBZ 's) (VP (VBN made) (S (NP (PRP you)) (VP (VB decide) (S (VP (TO to) (VP (VB work) (PP (IN for) (NP (PRP$ our) (NN company)))))))))) (. ?)),simple,what s made you decide to work for our company ?,apa yang membuat anda memutuskan untuk bekerja di perusahaan kami ?
3569,Can you see the big white building over there?,Bisakah kamu melihat gedung putih besar di sana?,(SQ (MD Can) (NP (PRP you)) (VP (VB see) (NP (NP (DT the) (JJ big) (JJ white) (NN building)) (PP (IN over) (RB there)))) (. ?)),simple,can you see the big white building over there ?,bisakah kamu melihat gedung putih besar di sana ?
706,Flour is made from wheat.,Tepung terbuat dari gandum.,(S (NP (NN Flour)) (VP (VBZ is) (VP (VBN made) (PP (IN from) (NP (NN wheat))))) (. .)),simple,flour is made from wheat .,tepung terbuat dari gandum .
3979,"In my city, there is no school for learning Esperanto.",Di kota saya tidak ada sekolah untuk belajar bahasa Esperanto.,"(S (PP (IN In) (NP (PRP$ my) (NN city))) (, ,) (NP (EX there)) (VP (VBZ is) (NP (NP (DT no) (NN school)) (PP (IN for) (S (VP (VBG learning) (NP (NNP Esperanto))))))) (. .))",simple,in my city there is no school for learning esperanto .,di kota saya tidak ada sekolah untuk belajar bahasa esperanto .
745,I was caught in a shower.,Aku terjebak di tengah hujan.,(S (NP (PRP I)) (VP (VBD was) (VP (VBN caught) (PP (IN in) (NP (DT a) (NN shower))))) (. .)),simple,i was caught in a shower .,aku terjebak di tengah hujan .
1939,Tom hid himself under the table.,Tom menyembunyikan dirinya di bawah meja.,(S (NP (NNP Tom)) (VP (VBD hid) (NP (PRP himself)) (PP (IN under) (NP (DT the) (NN table)))) (. .)),simple,tom hid himself under the table .,tom menyembunyikan dirinya di bawah meja .
3487,Tom went to Boston the day before yesterday.,Tom pergi ke Boston kemarin dulu.,(S (NP (NNP Tom)) (VP (VBD went) (PP (IN to) (NP (NNP Boston))) (NP (NP (DT the) (NN day)) (PP (IN before) (NP (NN yesterday))))) (. .)),simple,tom went to boston the day before yesterday .,tom pergi ke boston kemarin dulu .
2862,"Tom, Mary and John are in the kitchen.","Tom, Mary, dan John sedang berada di dapur.","(S (NP (NNP Tom) (, ,) (NNP Mary) (CC and) (NNP John)) (VP (VBP are) (PP (IN in) (NP (DT the) (NN kitchen)))) (. .))",simple,tom mary and john are in the kitchen .,tom mary dan john sedang berada di dapur .
2951,There is no point in giving him advice.,Tidak ada gunanya memberinya nasihat.,(S (NP (EX There)) (VP (VBZ is) (NP (NP (DT no) (NN point)) (PP (IN in) (S (VP (VBG giving) (NP (PRP him)) (NP (NN advice))))))) (. .)),simple,there is no point in giving him advice .,tidak ada gunanya memberinya nasihat .
513,Tom hid behind his car.,Tom bersembunyi di balik mobilnya.,(S (NP (NNP Tom)) (VP (VBD hid) (PP (IN behind) (NP (PRP$ his) (NN car)))) (. .)),simple,tom hid behind his car .,tom bersembunyi di balik mobilnya .
81,Look at that cat.,Lihat kucing itu!,(S (VP (VB Look) (PP (IN at) (NP (DT that) (NN cat)))) (. .)),simple,look at that cat .,lihat kucing itu !
4277,"When I entered the coffee shop, two young men were watching a wrestling match on television.","Saat aku masuk ke dalam kedai kopi itu, ada dua orang pemuda yang sedang menonton pertandingan gulat di TV.","(S (SBAR (WHADVP (WRB When)) (S (NP (PRP I)) (VP (VBD entered) (NP (DT the) (NN coffee) (NN shop))))) (, ,) (NP (CD two) (JJ young) (NNS men)) (VP (VBD were) (VP (VBG watching) (NP (DT a) (NN wrestling) (NN match)) (PP (IN on) (NP (NN television))))) (. .))",complex,when i entered the coffee shop two young men were watching a wrestling match on television .,saat aku masuk ke dalam kedai kopi itu ada dua orang pemuda yang sedang menonton pertandingan gulat di tv .
1308,Everyone but Tom was invited.,"Semua orang diundang, kecuali Tom.",(S (NP (NP (NN Everyone)) (PP (IN but) (NP (NNP Tom)))) (VP (VBD was) (VP (VBN invited))) (. .)),simple,everyone but tom was invited .,semua orang diundang kecuali tom .
4167,Tom blew his top when he heard that Mary had gone out with John.,Tom menjadi emosi ketika ia mendengar kalau Mary pergi keluar dengan John.,(S (NP (NNP Tom)) (VP (VBD blew) (NP (PRP$ his) (NN top)) (SBAR (WHADVP (WRB when)) (S (NP (PRP he)) (VP (VBD heard) (SBAR (IN that) (S (NP (NNP Mary)) (VP (VBD had) (VP (VBN gone) (ADVP (RP out)) (PP (IN with) (NP (NNP John))))))))))) (. .)),complex,tom blew his top when he heard that mary had gone out with john .,tom menjadi emosi ketika ia mendengar kalau mary pergi keluar dengan john .
914,No one is waiting for you.,Tidak ada yang menunggumu.,(S (NP (DT No) (NN one)) (VP (VBZ is) (VP (VBG waiting) (PP (IN for) (NP (PRP you))))) (. .)),simple,no one is waiting for you .,tidak ada yang menunggumu .
4128,She was in the hospital for six weeks because of her illness.,Dia berada di rumah sakit selama enam minggu karena sakitnya,(S (NP (PRP She)) (VP (VBD was) (PP (IN in) (NP (DT the) (NN hospital))) (PP (IN for) (NP (CD six) (NNS weeks))) (PP (IN because) (IN of) (NP (PRP$ her) (NN illness)))) (. .)),simple,she was in the hospital for six weeks because of her illness .,dia berada di rumah sakit selama enam minggu karena sakitnya
2198,I lived in Boston until last year.,Aku tinggal di Boston sampai tahun lalu.,(S (NP (PRP I)) (VP (VBD lived) (PP (IN in) (NP (NNP Boston))) (PP (IN until) (NP (JJ last) (NN year)))) (. .)),simple,i lived in boston until last year .,aku tinggal di boston sampai tahun lalu .
774,The train was due at six.,Keretanya dijadwalkan untuk tiba pada pukul enam.,(S (NP (DT The) (NN train)) (VP (VBD was) (ADJP (JJ due) (PP (IN at) (NP (CD six))))) (. .)),simple,the train was due at six .,keretanya dijadwalkan untuk tiba pada pukul enam .
329,Both of them survived.,Keduanya selamat.,(S (NP (NP (DT Both)) (PP (IN of) (NP (PRP them)))) (VP (VBD survived)) (. .)),simple,both of them survived .,keduanya selamat .
2054,I'm quitting my job as a teacher.,Saya berhenti dari pekerjaan saya sebagai seorang guru.,(S (NP (PRP I)) (VP (VBP 'm) (VP (VBG quitting) (NP (NP (PRP$ my) (NN job)) (PP (IN as) (NP (DT a) (NN teacher)))))) (. .)),simple,i m quitting my job as a teacher .,saya berhenti dari pekerjaan saya sebagai seorang guru .
2001,"At first, Tom was a bit confused.",Awalnya Tom sedikit kebingungan.,"(S (PP (IN At) (ADVP (RB first))) (, ,) (NP (NNP Tom)) (VP (VBD was) (ADJP (NP (DT a) (NN bit)) (JJ confused))) (. .))",simple,at first tom was a bit confused .,awalnya tom sedikit kebingungan .
943,Tom is sitting on a chair.,Tom sedang duduk diatas sebuah kursi.,(S (NP (NNP Tom)) (VP (VBZ is) (VP (VBG sitting) (PP (IN on) (NP (DT a) (NN chair))))) (. .)),simple,tom is sitting on a chair .,tom sedang duduk diatas sebuah kursi .
822,What are you looking for?,Apa yang sedang kamu cari?,(SBARQ (WHNP (WP What)) (SQ (VBP are) (NP (PRP you)) (VP (VBG looking) (PP (IN for)))) (. ?)),simple,what are you looking for ?,apa yang sedang kamu cari ?
3870,The tallest mountain in the world is Mount Everest.,Gunung tertinggi di dunia adalah Gunung Everest.,(S (NP (NP (DT The) (JJS tallest) (NN mountain)) (PP (IN in) (NP (DT the) (NN world)))) (VP (VBZ is) (NP (NNP Mount) (NNP Everest))) (. .)),simple,the tallest mountain in the world is mount everest .,gunung tertinggi di dunia adalah gunung everest .
909,Let's meet at the station.,Mari bertemu di stasiun.,(S (VP (VB Let) (S (NP (PRP 's)) (VP (VB meet) (PP (IN at) (NP (DT the) (NN station)))))) (. .)),simple,let s meet at the station .,mari bertemu di stasiun .
2516,I have a car that was made in Japan.,Aku punya mobil yang dibuat di Jepang.,(S (NP (PRP I)) (VP (VBP have) (NP (NP (DT a) (NN car)) (SBAR (WHNP (WDT that)) (S (VP (VBD was) (VP (VBN made) (PP (IN in) (NP (NNP Japan))))))))) (. .)),complex,i have a car that was made in japan .,aku punya mobil yang dibuat di jepang .
181,We're out of sugar.,Kita kehabisan gula.,(S (NP (PRP We)) (VP (VBP 're) (PP (IN out) (PP (IN of) (NP (NN sugar))))) (. .)),simple,we re out of sugar .,kita kehabisan gula .
164,May I speak to Tom?,Bisakah saya berbicara dengan Tom?,(SQ (MD May) (NP (PRP I)) (VP (VB speak) (PP (IN to) (NP (NNP Tom)))) (. ?)),simple,may i speak to tom ?,bisakah saya berbicara dengan tom ?
1523,I'm about the same age as you.,Aku hampir seusia denganmu.,(S (NP (PRP I)) (VP (VBP 'm) (NP (NP (IN about) (DT the) (JJ same) (NN age)) (PP (IN as) (NP (PRP you))))) (. .)),simple,i m about the same age as you .,aku hampir seusia denganmu .
451,I can't do all of this.,Saya tidak bisa melakukan semua ini.,(S (NP (PRP I)) (VP (MD ca) (RB n't) (VP (VB do) (NP (NP (DT all)) (PP (IN of) (NP (DT this)))))) (. .)),simple,i can t do all of this .,saya tidak bisa melakukan semua ini .
2538,I've been waiting for you for hours.,Aku sudah menunggumu selama sejam.,(S (NP (PRP I)) (VP (VBP 've) (VP (VBN been) (VP (VBG waiting) (PP (IN for) (NP (PRP you))) (PP (IN for) (NP (NNS hours)))))) (. .)),simple,i ve been waiting for you for hours .,aku sudah menunggumu selama sejam .
3038,My French teacher is the same age as me.,Guru bahasa Prancisku usianya sama denganku.,(S (NP (PRP$ My) (JJ French) (NN teacher)) (VP (VBZ is) (NP (NP (DT the) (JJ same) (NN age)) (PP (IN as) (NP (PRP me))))) (. .)),simple,my french teacher is the same age as me .,guru bahasa prancisku usianya sama denganku .
1311,Have you ever been to Europe?,Apakah kamu pernah ke Eropa?,(SQ (VBP Have) (NP (PRP you)) (ADVP (RB ever)) (VP (VBN been) (PP (IN to) (NP (NNP Europe)))) (. ?)),simple,have you ever been to europe ?,apakah kamu pernah ke eropa ?
1111,What are you worried about?,Apa yang sedang kamu khawatirkan?,(SBARQ (WHNP (WP What)) (SQ (VBP are) (NP (PRP you)) (ADJP (VBN worried) (PP (IN about)))) (. ?)),simple,what are you worried about ?,apa yang sedang kamu khawatirkan ?
3740,The student hall is for benefit of the students.,Aula siswa dibuat demi kepentingan para siswa.,(S (NP (DT The) (NN student) (NN hall)) (VP (VBZ is) (PP (IN for) (NP (NP (NN benefit)) (PP (IN of) (NP (DT the) (NNS students)))))) (. .)),simple,the student hall is for benefit of the students .,aula siswa dibuat demi kepentingan para siswa .
1287,Your wife is in your office.,Istri Anda ada di kantor Anda.,(S (NP (PRP$ Your) (NN wife)) (VP (VBZ is) (PP (IN in) (NP (PRP$ your) (NN office)))) (. .)),simple,your wife is in your office .,istri anda ada di kantor anda .
4175,Tom said he was planning on visiting an old girlfriend in Boston.,Tom bilang ia berencana untuk mengunjungi mantan kekasihnya di Boston.,(S (NP (NNP Tom)) (VP (VBD said) (SBAR (S (NP (PRP he)) (VP (VBD was) (VP (VBG planning) (PP (IN on) (S (VP (VBG visiting) (NP (DT an) (JJ old) (NN girlfriend)) (PP (IN in) (NP (NNP Boston))))))))))) (. .)),complex,tom said he was planning on visiting an old girlfriend in boston .,tom bilang ia berencana untuk mengunjungi mantan kekasihnya di boston .
3752,Tom was in no particular hurry to get back home.,Tom tidak terburu-buru untuk pulang ke rumah.,(S (NP (NNP Tom)) (VP (VBD was) (PP (IN in) (NP (DT no) (JJ particular) (NN hurry) (S (VP (TO to) (VP (VB get) (ADVP (RB back) (RB home)))))))) (. .)),simple,tom was in no particular hurry to get back home .,tom tidak terburu buru untuk pulang ke rumah .
327,Are you in a bad mood?,Apa suasana hatimu sedang buruk?,(SQ (VBP Are) (NP (PRP you)) (PP (IN in) (NP (DT a) (JJ bad) (NN mood))) (. ?)),simple,are you in a bad mood ?,apa suasana hatimu sedang buruk ?
1790,We must start at the beginning.,Kita harus mulai dari awal.,(S (NP (PRP We)) (VP (MD must) (VP (VB start) (PP (IN at) (NP (DT the) (NN beginning))))) (. .)),simple,we must start at the beginning .,kita harus mulai dari awal .
2490,English is tougher for me than math.,Bahasa Inggris lebih sulit bagiku daripada matematika.,(S (NP (NNP English)) (VP (VBZ is) (ADJP (JJR tougher) (PP (IN for) (NP (PRP me))) (PP (IN than) (NP (NN math))))) (. .)),simple,english is tougher for me than math .,bahasa inggris lebih sulit bagiku daripada matematika .
4001,She came to Japan for the purpose of studying Japanese.,Dia datang ke Jepang untuk belajar bahasa Jepang.,(S (NP (PRP She)) (VP (VBD came) (PP (IN to) (NP (NNP Japan))) (PP (IN for) (NP (NP (DT the) (NN purpose)) (PP (IN of) (S (VP (VBG studying) (NP (NNP Japanese)))))))) (. .)),simple,she came to japan for the purpose of studying japanese .,dia datang ke jepang untuk belajar bahasa jepang .
2007,Close your eyes and count to ten.,"Tutup matamu, dan hitung sampai sepuluh.",(S (VP (VP (VB Close) (NP (PRP$ your) (NNS eyes))) (CC and) (VP (VB count) (PP (IN to) (NP (CD ten))))) (. .)),simple,close your eyes and count to ten .,tutup matamu dan hitung sampai sepuluh .
1858,I know that you worry about Tom.,Aku tahu kamu khawatir pada Tom.,(S (NP (PRP I)) (VP (VBP know) (SBAR (IN that) (S (NP (PRP you)) (VP (VBP worry) (PP (IN about) (NP (NNP Tom))))))) (. .)),complex,i know that you worry about tom .,aku tahu kamu khawatir pada tom .
3969,"Generally speaking, Americans are very fond of coffee.","Umumnya, orang Amerika sangat suka kopi.","(S (ADVP (ADVP (RB Generally)) (VBG speaking)) (, ,) (NP (NNPS Americans)) (VP (VBP are) (ADJP (RB very) (JJ fond) (PP (IN of) (NP (NN coffee))))) (. .))",simple,generally speaking americans are very fond of coffee .,umumnya orang amerika sangat suka kopi .
312,We met along the way.,Kami bertemu di tengah perjalanan.,(S (NP (PRP We)) (VP (VBD met) (PP (IN along) (NP (DT the) (NN way)))) (. .)),simple,we met along the way .,kami bertemu di tengah perjalanan .
832,You shouldn't be in here.,Kamu seharusnya tidak berada di sini.,(S (NP (PRP You)) (VP (MD should) (RB n't) (VP (VB be) (PP (IN in) (ADVP (RB here))))) (. .)),simple,you shouldn t be in here .,kamu seharusnya tidak berada di sini .
1201,Please don't make fun of me.,Tolong jangan permainkan saya.,(S (ADVP (RB Please)) (VP (VBP do) (RB n't) (VP (VB make) (NP (NN fun)) (PP (IN of) (NP (PRP me))))) (. .)),simple,please don t make fun of me .,tolong jangan permainkan saya .
3880,Tom decided to upload the video he took to YouTube.,Tom memutuskan untuk mengunggah video yang diambilnya ke YouTube.,(S (NP (NNP Tom)) (VP (VBD decided) (S (VP (TO to) (VP (VB upload) (NP (NP (DT the) (NN video)) (SBAR (S (NP (PRP he)) (VP (VBD took))))) (PP (IN to) (NP (NNP YouTube))))))) (. .)),complex,tom decided to upload the video he took to youtube .,tom memutuskan untuk mengunggah video yang diambilnya ke youtube .
3960,Tom planted a small peach tree in front of his house.,Tom menanam pohon persik kecil di depan rumahnya.,(S (NP (NNP Tom)) (VP (VBD planted) (NP (DT a) (JJ small) (NN peach) (NN tree)) (PP (IN in) (NP (NP (NN front)) (PP (IN of) (NP (PRP$ his) (NN house)))))) (. .)),simple,tom planted a small peach tree in front of his house .,tom menanam pohon persik kecil di depan rumahnya .
2134,We still have a lot of food left.,Persediaan makanan masih banyak.,(S (NP (PRP We)) (ADVP (RB still)) (VP (VBP have) (NP (NP (NP (DT a) (NN lot)) (PP (IN of) (NP (NN food)))) (VP (VBN left)))) (. .)),simple,we still have a lot of food left .,persediaan makanan masih banyak .
2209,I'm tired of this monotonous life.,Aku lelah dengan hidup yang monoton ini.,(S (NP (PRP I)) (VP (VBP 'm) (ADJP (JJ tired) (PP (IN of) (NP (DT this) (JJ monotonous) (NN life))))) (. .)),simple,i m tired of this monotonous life .,aku lelah dengan hidup yang monoton ini .
3579,I can talk about anything with my best friend.,Aku bisa bercerita tentang banyak hal dengan sahabatku.,(S (NP (PRP I)) (VP (MD can) (VP (VB talk) (PP (IN about) (NP (NN anything))) (PP (IN with) (NP (PRP$ my) (JJS best) (NN friend))))) (. .)),simple,i can talk about anything with my best friend .,aku bisa bercerita tentang banyak hal dengan sahabatku .
1481,He is a teacher at our school.,Dia guru di sekolah kami.,(S (NP (PRP He)) (VP (VBZ is) (NP (NP (DT a) (NN teacher)) (PP (IN at) (NP (PRP$ our) (NN school))))) (. .)),simple,he is a teacher at our school .,dia guru di sekolah kami .
777,These books belong to me.,Buku-buku ini milik saya.,(S (NP (DT These) (NNS books)) (VP (VBP belong) (PP (IN to) (NP (PRP me)))) (. .)),simple,these books belong to me .,buku buku ini milik saya .
799,Tom seemed to be in love.,Tom sepertinya sedang kasmaran.,(S (NP (NNP Tom)) (VP (VBD seemed) (S (VP (TO to) (VP (VB be) (PP (IN in) (NP (NN love))))))) (. .)),simple,tom seemed to be in love .,tom sepertinya sedang kasmaran .
54,Tom lied to you.,Tom berbohong padamu.,(S (NP (NNP Tom)) (VP (VBD lied) (PP (IN to) (NP (PRP you)))) (. .)),simple,tom lied to you .,tom berbohong padamu .
1920,There's no accounting for taste.,"Rambut sama hitam, hati masing-masing.",(S (NP (EX There)) (VP (VBZ 's) (NP (NP (DT no) (NN accounting)) (PP (IN for) (NP (NN taste))))) (. .)),simple,there s no accounting for taste .,rambut sama hitam hati masing masing .
3892,Do you know those ladies who just got off the train?,Kamu kenal perempuan-perempuan yang baru saja turun kereta?,(SQ (VBP Do) (NP (PRP you)) (VP (VB know) (NP (NP (DT those) (NNS ladies)) (SBAR (WHNP (WP who)) (S (ADVP (RB just)) (VP (VBD got) (PP (IN off) (NP (DT the) (NN train)))))))) (. ?)),complex,do you know those ladies who just got off the train ?,kamu kenal perempuan perempuan yang baru saja turun kereta ?
3231,Have you reported the theft to the police?,Kamu sudah laporkan pencuriannya ke polisi?,(SQ (VBP Have) (NP (PRP you)) (VP (VBN reported) (NP (DT the) (NN theft)) (PP (IN to) (NP (DT the) (NN police)))) (. ?)),simple,have you reported the theft to the police ?,kamu sudah laporkan pencuriannya ke polisi ?
1701,I'll take that as a compliment.,Aku anggap itu sebagai pujian.,(S (NP (PRP I)) (VP (MD 'll) (VP (VB take) (NP (DT that)) (PP (IN as) (NP (DT a) (NN compliment))))) (. .)),simple,i ll take that as a compliment .,aku anggap itu sebagai pujian .
2161,Dogs aren't allowed in this hotel.,Anjing dilarang di hotel ini.,(S (NP (NNS Dogs)) (VP (VBP are) (RB n't) (VP (VBN allowed) (PP (IN in) (NP (DT this) (NN hotel))))) (. .)),simple,dogs aren t allowed in this hotel .,anjing dilarang di hotel ini .
1136,Do you ever think about Tom?,Pernahkah kamu memikirkan tentang Tom?,(SQ (VBP Do) (NP (PRP you)) (ADVP (RB ever)) (VP (VB think) (PP (IN about) (NP (NNP Tom)))) (. ?)),simple,do you ever think about tom ?,pernahkah kamu memikirkan tentang tom ?
987,Could you stay out of this?,Bisakah kau tidak ikut campur dalam urusan ini?,(SQ (MD Could) (NP (PRP you)) (VP (VB stay) (PP (IN out) (PP (IN of) (NP (DT this))))) (. ?)),simple,could you stay out of this ?,bisakah kau tidak ikut campur dalam urusan ini ?
3543,This happened prior to receiving your letter.,Kejadian ini terjadi sebelum aku menerima suratmu.,(S (NP (DT This)) (VP (VBD happened) (PP (JJ prior) (PP (IN to) (S (VP (VBG receiving) (NP (PRP$ your) (NN letter))))))) (. .)),simple,this happened prior to receiving your letter .,kejadian ini terjadi sebelum aku menerima suratmu .
3228,Don't beat your head against a stone wall.,Jangan benturkan kepalamu ke tembok batu.,(S (VP (VBP Do) (RB n't) (VP (VB beat) (NP (PRP$ your) (NN head)) (PP (IN against) (NP (DT a) (NN stone) (NN wall))))) (. .)),simple,don t beat your head against a stone wall .,jangan benturkan kepalamu ke tembok batu .
1394,"Sorry, I can't stay for long.","Maaf, saya tidak bisa tinggal lebih lama.","(S (INTJ (UH Sorry)) (, ,) (NP (PRP I)) (VP (MD ca) (RB n't) (VP (VB stay) (PP (IN for) (ADVP (RB long))))) (. .))",simple,sorry i can t stay for long .,maaf saya tidak bisa tinggal lebih lama .
2637,Did you and Tom ever talk about that?,Apakah kamu dan Tom pernah membicarakan hal itu?,(SQ (VBD Did) (NP (PRP you) (CC and) (NNP Tom)) (ADVP (RB ever)) (VP (VB talk) (PP (IN about) (NP (DT that)))) (. ?)),simple,did you and tom ever talk about that ?,apakah kamu dan tom pernah membicarakan hal itu ?
768,Sugar dissolves in water.,Gula larut dalam air.,(S (NP (NN Sugar)) (VP (VBZ dissolves) (PP (IN in) (NP (NN water)))) (. .)),simple,sugar dissolves in water .,gula larut dalam air .
3996,I'm supposed to meet Tom in Boston next Monday at 2:30.,Saya seharusnya bertemu Tom di Boston Senin depan pada 2:30.,(S (NP (PRP I)) (VP (VBP 'm) (VP (VBN supposed) (S (VP (TO to) (VP (VB meet) (NP (NNP Tom)) (PP (IN in) (NP (NNP Boston))) (NP (JJ next) (NNP Monday)) (PP (IN at) (NP (CD 2:30)))))))) (. .)),simple,i m supposed to meet tom in boston next monday at .,saya seharusnya bertemu tom di boston senin depan pada .
285,Look at that big dog.,Lihatlah anjing besar itu.,(S (VP (VB Look) (PP (IN at) (NP (DT that) (JJ big) (NN dog)))) (. .)),simple,look at that big dog .,lihatlah anjing besar itu .
3971,I can't play it from memory. Please give me the music.,Aku tidak bisa memainkannya melalui ingatan. Tolong mainkan musiknya.,(S (NP (PRP I)) (VP (MD ca) (RB n't) (VP (VB play) (NP (PRP it)) (PP (IN from) (NP (NN memory))))) (. .)),simple,i can t play it from memory . please give me the music .,aku tidak bisa memainkannya melalui ingatan . tolong mainkan musiknya .
428,What is Tom afraid of?,Apa yang Tom takutkan?,(SBARQ (WHNP (WP What)) (SQ (VBZ is) (NP (NNP Tom)) (ADJP (JJ afraid) (PP (IN of)))) (. ?)),simple,what is tom afraid of ?,apa yang tom takutkan ?
2332,Have you already shown this to Tom?,Sudahkah kamu menunjukkan ini kepada Tom?,(SQ (VBP Have) (NP (PRP you)) (ADVP (RB already)) (VP (VBN shown) (NP (DT this)) (PP (IN to) (NP (NNP Tom)))) (. ?)),simple,have you already shown this to tom ?,sudahkah kamu menunjukkan ini kepada tom ?
2717,Tom had no intention of helping Mary.,Tom tidak berniat menolong Mary.,(S (NP (NNP Tom)) (VP (VBD had) (NP (NP (DT no) (NN intention)) (PP (IN of) (S (VP (VBG helping) (NP (NNP Mary))))))) (. .)),simple,tom had no intention of helping mary .,tom tidak berniat menolong mary .
2079,She likes to cook for her family.,Dia suka memasak untuk keluarganya.,(S (NP (PRP She)) (VP (VBZ likes) (S (VP (TO to) (VP (VB cook) (PP (IN for) (NP (PRP$ her) (NN family))))))) (. .)),simple,she likes to cook for her family .,dia suka memasak untuk keluarganya .
722,I can't live without her.,Aku tidak bisa hidup tanpanya.,(S (NP (PRP I)) (VP (MD ca) (RB n't) (VP (VB live) (PP (IN without) (NP (PRP her))))) (. .)),simple,i can t live without her .,aku tidak bisa hidup tanpanya .
951,Tom wants to meet with me.,Tom ingin bertemu denganku.,(S (NP (NNP Tom)) (VP (VBZ wants) (S (VP (TO to) (VP (VB meet) (PP (IN with) (NP (PRP me))))))) (. .)),simple,tom wants to meet with me .,tom ingin bertemu denganku .
3423,"From now on, let's eat lunch in the kitchen.","Mulai sekarang, mari kita makan siang di dapur.","(S (PP (PP (IN From) (ADVP (RB now))) (ADVP (RB on))) (, ,) (VP (VB let) (S (NP (PRP 's)) (VP (VB eat) (NP (NN lunch)) (PP (IN in) (NP (DT the) (NN kitchen)))))) (. .))",simple,from now on let s eat lunch in the kitchen .,mulai sekarang mari kita makan siang di dapur .
2262,This house is full of spider webs.,Rumah ini penuh dengan sarang laba-laba.,(S (NP (DT This) (NN house)) (VP (VBZ is) (ADJP (JJ full) (PP (IN of) (NP (NN spider) (NNS webs))))) (. .)),simple,this house is full of spider webs .,rumah ini penuh dengan sarang laba laba .
989,Do you believe in miracles?,Apakah Anda percaya keajaiban?,(SQ (VBP Do) (NP (PRP you)) (VP (VB believe) (PP (IN in) (NP (NNS miracles)))) (. ?)),simple,do you believe in miracles ?,apakah anda percaya keajaiban ?
1759,Tom doesn't feel like studying.,Tom merasa seperti sedang tidak belajar.,(S (NP (NNP Tom)) (VP (VBZ does) (RB n't) (VP (VB feel) (PP (IN like) (S (VP (VBG studying)))))) (. .)),simple,tom doesn t feel like studying .,tom merasa seperti sedang tidak belajar .
3039,My mother is now in the kitchen cooking.,Ibuku sekarang sedang memasak di dapur.,(S (NP (PRP$ My) (NN mother)) (VP (VBZ is) (ADVP (RB now)) (PP (IN in) (NP (DT the) (NN kitchen))) (VP (NN cooking))) (. .)),simple,my mother is now in the kitchen cooking .,ibuku sekarang sedang memasak di dapur .
326,Add water to the soup.,Tambahkan air ke dalam sup.,(S (VP (VB Add) (NP (NN water)) (PP (IN to) (NP (DT the) (NN soup)))) (. .)),simple,add water to the soup .,tambahkan air ke dalam sup .
2608,Tom sat on the couch and watched TV.,Tom duduk di sofa dan menonton TV.,(S (NP (NNP Tom)) (VP (VP (VBD sat) (PP (IN on) (NP (DT the) (NN couch)))) (CC and) (VP (VBD watched) (NP (NN TV)))) (. .)),simple,tom sat on the couch and watched tv .,tom duduk di sofa dan menonton tv .
1383,My father works in a factory.,Ayah saya bekerja di sebuah pabrik.,(S (NP (PRP$ My) (NN father)) (VP (VBZ works) (PP (IN in) (NP (DT a) (NN factory)))) (. .)),simple,my father works in a factory .,ayah saya bekerja di sebuah pabrik .
1724,She whispered something to him.,Ia membisikkan sesuatu padanya.,(S (NP (PRP She)) (VP (VBD whispered) (NP (NN something)) (PP (IN to) (NP (PRP him)))) (. .)),simple,she whispered something to him .,ia membisikkan sesuatu padanya .
1086,Tom goes to school on foot.,Tom ke sekolah dengan berjalan kaki.,(S (NP (NNP Tom)) (VP (VBZ goes) (PP (IN to) (NP (NN school))) (PP (IN on) (NP (NN foot)))) (. .)),simple,tom goes to school on foot .,tom ke sekolah dengan berjalan kaki .
3618,The last time I went to Boston was in October.,Saya terakhir pergi ke Boston di Oktober.,(S (NP (NP (DT The) (JJ last) (NN time)) (SBAR (S (NP (PRP I)) (VP (VBD went) (PP (IN to) (NP (NNP Boston))))))) (VP (VBD was) (PP (IN in) (NP (NNP October)))) (. .)),complex,the last time i went to boston was in october .,saya terakhir pergi ke boston di oktober .
341,He has an eye for art.,Dia punya selera seni yang tinggi.,(S (NP (PRP He)) (VP (VBZ has) (NP (NP (DT an) (NN eye)) (PP (IN for) (NP (NN art))))) (. .)),simple,he has an eye for art .,dia punya selera seni yang tinggi .
147,I come from Brazil.,Saya datang dari Brasil.,(S (NP (PRP I)) (VP (VBP come) (PP (IN from) (NP (NNP Brazil)))) (. .)),simple,i come from brazil .,saya datang dari brasil .
3499,You're the most beautiful girl in the world.,Kamulah gadis tercantik yang ada di dunia.,(S (NP (PRP You)) (VP (VBP 're) (NP (NP (DT the) (ADJP (RBS most) (JJ beautiful)) (NN girl)) (PP (IN in) (NP (DT the) (NN world))))) (. .)),simple,you re the most beautiful girl in the world .,kamulah gadis tercantik yang ada di dunia .
1107,We're going to the theater.,Kami akan pergi ke teater.,(S (NP (PRP We)) (VP (VBP 're) (VP (VBG going) (PP (IN to) (NP (DT the) (NN theater))))) (. .)),simple,we re going to the theater .,kami akan pergi ke teater .
848,He doesn't know any of us.,Dia tidak mengenal satupun dari kami.,(S (NP (PRP He)) (VP (VBZ does) (RB n't) (VP (VB know) (NP (NP (DT any)) (PP (IN of) (NP (PRP us)))))) (. .)),simple,he doesn t know any of us .,dia tidak mengenal satupun dari kami .
966,What kind of shop is this?,Toko apa ini?,(SBARQ (WHNP (WHNP (WP What) (NN kind)) (PP (IN of) (NP (NN shop)))) (SQ (VBZ is) (NP (DT this))) (. ?)),simple,what kind of shop is this ?,toko apa ini ?
3695,We should learn to be disciplined in our lives.,Kita harus belajar untuk tertib dalam hidup kita.,(S (NP (PRP We)) (VP (MD should) (VP (VB learn) (S (VP (TO to) (VP (VB be) (VP (VBN disciplined) (PP (IN in) (NP (PRP$ our) (NNS lives))))))))) (. .)),simple,we should learn to be disciplined in our lives .,kita harus belajar untuk tertib dalam hidup kita .
2203,I want to go back to being a baby.,Aku ingin kembali menjadi bayi.,(S (NP (PRP I)) (VP (VBP want) (S (VP (TO to) (VP (VB go) (ADVP (RB back)) (PP (IN to) (S (VP (VBG being) (NP (DT a) (NN baby))))))))) (. .)),simple,i want to go back to being a baby .,aku ingin kembali menjadi bayi .
3518,I know that things haven't been easy for you.,Saya mengerti bahwa hal itu tidak mudah bagi anda.,(S (NP (PRP I)) (VP (VBP know) (SBAR (IN that) (S (NP (NNS things)) (VP (VBP have) (RB n't) (VP (VBN been) (ADJP (JJ easy)) (PP (IN for) (NP (PRP you)))))))) (. .)),complex,i know that things haven t been easy for you .,saya mengerti bahwa hal itu tidak mudah bagi anda .
661,We'll fight to the last.,Kita akan berjuang sampai akhir.,(S (NP (PRP We)) (VP (MD 'll) (VP (VB fight) (PP (IN to) (NP (DT the) (JJ last))))) (. .)),simple,we ll fight to the last .,kita akan berjuang sampai akhir .
1002,He's always late for class.,Dia selalu telat ke kelas.,(S (NP (PRP He)) (VP (VBZ 's) (ADVP (RB always)) (ADJP (JJ late) (PP (IN for) (NP (NN class))))) (. .)),simple,he s always late for class .,dia selalu telat ke kelas .
3503,A nephew is a son of one's brother or sister.,Keponakan adalah anak dari saudara seseorang.,(S (NP (DT A) (NN nephew)) (VP (VBZ is) (NP (NP (DT a) (NN son)) (PP (IN of) (NP (NP (NN one) (POS 's)) (NN brother) (CC or) (NN sister))))) (. .)),simple,a nephew is a son of one s brother or sister .,keponakan adalah anak dari saudara seseorang .
3784,My grandmother is still vigorous at 82 years old.,Nenekku masih semangat/kuta di usianya yang 82 tahun.,(S (NP (PRP$ My) (NN grandmother)) (VP (VBZ is) (ADVP (RB still)) (ADJP (JJ vigorous)) (PP (IN at) (ADJP (NP (CD 82) (NNS years)) (JJ old)))) (. .)),simple,my grandmother is still vigorous at years old .,nenekku masih semangat kuta di usianya yang tahun .
3507,"At last, I graduated from junior high school.",Akhirnya saya lulus SMP.,"(S (ADVP (IN At) (RB last)) (, ,) (NP (PRP I)) (VP (VBD graduated) (PP (IN from) (NP (JJ junior) (JJ high) (NN school)))) (. .))",simple,at last i graduated from junior high school .,akhirnya saya lulus smp .
4000,My father told me about his experiences during the war.,Ayah menceritakan padaku pengalaman-pengalamannya selama masa perang.,(S (NP (PRP$ My) (NN father)) (VP (VBD told) (NP (PRP me)) (PP (IN about) (NP (NP (PRP$ his) (NNS experiences)) (PP (IN during) (NP (DT the) (NN war)))))) (. .)),simple,my father told me about his experiences during the war .,ayah menceritakan padaku pengalaman pengalamannya selama masa perang .
1879,I'm not proud of what I've done.,Aku tidak bangga dengan apa yang telah kulakukan.,(S (NP (PRP I)) (VP (VBP 'm) (RB not) (ADJP (JJ proud) (PP (IN of) (SBAR (WHNP (WP what)) (S (NP (PRP I)) (VP (VBP 've) (VP (VBN done)))))))) (. .)),complex,i m not proud of what i ve done .,aku tidak bangga dengan apa yang telah kulakukan .
4172,There are more cars on the road in the summer than in the winter.,Ada lebih banyak mobil di jalan saat musim panas dari pada di musim dingin.,(S (NP (EX There)) (VP (VBP are) (NP (JJR more) (NNS cars)) (PP (IN on) (NP (DT the) (NN road))) (PP (IN in) (NP (DT the) (NN summer))) (PP (IN than) (PP (IN in) (NP (DT the) (NN winter))))) (. .)),simple,there are more cars on the road in the summer than in the winter .,ada lebih banyak mobil di jalan saat musim panas dari pada di musim dingin .
1203,Say goodbye to your friends.,Pamitlah pada teman-temanmu.,(S (VP (VB Say) (NP (UH goodbye)) (PP (IN to) (NP (PRP$ your) (NNS friends)))) (. .)),simple,say goodbye to your friends .,pamitlah pada teman temanmu .
1990,You must return the book to him.,Kamu harus mengembalikan buku itu padanya.,(S (NP (PRP You)) (VP (MD must) (VP (VB return) (NP (DT the) (NN book)) (PP (IN to) (NP (PRP him))))) (. .)),simple,you must return the book to him .,kamu harus mengembalikan buku itu padanya .
24,Get out of bed!,Bangun dari tempat tidur!,(S (VP (VB Get) (PP (IN out) (PP (IN of) (NP (NN bed))))) (. !)),simple,get out of bed !,bangun dari tempat tidur !
4170,I think it's time for me to spend a little time with my children.,Kurasa sudah waktunya bagiku menyisihkan sedikit waktu untuk bersama dengan anak-anakku.,(S (NP (PRP I)) (VP (VBP think) (SBAR (S (NP (PRP it)) (VP (VBZ 's) (NP (NP (NN time)) (SBAR (IN for) (S (NP (PRP me)) (VP (TO to) (VP (VB spend) (NP (DT a) (JJ little) (NN time)) (PP (IN with) (NP (PRP$ my) (NNS children)))))))))))) (. .)),complex,i think it s time for me to spend a little time with my children .,kurasa sudah waktunya bagiku menyisihkan sedikit waktu untuk bersama dengan anak anakku .
3034,Is there a washing machine in her house?,Apa ada mesin cuci di dalam rumahnya?,(SQ (VBZ Is) (NP (EX there)) (NP (DT a) (NN washing) (NN machine)) (PP (IN in) (NP (PRP$ her) (NN house))) (. ?)),simple,is there a washing machine in her house ?,apa ada mesin cuci di dalam rumahnya ?
3845,I am meeting my mother at the station at 4 o'clock.,Saya akan menemui ibu saya di stasiun pada pukul 4 tepat.,(S (NP (PRP I)) (VP (VBP am) (VP (VBG meeting) (NP (PRP$ my) (NN mother)) (PP (IN at) (NP (DT the) (NN station))) (PP (IN at) (NP (CD 4) (NN o'clock))))) (. .)),simple,i am meeting my mother at the station at o clock .,saya akan menemui ibu saya di stasiun pada pukul tepat .
4168,Tom doesn't know the difference between a fable and a fairytale.,Tom tidak tahu perbedaan fabel dan dongeng.,(S (NP (NNP Tom)) (VP (VBZ does) (RB n't) (VP (VB know) (NP (NP (DT the) (NN difference)) (PP (IN between) (NP (NP (DT a) (NN fable)) (CC and) (NP (DT a) (NN fairytale))))))) (. .)),simple,tom doesn t know the difference between a fable and a fairytale .,tom tidak tahu perbedaan fabel dan dongeng .
875,I prefer poetry to novels.,Aku lebih suka puisi daripada novel.,(S (NP (PRP I)) (VP (VBP prefer) (NP (NN poetry)) (PP (IN to) (NP (NNS novels)))) (. .)),simple,i prefer poetry to novels .,aku lebih suka puisi daripada novel .
4060,Tom is the only one on this island that can speak French.,Tom satu-satunya yang bisa berbahasa Prancis di pulau ini.,(S (NP (NNP Tom)) (VP (VBZ is) (NP (NP (NP (DT the) (JJ only) (CD one)) (PP (IN on) (NP (DT this) (NN island)))) (SBAR (WHNP (WDT that)) (S (VP (MD can) (VP (VB speak) (NP (NNP French)))))))) (. .)),complex,tom is the only one on this island that can speak french .,tom satu satunya yang bisa berbahasa prancis di pulau ini .
938,Tom invited me to a party.,Tom mengundangku ke sebuah pesta.,(S (NP (NNP Tom)) (VP (VBD invited) (NP (PRP me)) (PP (IN to) (NP (DT a) (NN party)))) (. .)),simple,tom invited me to a party .,tom mengundangku ke sebuah pesta .
2687,"Seen from a distance, she's a beauty.",Dari jauh dia cantik.,"(S (S (VP (VBN Seen) (PP (IN from) (NP (DT a) (NN distance))))) (, ,) (NP (PRP she)) (VP (VBZ 's) (NP (DT a) (NN beauty))) (. .))",simple,seen from a distance she s a beauty .,dari jauh dia cantik .
2394,Perseverance is the key to success.,Ketekunan adalah kunci kesuksesan.,(S (NP (NN Perseverance)) (VP (VBZ is) (NP (NP (DT the) (NN key)) (PP (IN to) (NP (NN success))))) (. .)),simple,perseverance is the key to success .,ketekunan adalah kunci kesuksesan .
3767,I know that you were looking for me this morning.,Aku tahu kamu mencariku pagi tadi.,(S (NP (PRP I)) (VP (VBP know) (SBAR (IN that) (S (NP (PRP you)) (VP (VBD were) (VP (VBG looking) (PP (IN for) (NP (PRP me))) (NP (DT this) (NN morning))))))) (. .)),complex,i know that you were looking for me this morning .,aku tahu kamu mencariku pagi tadi .
4281,I heard that they discovered the footprints of an abominable snowman in the Himalayan mountains.,Kudengar mereka telah menemukan jejak kaki manusia salju yang mengerikan di Pegunungan Himalaya.,(S (NP (PRP I)) (VP (VBD heard) (SBAR (IN that) (S (NP (PRP they)) (VP (VBD discovered) (NP (NP (DT the) (NNS footprints)) (PP (IN of) (NP (DT an) (JJ abominable) (NN snowman))) (PP (IN in) (NP (DT the) (JJ Himalayan) (NNS mountains)))))))) (. .)),complex,i heard that they discovered the footprints of an abominable snowman in the himalayan mountains .,kudengar mereka telah menemukan jejak kaki manusia salju yang mengerikan di pegunungan himalaya .
385,It's of no importance.,Itu tidak penting.,(S (NP (PRP It)) (VP (VBZ 's) (PP (IN of) (NP (DT no) (NN importance)))) (. .)),simple,it s of no importance .,itu tidak penting .
3434,I know you were looking for me this morning.,Saya tahu Anda mencari saya pagi ini.,(S (NP (PRP I)) (VP (VBP know) (SBAR (S (NP (PRP you)) (VP (VBD were) (VP (VBG looking) (PP (IN for) (NP (PRP me))) (NP (DT this) (NN morning))))))) (. .)),complex,i know you were looking for me this morning .,saya tahu anda mencari saya pagi ini .
3937,Let's find a solution that is acceptable to everyone.,Mari cari solusi yang bisa diterima semua orang.,(S (VP (VB Let) (S (NP (PRP 's)) (VP (VB find) (NP (NP (DT a) (NN solution)) (SBAR (WHNP (WDT that)) (S (VP (VBZ is) (ADJP (JJ acceptable) (PP (IN to) (NP (NN everyone))))))))))) (. .)),complex,let s find a solution that is acceptable to everyone .,mari cari solusi yang bisa diterima semua orang .
3293,Tom was asked not to speak at the meeting.,Tom diminta tidak berbicara dalam rapat.,(S (NP (NNP Tom)) (VP (VBD was) (VP (VBN asked) (S (RB not) (VP (TO to) (VP (VB speak) (PP (IN at) (NP (DT the) (NN meeting)))))))) (. .)),simple,tom was asked not to speak at the meeting .,tom diminta tidak berbicara dalam rapat .
2291,Tom wants to play chess with Mary.,Tom ingin bermain catur dengan Mary.,(S (NP (NNP Tom)) (VP (VBZ wants) (S (VP (TO to) (VP (VB play) (NP (NN chess)) (PP (IN with) (NP (NNP Mary))))))) (. .)),simple,tom wants to play chess with mary .,tom ingin bermain catur dengan mary .
3135,I don't like to wear shoes without socks.,Aku tidak suka memakai sepatu tanpa kaus kaki.,(S (NP (PRP I)) (VP (VBP do) (RB n't) (VP (VB like) (S (VP (TO to) (VP (VB wear) (NP (NNS shoes)) (PP (IN without) (NP (NNS socks)))))))) (. .)),simple,i don t like to wear shoes without socks .,aku tidak suka memakai sepatu tanpa kaus kaki .
936,Tom had a fight with Mary.,Tom bertengkar dengan Mary.,(S (NP (NNP Tom)) (VP (VBD had) (NP (NP (DT a) (NN fight)) (PP (IN with) (NP (NNP Mary))))) (. .)),simple,tom had a fight with mary .,tom bertengkar dengan mary .
4225,"If Tom hadn't helped Mary, she wouldn't have stood a chance of surviving.","Jika Tom tidak menolong Mary tadi, mungkin dia tidak akan selamat.","(S (SBAR (IN If) (S (NP (NNP Tom)) (VP (VBD had) (RB n't) (VP (VBN helped) (NP (NNP Mary)))))) (, ,) (NP (PRP she)) (VP (MD would) (RB n't) (VP (VB have) (VP (VBN stood) (NP (NP (DT a) (NN chance)) (PP (IN of) (S (VP (VBG surviving)))))))) (. .))",complex,if tom hadn t helped mary she wouldn t have stood a chance of surviving .,jika tom tidak menolong mary tadi mungkin dia tidak akan selamat .
2360,I know what that piece of paper is.,Aku tahu kertas apa itu.,(S (NP (PRP I)) (VP (VBP know) (SBAR (WHNP (WP what)) (S (NP (NP (DT that) (NN piece)) (PP (IN of) (NP (NN paper)))) (VP (VBZ is))))) (. .)),complex,i know what that piece of paper is .,aku tahu kertas apa itu .
201,I'll do it for free.,Aku akan melakukannya secara gratis.,(S (NP (PRP I)) (VP (MD 'll) (VP (VB do) (NP (PRP it)) (PP (IN for) (ADJP (JJ free))))) (. .)),simple,i ll do it for free .,aku akan melakukannya secara gratis .
1332,I didn't feel safe in Boston.,Saya tidak merasa aman di Boston.,(S (NP (PRP I)) (VP (VBD did) (RB n't) (VP (VB feel) (ADJP (JJ safe)) (PP (IN in) (NP (NNP Boston))))) (. .)),simple,i didn t feel safe in boston .,saya tidak merasa aman di boston .
3016,I don't know if I'll have time for that.,Aku tidak tahu apakah aku akan punya waktu untuk itu.,(S (NP (PRP I)) (VP (VBP do) (RB n't) (VP (VB know) (SBAR (IN if) (S (NP (PRP I)) (VP (MD 'll) (VP (VB have) (NP (NP (NN time)) (PP (IN for) (NP (DT that)))))))))) (. .)),complex,i don t know if i ll have time for that .,aku tidak tahu apakah aku akan punya waktu untuk itu .
2708,This college was established in 1910.,Kampus ini didirikan pada tahun 1910.,(S (NP (DT This) (NN college)) (VP (VBD was) (VP (VBN established) (PP (IN in) (NP (CD 1910))))) (. .)),simple,this college was established in .,kampus ini didirikan pada tahun .
1934,Tom disappeared without a trace.,Tom menghilang tanpa jejak.,(S (NP (NNP Tom)) (VP (VBD disappeared) (PP (IN without) (NP (DT a) (NN trace)))) (. .)),simple,tom disappeared without a trace .,tom menghilang tanpa jejak .
935,Tom arrived at about 2:30.,Tom tiba sekitar pukul 2.30.,(S (NP (NNP Tom)) (VP (VBD arrived) (PP (IN at) (NP (RB about) (CD 2:30)))) (. .)),simple,tom arrived at about .,tom tiba sekitar pukul . .
2418,There's yogurt in the refrigerator.,Ada yoghurt di dalam kulkas.,(S (NP (EX There)) (VP (VBZ 's) (NP (NN yogurt)) (PP (IN in) (NP (DT the) (NN refrigerator)))) (. .)),simple,there s yogurt in the refrigerator .,ada yoghurt di dalam kulkas .
566,How can I know for sure?,Bagaimana caranya agar aku bisa mengetahuinya secara pasti?,(SBARQ (WHADVP (WRB How)) (SQ (MD can) (NP (PRP I)) (VP (VB know) (PP (IN for) (ADJP (JJ sure))))) (. ?)),simple,how can i know for sure ?,bagaimana caranya agar aku bisa mengetahuinya secara pasti ?
1854,I found this wallet in the park.,Saya menemukan dompet ini di taman.,(S (NP (PRP I)) (VP (VBD found) (NP (DT this) (NN wallet)) (PP (IN in) (NP (DT the) (NN park)))) (. .)),simple,i found this wallet in the park .,saya menemukan dompet ini di taman .
2872,Who's your favorite character on Glee?,Siapa karakter favoritmu di Glee?,(SBARQ (WHNP (WP Who)) (SQ (VBZ 's) (NP (NP (PRP$ your) (JJ favorite) (NN character)) (PP (IN on) (NP (NNP Glee))))) (. ?)),simple,who s your favorite character on glee ?,siapa karakter favoritmu di glee ?
3030,I'm thinking about changing my supplier.,Aku berpikir untuk mengganti pemasokku.,(S (NP (PRP I)) (VP (VBP 'm) (VP (VBG thinking) (PP (IN about) (S (VP (VBG changing) (NP (PRP$ my) (NN supplier))))))) (. .)),simple,i m thinking about changing my supplier .,aku berpikir untuk mengganti pemasokku .
3633,Tom said that he wanted to play poker with us.,Tom berkata bahwa dia ingin bermain poker dengan kita.,(S (NP (NNP Tom)) (VP (VBD said) (SBAR (IN that) (S (NP (PRP he)) (VP (VBD wanted) (S (VP (TO to) (VP (VB play) (NP (NN poker)) (PP (IN with) (NP (PRP us)))))))))) (. .)),complex,tom said that he wanted to play poker with us .,tom berkata bahwa dia ingin bermain poker dengan kita .
2467,What time did you arrive in Boston?,Jam berapa kamu tiba di Boston?,(SBARQ (WHNP (WP What) (NN time)) (SQ (VBD did) (NP (PRP you)) (VP (VB arrive) (PP (IN in) (NP (NNP Boston))))) (. ?)),simple,what time did you arrive in boston ?,jam berapa kamu tiba di boston ?
1645,Everybody came to an agreement.,Semuanya sepakat.,(S (NP (NN Everybody)) (VP (VBD came) (PP (IN to) (NP (DT an) (NN agreement)))) (. .)),simple,everybody came to an agreement .,semuanya sepakat .
3184,There's a park in the middle of the city.,Ada taman di tengah kota.,(S (NP (EX There)) (VP (VBZ 's) (NP (DT a) (NN park)) (PP (IN in) (NP (NP (DT the) (NN middle)) (PP (IN of) (NP (DT the) (NN city)))))) (. .)),simple,there s a park in the middle of the city .,ada taman di tengah kota .
2861,Tom's salary is much higher than mine.,Gaji Tom jauh lebih tinggi daripada gajiku.,(S (NP (NP (NNP Tom) (POS 's)) (NN salary)) (VP (VBZ is) (ADJP (ADJP (RB much) (JJR higher)) (PP (IN than) (NP (PRP mine))))) (. .)),simple,tom s salary is much higher than mine .,gaji tom jauh lebih tinggi daripada gajiku .
1792,"We're in the same group, right?","Kita dalam grup yang sama, kan?","(S (NP (PRP We)) (VP (VBP 're) (PP (IN in) (NP (DT the) (JJ same) (NN group))) (, ,) (ADVP (RB right))) (. ?))",simple,we re in the same group right ?,kita dalam grup yang sama kan ?
1430,Tom opened the door for Mary.,Tom membukakan pintu untuk Mary.,(S (NP (NNP Tom)) (VP (VBD opened) (NP (DT the) (NN door)) (PP (IN for) (NP (NNP Mary)))) (. .)),simple,tom opened the door for mary .,tom membukakan pintu untuk mary .
2826,The island is a paradise for children.,Pulau itu bagaikan surga bagi anak-anak.,(S (NP (DT The) (NN island)) (VP (VBZ is) (NP (NP (DT a) (NN paradise)) (PP (IN for) (NP (NNS children))))) (. .)),simple,the island is a paradise for children .,pulau itu bagaikan surga bagi anak anak .
3471,The trouble is that I have no money with me.,Masalahnya saya tidak punya uang.,(S (NP (DT The) (NN trouble)) (VP (VBZ is) (SBAR (IN that) (S (NP (PRP I)) (VP (VBP have) (NP (DT no) (NN money)) (PP (IN with) (NP (PRP me))))))) (. .)),complex,the trouble is that i have no money with me .,masalahnya saya tidak punya uang .
1013,I didn't cheat on the test.,Saya tidak menyontek saat ujian.,(S (NP (PRP I)) (VP (VBD did) (RB n't) (VP (VB cheat) (PP (IN on) (NP (DT the) (NN test))))) (. .)),simple,i didn t cheat on the test .,saya tidak menyontek saat ujian .
1928,This letter is addressed to you.,Surat ini ditujukan kepadamu.,(S (NP (DT This) (NN letter)) (VP (VBZ is) (VP (VBN addressed) (PP (IN to) (NP (PRP you))))) (. .)),simple,this letter is addressed to you .,surat ini ditujukan kepadamu .
4116,Tom was looking for place to eat that had reasonable prices.,Tom mencari tempat makan dengan harga yang terjangkau.,(S (NP (NNP Tom)) (VP (VBD was) (VP (VBG looking) (PP (IN for) (NP (NP (NP (NN place)) (PP (TO to) (NP (VB eat)))) (SBAR (WHNP (WDT that)) (S (VP (VBD had) (NP (JJ reasonable) (NNS prices))))))))) (. .)),complex,tom was looking for place to eat that had reasonable prices .,tom mencari tempat makan dengan harga yang terjangkau .
126,Turn on your back.,Balikkan badanmu.,(S (VP (VB Turn) (PP (RP on) (NP (PRP$ your) (NN back)))) (. .)),simple,turn on your back .,balikkan badanmu .
3142,I haven't talked with Tom in a long time.,Sudah lama saya tidak berbicara dengan Tom.,(S (NP (PRP I)) (VP (VBP have) (RB n't) (VP (VBN talked) (PP (IN with) (NP (NNP Tom))) (PP (IN in) (NP (DT a) (JJ long) (NN time))))) (. .)),simple,i haven t talked with tom in a long time .,sudah lama saya tidak berbicara dengan tom .
2935,Please remain seated for a few minutes.,Tolong duduk sebentar.,(S (RB Please) (VP (VB remain) (ADJP (VBN seated)) (PP (IN for) (NP (DT a) (JJ few) (NNS minutes)))) (. .)),simple,please remain seated for a few minutes .,tolong duduk sebentar .
1347,I prefer to travel in my car.,Saya lebih memilih berpergian dengan mobil.,(S (NP (PRP I)) (VP (VBP prefer) (S (VP (TO to) (VP (VB travel) (PP (IN in) (NP (PRP$ my) (NN car))))))) (. .)),simple,i prefer to travel in my car .,saya lebih memilih berpergian dengan mobil .
355,I met her by accident.,Aku tidak sengaja bertemu dengannya.,(S (NP (PRP I)) (VP (VBD met) (NP (PRP her)) (PP (IN by) (NP (NN accident)))) (. .)),simple,i met her by accident .,aku tidak sengaja bertemu dengannya .
3916,Tom was the one who planted the roses in our garden.,Tom adalah orang yang menanam mawar di kebun kita.,(S (NP (NNP Tom)) (VP (VBD was) (NP (NP (DT the) (NN one)) (SBAR (WHNP (WP who)) (S (VP (VBD planted) (NP (DT the) (NNS roses)) (PP (IN in) (NP (PRP$ our) (NN garden)))))))) (. .)),complex,tom was the one who planted the roses in our garden .,tom adalah orang yang menanam mawar di kebun kita .
2730,"Tom saw Mary's name on the list, too.",Tom juga melihat nama Mary di daftar.,"(S (NP (NNP Tom)) (VP (VBD saw) (NP (NP (NNP Mary) (POS 's)) (NN name)) (PP (IN on) (NP (DT the) (NN list))) (, ,) (ADVP (RB too))) (. .))",simple,tom saw mary s name on the list too .,tom juga melihat nama mary di daftar .
827,What do you want from us?,Apa yang kau inginkan dari kami?,(SBARQ (WHNP (WP What)) (SQ (VBP do) (NP (PRP you)) (VP (VB want) (PP (IN from) (NP (PRP us))))) (. ?)),simple,what do you want from us ?,apa yang kau inginkan dari kami ?
1639,Can I borrow that for a second?,Bolehkah aku meminjam itu sebentar?,(SQ (MD Can) (NP (PRP I)) (VP (VB borrow) (NP (DT that)) (PP (IN for) (NP (DT a) (NN second)))) (. ?)),simple,can i borrow that for a second ?,bolehkah aku meminjam itu sebentar ?
3920,What sort of information do you get on the Internet?,Informasi apa saja yang dapat ditemukan di Internet?,(SBARQ (WHNP (WHNP (WP What) (NN sort)) (PP (IN of) (NP (NN information)))) (SQ (VBP do) (NP (PRP you)) (VP (VB get) (PP (IN on) (NP (DT the) (NNP Internet))))) (. ?)),simple,what sort of information do you get on the internet ?,informasi apa saja yang dapat ditemukan di internet ?
984,Bring me a bucket of water.,Bawakan aku seember air.,(S (VP (VB Bring) (NP (PRP me)) (NP (NP (DT a) (NN bucket)) (PP (IN of) (NP (NN water))))) (. .)),simple,bring me a bucket of water .,bawakan aku seember air .
4272,There was a commotion when store security guards detained some young men for shoplifting.,Tadi ada keributan ketika para satpam mengamankan beberapa pemuda yang ketahuan mengutil.,(S (NP (EX There)) (VP (VBD was) (NP (DT a) (NN commotion)) (SBAR (WHADVP (WRB when)) (S (NP (NN store) (NN security) (NNS guards)) (VP (VBD detained) (NP (DT some) (JJ young) (NNS men)) (PP (IN for) (NP (NN shoplifting))))))) (. .)),complex,there was a commotion when store security guards detained some young men for shoplifting .,tadi ada keributan ketika para satpam mengamankan beberapa pemuda yang ketahuan mengutil .
2188,I didn't know what was in the box.,Aku tidak tahu apa yang ada di dalam kotak.,(S (NP (PRP I)) (VP (VBD did) (RB n't) (VP (VB know) (SBAR (WHNP (WP what)) (S (VP (VBD was) (PP (IN in) (NP (DT the) (NN box)))))))) (. .)),complex,i didn t know what was in the box .,aku tidak tahu apa yang ada di dalam kotak .
3836,Tom played baseball after school with his friends.,Tom bermain kasti dengan teman-temannya setelah selesai sekolah.,(S (NP (NNP Tom)) (VP (VBD played) (NP (NN baseball)) (PP (IN after) (NP (NN school))) (PP (IN with) (NP (PRP$ his) (NNS friends)))) (. .)),simple,tom played baseball after school with his friends .,tom bermain kasti dengan teman temannya setelah selesai sekolah .
2443,Tom obviously got what he came for.,Tom secara jelas mendapatkan apa yang seharusnya dia dapat.,(S (NP (NNP Tom)) (ADVP (RB obviously)) (VP (VBD got) (SBAR (WHNP (WP what)) (S (NP (PRP he)) (VP (VBD came) (PP (IN for)))))) (. .)),complex,tom obviously got what he came for .,tom secara jelas mendapatkan apa yang seharusnya dia dapat .
362,I saw Tom in the hall.,Aku melihat Tom di lorong.,(S (NP (PRP I)) (VP (VBD saw) (NP (NNP Tom)) (PP (IN in) (NP (DT the) (NN hall)))) (. .)),simple,i saw tom in the hall .,aku melihat tom di lorong .
2349,I don't have any problem with that.,Saya tidak keberatan dengan itu.,(S (NP (PRP I)) (VP (VBP do) (RB n't) (VP (VB have) (NP (NP (DT any) (NN problem)) (PP (IN with) (NP (DT that)))))) (. .)),simple,i don t have any problem with that .,saya tidak keberatan dengan itu .
345,He rested for a while.,Dia beristirahat sebentar.,(S (NP (PRP He)) (VP (VBD rested) (PP (IN for) (NP (DT a) (NN while)))) (. .)),simple,he rested for a while .,dia beristirahat sebentar .
3088,Tom wants to be the center of attention.,Tom ingin menjadi pusat perhatian.,(S (NP (NNP Tom)) (VP (VBZ wants) (S (VP (TO to) (VP (VB be) (NP (NP (DT the) (NN center)) (PP (IN of) (NP (NN attention)))))))) (. .)),simple,tom wants to be the center of attention .,tom ingin menjadi pusat perhatian .
3826,Prices have risen steadily during the past decade.,Harga barang telah naik perlahan-lahan dalam satu dekade terakhir.,(S (NP (NNS Prices)) (VP (VBP have) (VP (VBN risen) (ADVP (RB steadily)) (PP (IN during) (NP (DT the) (JJ past) (NN decade))))) (. .)),simple,prices have risen steadily during the past decade .,harga barang telah naik perlahan lahan dalam satu dekade terakhir .
711,He dressed up as a woman.,Dia berpakaian seperti wanita.,(S (NP (PRP He)) (VP (VBD dressed) (PRT (RP up)) (PP (IN as) (NP (DT a) (NN woman)))) (. .)),simple,he dressed up as a woman .,dia berpakaian seperti wanita .
3105,Are you serious about what you're saying?,Apa kau serius dengan apa yang kau katakan?,(SQ (VBP Are) (NP (PRP you)) (ADJP (JJ serious) (PP (IN about) (SBAR (WHNP (WP what)) (S (NP (PRP you)) (VP (VBP 're) (VP (VBG saying))))))) (. ?)),complex,are you serious about what you re saying ?,apa kau serius dengan apa yang kau katakan ?
4119,You must not leave her waiting outside in such cold weather.,Jangan buat ia menunggu di luar dengan cuaca yang sedingin ini.,(S (NP (PRP You)) (VP (MD must) (RB not) (VP (VB leave) (NP (PRP her)) (S (VP (VBG waiting) (ADVP (RB outside)) (PP (IN in) (NP (JJ such) (JJ cold) (NN weather))))))) (. .)),simple,you must not leave her waiting outside in such cold weather .,jangan buat ia menunggu di luar dengan cuaca yang sedingin ini .
3093,What are you going to do with the money?,Apa yang akan kamu lakukan dengan uang itu?,(SBARQ (WHNP (WP What)) (SQ (VBP are) (NP (PRP you)) (VP (VBG going) (S (VP (TO to) (VP (VB do) (PP (IN with) (NP (DT the) (NN money)))))))) (. ?)),simple,what are you going to do with the money ?,apa yang akan kamu lakukan dengan uang itu ?
10,Listen to me.,Dengarkan saya.,(S (VP (VB Listen) (PP (IN to) (NP (PRP me)))) (. .)),simple,listen to me .,dengarkan saya .
3619,The leader of the party is a famous scientist.,Pemimpin partai itu adalah seorang ilmuwan terkenal.,(S (NP (NP (DT The) (NN leader)) (PP (IN of) (NP (DT the) (NN party)))) (VP (VBZ is) (NP (DT a) (JJ famous) (NN scientist))) (. .)),simple,the leader of the party is a famous scientist .,pemimpin partai itu adalah seorang ilmuwan terkenal .
2116,Tom never speaks to me in French.,Tom tidak pernah berbicara denganku dalam bahasa Prancis.,(S (NP (NNP Tom)) (ADVP (RB never)) (VP (VBZ speaks) (PP (IN to) (NP (PRP me))) (PP (IN in) (NP (NNP French)))) (. .)),simple,tom never speaks to me in french .,tom tidak pernah berbicara denganku dalam bahasa prancis .
1834,He comes back from Sydney today.,Dia kembali dari Sydney hari ini.,(S (NP (PRP He)) (VP (VBZ comes) (ADVP (ADVP (RB back)) (PP (IN from) (NP (NNP Sydney)))) (NP (NN today))) (. .)),simple,he comes back from sydney today .,dia kembali dari sydney hari ini .
793,Tom pointed to the floor.,Tom menunjuk lantai.,(S (NP (NNP Tom)) (VP (VBD pointed) (PP (IN to) (NP (DT the) (NN floor)))) (. .)),simple,tom pointed to the floor .,tom menunjuk lantai .
4248,Tom is going to go to prison for a crime he didn't commit if you don't confess.,Tom akan masuk penjara untuk kejahatan yang ia tak perbuat kalau kamu tidak mau mengaku.,(S (NP (NNP Tom)) (VP (VBZ is) (VP (VBG going) (S (VP (TO to) (VP (VB go) (PP (IN to) (NP (NN prison))) (PP (IN for) (NP (NP (DT a) (NN crime)) (SBAR (S (NP (PRP he)) (VP (VBD did) (RB n't) (VP (VB commit))))))) (SBAR (IN if) (S (NP (PRP you)) (VP (VBP do) (RB n't) (VP (VB confess)))))))))) (. .)),complex,tom is going to go to prison for a crime he didn t commit if you don t confess .,tom akan masuk penjara untuk kejahatan yang ia tak perbuat kalau kamu tidak mau mengaku .
2802,"It is very hot in this room, isn't it?",Ruangan ini sangat panas yah?,"(S (S (NP (PRP It)) (VP (VBZ is) (ADJP (RB very) (JJ hot)) (PP (IN in) (NP (DT this) (NN room))))) (, ,) (VBZ is) (RB n't) (NP (PRP it)) (. ?))",simple,it is very hot in this room isn t it ?,ruangan ini sangat panas yah ?
2674,I've been in Australia several years.,Aku sudah beberapa tahun di Australia.,(S (NP (PRP I)) (VP (VBP 've) (VP (VBN been) (PP (IN in) (NP (NNP Australia))) (NP (JJ several) (NNS years)))) (. .)),simple,i ve been in australia several years .,aku sudah beberapa tahun di australia .
94,He lay on the bed.,Dia berbaring di tempat tidur.,(S (NP (PRP He)) (VP (VBD lay) (PP (IN on) (NP (DT the) (NN bed)))) (. .)),simple,he lay on the bed .,dia berbaring di tempat tidur .
129,We got up at dawn.,Kami bangun saat subuh.,(S (NP (PRP We)) (VP (VBD got) (ADVP (RB up)) (PP (IN at) (NP (NN dawn)))) (. .)),simple,we got up at dawn .,kami bangun saat subuh .
2891,Everybody knows that where I come from.,Semua orang tahu darimana asalku.,(S (NP (NN Everybody)) (VP (VBZ knows) (SBAR (IN that) (SBAR (WHADVP (WRB where)) (S (NP (PRP I)) (VP (VBP come) (PP (IN from))))))) (. .)),complex,everybody knows that where i come from .,semua orang tahu darimana asalku .
2371,I will introduce you to my parents.,Aku akan memperkenalkanmu kepada orang tuaku.,(S (NP (PRP I)) (VP (MD will) (VP (VB introduce) (NP (PRP you)) (PP (IN to) (NP (PRP$ my) (NNS parents))))) (. .)),simple,i will introduce you to my parents .,aku akan memperkenalkanmu kepada orang tuaku .
3351,Many famous people are behind the movement.,Banyak orang terkenal berada di balik pergerakan itu.,(S (NP (JJ Many) (JJ famous) (NNS people)) (VP (VBP are) (PP (IN behind) (NP (DT the) (NN movement)))) (. .)),simple,many famous people are behind the movement .,banyak orang terkenal berada di balik pergerakan itu .
4226,"On Saturday afternoons, millions of people forget their everyday worries.","Setiap hari Sabtu sore, jutaan orang melupakan kecemasan sehari-hari mereka.","(S (PP (IN On) (NP (NNP Saturday) (NNS afternoons))) (, ,) (NP (NP (NNS millions)) (PP (IN of) (NP (NNS people)))) (VP (VBP forget) (NP (PRP$ their) (JJ everyday) (NNS worries))) (. .))",simple,on saturday afternoons millions of people forget their everyday worries .,setiap hari sabtu sore jutaan orang melupakan kecemasan sehari hari mereka .
3697,What kind of music do you most often listen to?,Apa jenis musik yang paling sering kamu dengarkan?,(SBARQ (WHNP (WHNP (WP What) (NN kind)) (PP (IN of) (NP (NN music)))) (SQ (VBP do) (NP (PRP you)) (ADVP (RBS most) (RB often)) (VP (VB listen) (PP (IN to)))) (. ?)),simple,what kind of music do you most often listen to ?,apa jenis musik yang paling sering kamu dengarkan ?
2263,This is the book I told you about.,Ini buku yang aku beri tahukan kepadamu.,(S (NP (DT This)) (VP (VBZ is) (NP (NP (DT the) (NN book)) (SBAR (S (NP (PRP I)) (VP (VBD told) (NP (PRP you)) (PP (IN about))))))) (. .)),complex,this is the book i told you about .,ini buku yang aku beri tahukan kepadamu .
1900,Please wait in the waiting room.,Silakan menunggu di ruang tunggu.,(S (VB Please) (VP (VB wait) (PP (IN in) (NP (DT the) (NN waiting) (NN room)))) (. .)),simple,please wait in the waiting room .,silakan menunggu di ruang tunggu .
3291,Tom said he liked the color of my T-shirt.,Tom bilang dia suka warna kausku.,(S (NP (NNP Tom)) (VP (VBD said) (SBAR (S (NP (PRP he)) (VP (VBD liked) (NP (NP (DT the) (NN color)) (PP (IN of) (NP (PRP$ my) (NNP T) (HYPH -) (NN shirt)))))))) (. .)),complex,tom said he liked the color of my t shirt .,tom bilang dia suka warna kausku .
3592,I want to find out if Tom was at school today.,Aku mau mencari tahu apakah Tom ada di sekolah hari ini.,(S (NP (PRP I)) (VP (VBP want) (S (VP (TO to) (VP (VB find) (PRT (RP out)) (SBAR (IN if) (S (NP (NNP Tom)) (VP (VBD was) (PP (IN at) (NP (NN school))) (NP (NN today))))))))) (. .)),complex,i want to find out if tom was at school today .,aku mau mencari tahu apakah tom ada di sekolah hari ini .
1932,Tom ate only one slice of bread.,Tom hanya memakan sepotong roti.,(S (NP (NNP Tom)) (VP (VBD ate) (NP (NP (QP (RB only) (CD one)) (NN slice)) (PP (IN of) (NP (NN bread))))) (. .)),simple,tom ate only one slice of bread .,tom hanya memakan sepotong roti .
3309,"Besides teaching English, he writes novels.","Selain mengajar bahasa Inggris, dia juga menulis novel.","(S (PP (IN Besides) (S (VP (VBG teaching) (NP (NNP English))))) (, ,) (NP (PRP he)) (VP (VBZ writes) (NP (NNS novels))) (. .))",simple,besides teaching english he writes novels .,selain mengajar bahasa inggris dia juga menulis novel .
3218,You need to look at the big picture here.,Kamu perlu melihat gambar besar itu di sini.,(S (NP (PRP You)) (VP (VBP need) (S (VP (TO to) (VP (VB look) (PP (IN at) (NP (NP (DT the) (JJ big) (NN picture)) (ADVP (RB here)))))))) (. .)),simple,you need to look at the big picture here .,kamu perlu melihat gambar besar itu di sini .
2912,I haven't been swimming in a long time.,Aku sudah tidak berenang dalam waktu yang lama.,(S (NP (PRP I)) (VP (VBP have) (RB n't) (VP (VBN been) (VP (VBG swimming) (PP (IN in) (NP (DT a) (JJ long) (NN time)))))) (. .)),simple,i haven t been swimming in a long time .,aku sudah tidak berenang dalam waktu yang lama .
1865,I took your umbrella by mistake.,Aku salah membawa payungmu.,(S (NP (PRP I)) (VP (VBD took) (NP (PRP$ your) (NN umbrella)) (PP (IN by) (NP (NN mistake)))) (. .)),simple,i took your umbrella by mistake .,aku salah membawa payungmu .
1658,He shook hands with his friend.,Dia bersalaman dengan temannya.,(S (NP (PRP He)) (VP (VBD shook) (NP (NNS hands)) (PP (IN with) (NP (PRP$ his) (NN friend)))) (. .)),simple,he shook hands with his friend .,dia bersalaman dengan temannya .
516,Tom is allergic to MSG.,Tom alergi terhadap MSG.,(S (NP (NNP Tom)) (VP (VBZ is) (ADJP (JJ allergic) (PP (IN to) (NP (NNP MSG))))) (. .)),simple,tom is allergic to msg .,tom alergi terhadap msg .
1857,I haven't eaten since yesterday.,Aku belum makan sejak kemarin.,(S (NP (PRP I)) (VP (VBP have) (RB n't) (VP (VBN eaten) (PP (IN since) (NP (NN yesterday))))) (. .)),simple,i haven t eaten since yesterday .,aku belum makan sejak kemarin .
2645,He was brought up by her grandmother.,Dia dibesarkan oleh neneknya.,(S (NP (PRP He)) (VP (VBD was) (VP (VBN brought) (PRT (RP up)) (PP (IN by) (NP (PRP$ her) (NN grandmother))))) (. .)),simple,he was brought up by her grandmother .,dia dibesarkan oleh neneknya .
2243,That sounds like a very good deal.,Kedengarannya sangat bagus.,(S (NP (DT That)) (VP (VBZ sounds) (PP (IN like) (NP (DT a) (ADJP (RB very) (JJ good)) (NN deal)))) (. .)),simple,that sounds like a very good deal .,kedengarannya sangat bagus .
1277,Why are you in such a hurry?,Mengapa kamu terburu-buru seperti itu?,(SBARQ (WHADVP (WRB Why)) (SQ (VBP are) (NP (PRP you)) (PP (IN in) (NP (PDT such) (DT a) (NN hurry)))) (. ?)),simple,why are you in such a hurry ?,mengapa kamu terburu buru seperti itu ?
2336,He kept me waiting for a long time.,Dia membuat saya menunggu lama.,(S (NP (PRP He)) (VP (VBD kept) (NP (PRP me)) (S (VP (VBG waiting) (PP (IN for) (NP (DT a) (JJ long) (NN time)))))) (. .)),simple,he kept me waiting for a long time .,dia membuat saya menunggu lama .
950,Tom took part in the race.,Tom ikut berpartisipasi pada balapan.,(S (NP (NNP Tom)) (VP (VBD took) (NP (NN part)) (PP (IN in) (NP (DT the) (NN race)))) (. .)),simple,tom took part in the race .,tom ikut berpartisipasi pada balapan .
3481,Tom doesn't know anything about Mary's plan.,Tom tidak mengetahui apapun tentang rencana Mary.,(S (NP (NNP Tom)) (VP (VBZ does) (RB n't) (VP (VB know) (NP (NP (NN anything)) (PP (IN about) (NP (NP (NNP Mary) (POS 's)) (NN plan)))))) (. .)),simple,tom doesn t know anything about mary s plan .,tom tidak mengetahui apapun tentang rencana mary .
3753,We often hear about an energy crisis these days.,Kami sering mendengar tentang krisis energi akhir-akhir ini.,(S (NP (PRP We)) (ADVP (RB often)) (VP (VBP hear) (PP (IN about) (NP (DT an) (NN energy) (NN crisis))) (NP (DT these) (NNS days))) (. .)),simple,we often hear about an energy crisis these days .,kami sering mendengar tentang krisis energi akhir akhir ini .
1120,You can depend on his help.,Kamu bisa mengandalkan bantuannya.,(S (NP (PRP You)) (VP (MD can) (VP (VB depend) (PP (IN on) (NP (PRP$ his) (NN help))))) (. .)),simple,you can depend on his help .,kamu bisa mengandalkan bantuannya .
2597,Tom got back to Australia last week.,Tom kembali ke Australia minggu lalu.,(S (NP (NNP Tom)) (VP (VBD got) (ADVP (RB back) (PP (IN to) (NP (NNP Australia)))) (NP (JJ last) (NN week))) (. .)),simple,tom got back to australia last week .,tom kembali ke australia minggu lalu .
2204,I want to invite you to the party.,Saya ingin mengundang kamu ke pesta.,(S (NP (PRP I)) (VP (VBP want) (S (VP (TO to) (VP (VB invite) (NP (PRP you)) (PP (IN to) (NP (DT the) (NN party))))))) (. .)),simple,i want to invite you to the party .,saya ingin mengundang kamu ke pesta .
419,We spoke on the phone.,Kita berbicara di telepon.,(S (NP (PRP We)) (VP (VBD spoke) (PP (IN on) (NP (DT the) (NN phone)))) (. .)),simple,we spoke on the phone .,kita berbicara di telepon .
922,Thanks for the suggestion.,Terima kasih atas sarannya.,(NP (NP (NNS Thanks)) (PP (IN for) (NP (DT the) (NN suggestion))) (. .)),simple,thanks for the suggestion .,terima kasih atas sarannya .
3297,What kind of food do you want me to bring?,Jenis makanan apa yang harus ku bawa?,(SBARQ (WHNP (WHNP (WP What) (NN kind)) (PP (IN of) (NP (NN food)))) (SQ (VBP do) (NP (PRP you)) (VP (VB want) (S (NP (PRP me)) (VP (TO to) (VP (VB bring)))))) (. ?)),simple,what kind of food do you want me to bring ?,jenis makanan apa yang harus ku bawa ?
477,I'm ready for tomorrow.,Aku siap untuk hari esok.,(S (NP (PRP I)) (VP (VBP 'm) (ADJP (JJ ready) (PP (IN for) (NP (NN tomorrow))))) (. .)),simple,i m ready for tomorrow .,aku siap untuk hari esok .
2035,I don't expect anything from you.,Aku tidak mengharapkan apa-apa darimu.,(S (NP (PRP I)) (VP (VBP do) (RB n't) (VP (VB expect) (NP (NN anything)) (PP (IN from) (NP (PRP you))))) (. .)),simple,i don t expect anything from you .,aku tidak mengharapkan apa apa darimu .
3379,The prophet Muhammad died in Medina in 632.,Nabi Muhammad wafat di Madinah pada tahun 632.,(S (NP (DT The) (NN prophet) (NNP Muhammad)) (VP (VBD died) (PP (IN in) (NP (NNP Medina))) (PP (IN in) (NP (CD 632)))) (. .)),simple,the prophet muhammad died in medina in .,nabi muhammad wafat di madinah pada tahun .
1692,I want to say something to you.,Ada hal yang ingin aku katakan padamu.,(S (NP (PRP I)) (VP (VBP want) (S (VP (TO to) (VP (VB say) (NP (NN something)) (PP (IN to) (NP (PRP you))))))) (. .)),simple,i want to say something to you .,ada hal yang ingin aku katakan padamu .
3315,He caught hold of a rope and saved himself.,Dia meraih talinya dan menyelamatkan diri.,(S (NP (PRP He)) (VP (VP (VBD caught) (NP (NP (NN hold)) (PP (IN of) (NP (DT a) (NN rope))))) (CC and) (VP (VBD saved) (NP (PRP himself)))) (. .)),simple,he caught hold of a rope and saved himself .,dia meraih talinya dan menyelamatkan diri .
3306,All three of us need to go to that meeting.,Kita bertiga harus menghadiri rapat itu.,(S (NP (NP (DT All) (CD three)) (PP (IN of) (NP (PRP us)))) (VP (VBP need) (S (VP (TO to) (VP (VB go) (PP (IN to) (NP (DT that) (NN meeting))))))) (. .)),simple,all three of us need to go to that meeting .,kita bertiga harus menghadiri rapat itu .
1471,Dry the pants on the radiator.,Keringkan celananya di atas radiator.,(S (VP (VB Dry) (NP (DT the) (NNS pants)) (PP (IN on) (NP (DT the) (NN radiator)))) (. .)),simple,dry the pants on the radiator .,keringkan celananya di atas radiator .
2601,Tom laid the newspaper on the table.,Tom meletakkan koran itu di atas meja.,(S (NP (NNP Tom)) (VP (VBD laid) (NP (DT the) (NN newspaper)) (PP (IN on) (NP (DT the) (NN table)))) (. .)),simple,tom laid the newspaper on the table .,tom meletakkan koran itu di atas meja .
1202,Rice grows in warm climates.,Padi tumbuh di iklim yang hangat.,(S (NP (NN Rice)) (VP (VBZ grows) (PP (IN in) (NP (JJ warm) (NNS climates)))) (. .)),simple,rice grows in warm climates .,padi tumbuh di iklim yang hangat .
2438,"Tom is a friend of yours, isn't he?","Tom itu temanmu, kan?","(S (S (NP (NNP Tom)) (VP (VBZ is) (NP (NP (DT a) (NN friend)) (PP (IN of) (NP (PRP yours)))))) (, ,) (VBZ is) (RB n't) (NP (PRP he)) (. ?))",simple,tom is a friend of yours isn t he ?,tom itu temanmu kan ?
2626,What languages are spoken in Canada?,Bahasa apa saja yang digunakan di Kanada?,(SBARQ (WHNP (WP What) (NNS languages)) (SQ (VBP are) (VP (VBN spoken) (PP (IN in) (NP (NNP Canada))))) (. ?)),simple,what languages are spoken in canada ?,bahasa apa saja yang digunakan di kanada ?
1669,I can only discuss it with Tom.,Aku hanya boleh mendiskusikan itu dengan Tom.,(S (NP (PRP I)) (VP (MD can) (ADVP (RB only)) (VP (VB discuss) (NP (PRP it)) (PP (IN with) (NP (NNP Tom))))) (. .)),simple,i can only discuss it with tom .,aku hanya boleh mendiskusikan itu dengan tom .
4141,He was popular with girls because he was on the football team.,Dia terkenal dikalangan wanita kerena dia pemain sepakbola.,(S (NP (PRP He)) (VP (VBD was) (ADJP (JJ popular) (PP (IN with) (NP (NNS girls)))) (SBAR (IN because) (S (NP (PRP he)) (VP (VBD was) (PP (IN on) (NP (DT the) (NN football) (NN team))))))) (. .)),complex,he was popular with girls because he was on the football team .,dia terkenal dikalangan wanita kerena dia pemain sepakbola .
1970,We killed time by playing cards.,Kami menghabiskan waktu dengan bermain kartu.,(S (NP (PRP We)) (VP (VBD killed) (NP (NN time)) (PP (IN by) (S (VP (VBG playing) (NP (NNS cards)))))) (. .)),simple,we killed time by playing cards .,kami menghabiskan waktu dengan bermain kartu .
3972,I have a couple of friends who used to live in Boston.,Aku punya beberapa teman yang dulunya tinggal di Boston.,(S (NP (PRP I)) (VP (VBP have) (NP (NP (NP (DT a) (NN couple)) (PP (IN of) (NP (NNS friends)))) (SBAR (WHNP (WP who)) (S (VP (VBD used) (S (VP (TO to) (VP (VB live) (PP (IN in) (NP (NNP Boston))))))))))) (. .)),complex,i have a couple of friends who used to live in boston .,aku punya beberapa teman yang dulunya tinggal di boston .
2151,You treated me like a little kid.,Kamu memperlakukanku seperti anak kecil.,(S (NP (PRP You)) (VP (VBD treated) (NP (PRP me)) (PP (IN like) (NP (DT a) (JJ little) (NN kid)))) (. .)),simple,you treated me like a little kid .,kamu memperlakukanku seperti anak kecil .
820,What about the other one?,Bagaimana dengan yang satunya?,(FRAG (WHNP (WP What)) (PP (IN about) (NP (DT the) (JJ other) (NN one))) (. ?)),simple,what about the other one ?,bagaimana dengan yang satunya ?
1997,A driver was sleeping in the car.,Seorang sopir tidur didalam mobil.,(S (NP (DT A) (NN driver)) (VP (VBD was) (VP (VBG sleeping) (PP (IN in) (NP (DT the) (NN car))))) (. .)),simple,a driver was sleeping in the car .,seorang sopir tidur didalam mobil .
4204,The Brandenburg Gate is one of the most famous landmarks in Germany.,Gerbang Bradenburg adalah salah satu tengaran yang paling terkenal di Jerman.,(S (NP (DT The) (NNP Brandenburg) (NNP Gate)) (VP (VBZ is) (NP (NP (CD one)) (PP (IN of) (NP (NP (DT the) (ADJP (RBS most) (JJ famous)) (NNS landmarks)) (PP (IN in) (NP (NNP Germany))))))) (. .)),simple,the brandenburg gate is one of the most famous landmarks in germany .,gerbang bradenburg adalah salah satu tengaran yang paling terkenal di jerman .
3054,The last time that happened was in 2013.,Terakhir kali itu terjadi tahun 2013.,(S (NP (NP (DT The) (JJ last) (NN time)) (SBAR (WHNP (WDT that)) (S (VP (VBD happened))))) (VP (VBD was) (PP (IN in) (NP (CD 2013)))) (. .)),complex,the last time that happened was in .,terakhir kali itu terjadi tahun .
1248,Tom ran out into the street.,Tom berlari keluar ke jalan.,(S (NP (NNP Tom)) (VP (VBD ran) (ADVP (RB out) (PP (IN into) (NP (DT the) (NN street))))) (. .)),simple,tom ran out into the street .,tom berlari keluar ke jalan .
3292,Tom suspects his wife of having an affair.,Tom mencurigai istrinya berselingkuh.,(S (NP (NNP Tom)) (VP (VBZ suspects) (NP (PRP$ his) (NN wife)) (PP (IN of) (S (VP (VBG having) (NP (DT an) (NN affair)))))) (. .)),simple,tom suspects his wife of having an affair .,tom mencurigai istrinya berselingkuh .
2712,Tom borrowed a book from the library.,Tom meminjam buku dari perpustakaan.,(S (NP (NNP Tom)) (VP (VBD borrowed) (NP (DT a) (NN book)) (PP (IN from) (NP (DT the) (NN library)))) (. .)),simple,tom borrowed a book from the library .,tom meminjam buku dari perpustakaan .
4007,Tom accepted Mary's invitation to have dinner with her.,Tom menerima undangan Mary untuk makan malam bersamanya.,(S (NP (NNP Tom)) (VP (VBD accepted) (NP (NP (NNP Mary) (POS 's)) (NN invitation) (S (VP (TO to) (VP (VB have) (NP (NN dinner)) (PP (IN with) (NP (PRP her)))))))) (. .)),simple,tom accepted mary s invitation to have dinner with her .,tom menerima undangan mary untuk makan malam bersamanya .
2190,I have three chickens in my house.,Di rumah saya ada tiga ekor ayam.,(S (NP (PRP I)) (VP (VBP have) (NP (CD three) (NNS chickens)) (PP (IN in) (NP (PRP$ my) (NN house)))) (. .)),simple,i have three chickens in my house .,di rumah saya ada tiga ekor ayam .
3936,It wasn't that hard to find a pair of shoes that fit.,Menemukan sepasang sepatu yang muat tidaklah sesusah itu.,(S (NP (NP (PRP It))) (VP (VBD was) (RB n't) (ADJP (RB that) (JJ hard)) (S (VP (TO to) (VP (VB find) (NP (NP (NP (DT a) (NN pair)) (PP (IN of) (NP (NNS shoes)))) (SBAR (WHNP (WDT that)) (S (VP (VBP fit))))))))) (. .)),complex,it wasn t that hard to find a pair of shoes that fit .,menemukan sepasang sepatu yang muat tidaklah sesusah itu .
1046,I've heard a lot about you.,Aku telah mendengar banyak tentangmu.,(S (NP (PRP I)) (VP (VBP 've) (VP (VBN heard) (NP (DT a) (NN lot)) (PP (IN about) (NP (PRP you))))) (. .)),simple,i ve heard a lot about you .,aku telah mendengar banyak tentangmu .
1888,Mathematics is difficult for me.,Matematika sulit bagi saya.,(S (NP (NNS Mathematics)) (VP (VBZ is) (ADJP (JJ difficult)) (PP (IN for) (NP (PRP me)))) (. .)),simple,mathematics is difficult for me .,matematika sulit bagi saya .
2469,What's your favorite kind of candy?,Apa jenis permen kesukaanmu?,(SBARQ (WHNP (WP What)) (SQ (VBZ 's) (NP (NP (PRP$ your) (JJ favorite) (NN kind)) (PP (IN of) (NP (NN candy))))) (. ?)),simple,what s your favorite kind of candy ?,apa jenis permen kesukaanmu ?
2847,Tom doesn't want Mary to go to Boston.,Tom tidak ingin Mary pergi ke Boston.,(S (NP (NNP Tom)) (VP (VBZ does) (RB n't) (VP (VB want) (S (NP (NNP Mary)) (VP (TO to) (VP (VB go) (PP (IN to) (NP (NNP Boston)))))))) (. .)),simple,tom doesn t want mary to go to boston .,tom tidak ingin mary pergi ke boston .
615,Put a mark on this page.,Tandai halaman ini.,(S (VP (VB Put) (NP (DT a) (NN mark)) (PP (IN on) (NP (DT this) (NN page)))) (. .)),simple,put a mark on this page .,tandai halaman ini .
1318,He hasn't talked to me since.,Dia sudah tidak berbicara dengan saya lagi sejak itu.,(S (NP (PRP He)) (VP (VBZ has) (RB n't) (VP (VBN talked) (PP (IN to) (NP (PRP me))) (ADVP (RB since)))) (. .)),simple,he hasn t talked to me since .,dia sudah tidak berbicara dengan saya lagi sejak itu .
1863,I said I'd talk to Tom about it.,Aku bilang aku akan bicara pada Tom tentang hal itu.,(S (NP (PRP I)) (VP (VBD said) (SBAR (S (NP (PRP I)) (VP (MD 'd) (VP (VB talk) (PP (IN to) (NP (NNP Tom))) (PP (IN about) (NP (PRP it)))))))) (. .)),complex,i said i d talk to tom about it .,aku bilang aku akan bicara pada tom tentang hal itu .
2343,How did you know I was from Boston?,Kok kamu tahu aku dari Boston?,(SBARQ (WHADVP (WRB How)) (SQ (VBD did) (NP (PRP you)) (VP (VB know) (SBAR (S (NP (PRP I)) (VP (VBD was) (PP (IN from) (NP (NNP Boston)))))))) (. ?)),complex,how did you know i was from boston ?,kok kamu tahu aku dari boston ?
2449,Tom says he's cut down on drinking.,Tom bilang dia mengurangi frekuensi minumnya.,(S (NP (NNP Tom)) (VP (VBZ says) (SBAR (S (NP (PRP he)) (VP (VBZ 's) (VP (VBN cut) (PRT (RP down)) (PP (IN on) (NP (NN drinking)))))))) (. .)),complex,tom says he s cut down on drinking .,tom bilang dia mengurangi frekuensi minumnya .
2136,We're getting married in October.,Kami akan menikah bulan Oktober.,(S (NP (PRP We)) (VP (VBP 're) (VP (VBG getting) (ADJP (VBN married)) (PP (IN in) (NP (NNP October))))) (. .)),simple,we re getting married in october .,kami akan menikah bulan oktober .
3687,This is one of the worst movies I've ever seen.,Ini salah satu film terburuk yang pernah kulihat.,(S (NP (DT This)) (VP (VBZ is) (NP (NP (CD one)) (PP (IN of) (NP (NP (DT the) (JJS worst) (NNS movies)) (SBAR (S (NP (PRP I)) (VP (VBP 've) (ADVP (RB ever)) (VP (VBN seen))))))))) (. .)),complex,this is one of the worst movies i ve ever seen .,ini salah satu film terburuk yang pernah kulihat .
1772,Tom never talks about his kids.,Tom tidak pernah bercerita tentang anak-anaknya.,(S (NP (NNP Tom)) (ADVP (RB never)) (VP (VBZ talks) (PP (IN about) (NP (PRP$ his) (NNS kids)))) (. .)),simple,tom never talks about his kids .,tom tidak pernah bercerita tentang anak anaknya .
4262,The fee includes the payment for professional services needed to complete the survey.,Biaya itu sudah termasuk pembayaran bagi layanan profesional untuk menyelesaikan survei tersebut.,(S (NP (DT The) (NN fee)) (VP (VBZ includes) (NP (NP (DT the) (NN payment)) (PP (IN for) (NP (NP (JJ professional) (NNS services)) (VP (VBN needed) (S (VP (TO to) (VP (VB complete) (NP (DT the) (NN survey)))))))))) (. .)),simple,the fee includes the payment for professional services needed to complete the survey .,biaya itu sudah termasuk pembayaran bagi layanan profesional untuk menyelesaikan survei tersebut .
131,We're in the well.,Kami di dalam sumur.,(S (NP (PRP We)) (VP (VBP 're) (PP (IN in) (NP (DT the) (NN well)))) (. .)),simple,we re in the well .,kami di dalam sumur .
3230,Fortunately he didn't die in the accident.,Untungnya dia tidak tewas dalam kecelakaan itu.,(S (ADVP (RB Fortunately)) (NP (PRP he)) (VP (VBD did) (RB n't) (VP (VB die) (PP (IN in) (NP (DT the) (NN accident))))) (. .)),simple,fortunately he didn t die in the accident .,untungnya dia tidak tewas dalam kecelakaan itu .
77,I'm proud of you.,Aku bangga padamu.,(S (NP (PRP I)) (VP (VBP 'm) (ADJP (JJ proud) (PP (IN of) (NP (PRP you))))) (. .)),simple,i m proud of you .,aku bangga padamu .
2898,He turned out to be nothing but a liar.,Dia tidak lain dan tidak bukan adalah seorang pembohong.,(S (NP (PRP He)) (VP (VBD turned) (PRT (RP out)) (S (VP (TO to) (VP (VB be) (NP (NP (NN nothing)) (PP (IN but) (NP (DT a) (NN liar)))))))) (. .)),simple,he turned out to be nothing but a liar .,dia tidak lain dan tidak bukan adalah seorang pembohong .
2052,I'll introduce you to my parents.,Aku akan memperkenalkan kalian kepada orang tuaku.,(S (NP (PRP I)) (VP (MD 'll) (VP (VB introduce) (NP (PRP you)) (PP (IN to) (NP (PRP$ my) (NNS parents))))) (. .)),simple,i ll introduce you to my parents .,aku akan memperkenalkan kalian kepada orang tuaku .
724,I can't live without him.,Aku tidak bisa hidup tanpanya.,(S (NP (PRP I)) (VP (MD ca) (RB n't) (VP (VB live) (PP (IN without) (NP (PRP him))))) (. .)),simple,i can t live without him .,aku tidak bisa hidup tanpanya .
1314,Have you ever been to Mexico?,Apakah kalian pernah ke Meksiko?,(SQ (VBP Have) (NP (PRP you)) (ADVP (RB ever)) (VP (VBN been) (PP (IN to) (NP (NNP Mexico)))) (. ?)),simple,have you ever been to mexico ?,apakah kalian pernah ke meksiko ?
3426,I am in no position to do anything about it.,Saya tidak punya kapasitas untuk mengatasi hal ini.,(S (NP (PRP I)) (VP (VBP am) (PP (IN in) (NP (NP (DT no) (NN position)) (SBAR (S (VP (TO to) (VP (VB do) (NP (NN anything)) (PP (IN about) (NP (PRP it)))))))))) (. .)),complex,i am in no position to do anything about it .,saya tidak punya kapasitas untuk mengatasi hal ini .
1851,I don't know where it came from.,saya tidak tau darimana itu berasal,(S (NP (PRP I)) (VP (VBP do) (RB n't) (VP (VB know) (SBAR (WHADVP (WRB where)) (S (NP (PRP it)) (VP (VBD came) (PP (IN from))))))) (. .)),complex,i don t know where it came from .,saya tidak tau darimana itu berasal
2317,A cat came out from under the desk.,Seekor kucing keluar dari kolong meja.,(S (NP (DT A) (NN cat)) (VP (VBD came) (ADVP (RP out)) (PP (IN from) (PP (IN under) (NP (DT the) (NN desk))))) (. .)),simple,a cat came out from under the desk .,seekor kucing keluar dari kolong meja .
3437,I think I mistakenly sent that email to Tom.,Saya rasa saya telah salah mengirim surel itu ke Tom.,(S (NP (PRP I)) (VP (VBP think) (SBAR (S (NP (PRP I)) (ADVP (RB mistakenly)) (VP (VBD sent) (NP (DT that) (NN email)) (PP (IN to) (NP (NNP Tom))))))) (. .)),complex,i think i mistakenly sent that email to tom .,saya rasa saya telah salah mengirim surel itu ke tom .
3817,I wore sunglasses to protect my eyes from the sun.,Aku memakai kacamata hitam untuk melindungi mataku dari matahari.,(S (NP (PRP I)) (VP (VBD wore) (NP (NNS sunglasses)) (S (VP (TO to) (VP (VB protect) (NP (PRP$ my) (NNS eyes)) (PP (IN from) (NP (DT the) (NN sun))))))) (. .)),simple,i wore sunglasses to protect my eyes from the sun .,aku memakai kacamata hitam untuk melindungi mataku dari matahari .
1372,It was dark under the bridge.,Di bawah jembatan gelap.,(S (NP (PRP It)) (VP (VBD was) (ADJP (JJ dark)) (PP (IN under) (NP (DT the) (NN bridge)))) (. .)),simple,it was dark under the bridge .,di bawah jembatan gelap .
1855,I guess Tom is looking for Mary.,Kurasa Tom sedang mencari Mary.,(S (NP (PRP I)) (VP (VBP guess) (SBAR (S (NP (NNP Tom)) (VP (VBZ is) (VP (VBG looking) (PP (IN for) (NP (NNP Mary)))))))) (. .)),complex,i guess tom is looking for mary .,kurasa tom sedang mencari mary .
2965,Tom Jackson is the author of this book.,Tom Jackson adalah penulis buku ini.,(S (NP (NNP Tom) (NNP Jackson)) (VP (VBZ is) (NP (NP (DT the) (NN author)) (PP (IN of) (NP (DT this) (NN book))))) (. .)),simple,tom jackson is the author of this book .,tom jackson adalah penulis buku ini .
1319,He is allergic to house dust.,Dia alergi pada debu rumah.,(S (NP (PRP He)) (VP (VBZ is) (ADJP (JJ allergic) (PP (IN to) (NP (NN house) (NN dust))))) (. .)),simple,he is allergic to house dust .,dia alergi pada debu rumah .
2560,Smoking is not allowed in this room.,Tidak diperbolehkan merokok di ruangan ini.,(S (NP (NN Smoking)) (VP (VBZ is) (RB not) (VP (VBN allowed) (PP (IN in) (NP (DT this) (NN room))))) (. .)),simple,smoking is not allowed in this room .,tidak diperbolehkan merokok di ruangan ini .
4208,The inhabitants of the city depend upon the river for drinking water.,Penduduk kota itu bergantung pada sungai untuk air minum.,(S (NP (NP (DT The) (NNS inhabitants)) (PP (IN of) (NP (DT the) (NN city)))) (VP (VBP depend) (PP (IN upon) (NP (DT the) (NN river))) (PP (IN for) (NP (VBG drinking) (NN water)))) (. .)),simple,the inhabitants of the city depend upon the river for drinking water .,penduduk kota itu bergantung pada sungai untuk air minum .
3674,Scientists haven't found a cure for cancer yet.,Para ilmuwan masih belum menemukan obat untuk kanker.,(S (NP (NNS Scientists)) (VP (VBP have) (RB n't) (VP (VBN found) (NP (NP (DT a) (NN cure)) (PP (IN for) (NP (NN cancer)))) (ADVP (RB yet)))) (. .)),simple,scientists haven t found a cure for cancer yet .,para ilmuwan masih belum menemukan obat untuk kanker .
3253,It was not until yesterday that I knew it.,Baru kemarin aku mengetahuinya.,(S (NP (PRP It)) (VP (VBD was) (RB not) (PP (IN until) (NP (NN yesterday))) (SBAR (WHADVP (WDT that)) (S (NP (PRP I)) (VP (VBD knew) (NP (PRP it)))))) (. .)),complex,it was not until yesterday that i knew it .,baru kemarin aku mengetahuinya .
375,I'm a friend of Tom's.,Saya teman Tom.,(S (NP (PRP I)) (VP (VBP 'm) (NP (NP (DT a) (NN friend)) (PP (IN of) (NP (NNP Tom) (POS 's))))) (. .)),simple,i m a friend of tom s .,saya teman tom .
1908,Tell your mother about the trip.,Beritahukan ibumu soal perjalanan itu.,(S (VP (VB Tell) (NP (PRP$ your) (NN mother)) (PP (IN about) (NP (DT the) (NN trip)))) (. .)),simple,tell your mother about the trip .,beritahukan ibumu soal perjalanan itu .
333,Don't forget about us!,Jangan lupakan kami!,(S (VP (VB Do) (RB n't) (VP (VB forget) (PP (IN about) (NP (PRP us))))) (. !)),simple,don t forget about us !,jangan lupakan kami !
3375,The bridge had been built before that time.,Jembatannya telah dibangun sebelum waktu itu.,(S (NP (DT The) (NN bridge)) (VP (VBD had) (VP (VBN been) (VP (VBN built) (PP (IN before) (NP (DT that) (NN time)))))) (. .)),simple,the bridge had been built before that time .,jembatannya telah dibangun sebelum waktu itu .
3448,It seems a waste of time to wait any longer.,Sepertinya akan membuang-buang waktu jika kita menunggu lebih lama lagi.,(S (NP (NP (PRP It))) (VP (VBZ seems) (S (NP (NP (DT a) (NN waste)) (PP (IN of) (NP (NN time))))) (S (VP (TO to) (VP (VB wait) (ADVP (DT any) (RBR longer)))))) (. .)),simple,it seems a waste of time to wait any longer .,sepertinya akan membuang buang waktu jika kita menunggu lebih lama lagi .
2365,I thought Tom had gotten over Mary.,Aku pikir Tom sudah lelah mengejar Mary.,(S (NP (PRP I)) (VP (VBD thought) (SBAR (S (NP (NNP Tom)) (VP (VBD had) (VP (VBN gotten) (PP (RP over) (NP (NNP Mary)))))))) (. .)),complex,i thought tom had gotten over mary .,aku pikir tom sudah lelah mengejar mary .
1604,Tom has lived here since 2003.,Tom sudah tinggal di sini dari tahun 2003.,(S (NP (NNP Tom)) (VP (VBZ has) (VP (VBN lived) (ADVP (RB here)) (PP (IN since) (NP (CD 2003))))) (. .)),simple,tom has lived here since .,tom sudah tinggal di sini dari tahun .
1118,Why are we going to Boston?,Kenapa kita pergi ke Boston?,(SBARQ (WHADVP (WRB Why)) (SQ (VBP are) (NP (PRP we)) (VP (VBG going) (PP (IN to) (NP (NNP Boston))))) (. ?)),simple,why are we going to boston ?,kenapa kita pergi ke boston ?
4179,"When she was in Los Angeles, she had at least six different jobs.","Ketika ia berada di Los Angeles, ia memiliki setidaknya enam pekerjaan yang berbeda.","(S (SBAR (WHADVP (WRB When)) (S (NP (PRP she)) (VP (VBD was) (PP (IN in) (NP (NNP Los) (NNP Angeles)))))) (, ,) (NP (PRP she)) (VP (VBD had) (NP (QP (ADVP (RB at) (RBS least)) (CD six)) (JJ different) (NNS jobs))) (. .))",complex,when she was in los angeles she had at least six different jobs .,ketika ia berada di los angeles ia memiliki setidaknya enam pekerjaan yang berbeda .
1943,Tom is getting ready for school.,Tom bersiap pergi ke sekolah.,(S (NP (NNP Tom)) (VP (VBZ is) (VP (VBG getting) (ADJP (JJ ready) (PP (IN for) (NP (NN school)))))) (. .)),simple,tom is getting ready for school .,tom bersiap pergi ke sekolah .
2958,These shirts are selling like hotcakes.,Baju-baju ini laku keras,(S (NP (DT These) (NNS shirts)) (VP (VBP are) (VP (VBG selling) (PP (IN like) (NP (NNS hotcakes))))) (. .)),simple,these shirts are selling like hotcakes .,baju baju ini laku keras
3388,This house isn't big enough for our family.,Rumah ini tidak cukup besar untuk keluarga kami.,(S (NP (DT This) (NN house)) (VP (VBZ is) (RB n't) (ADJP (JJ big) (RB enough) (PP (IN for) (NP (PRP$ our) (NN family))))) (. .)),simple,this house isn t big enough for our family .,rumah ini tidak cukup besar untuk keluarga kami .
4257,"That's a funny thing about people like you, you don't want to get your hands dirty.","Itu adalah hal yang konyol, kalian tidak mau mengotori tangan kalian.","(S (S (NP (DT That)) (VP (VBZ 's) (NP (NP (DT a) (JJ funny) (NN thing)) (PP (IN about) (NP (NP (NNS people)) (PP (IN like) (NP (PRP you)))))))) (, ,) (S (NP (PRP you)) (VP (VBP do) (RB n't) (VP (VB want) (S (VP (TO to) (VP (VB get) (S (NP (PRP$ your) (NNS hands)) (ADJP (JJ dirty))))))))) (. .))",compound,that s a funny thing about people like you you don t want to get your hands dirty .,itu adalah hal yang konyol kalian tidak mau mengotori tangan kalian .
3404,Tom turned off the light and went to sleep.,Tom mematikan lampu dan pergi tidur.,(S (NP (NNP Tom)) (VP (VP (VBD turned) (PRT (RP off)) (NP (DT the) (NN light))) (CC and) (VP (VBD went) (PP (IN to) (NP (VB sleep))))) (. .)),simple,tom turned off the light and went to sleep .,tom mematikan lampu dan pergi tidur .
2376,I'm quite comfortable in this room.,Saya cukup nyaman di ruangan ini.,(S (NP (PRP I)) (VP (VBP 'm) (ADJP (RB quite) (JJ comfortable)) (PP (IN in) (NP (DT this) (NN room)))) (. .)),simple,i m quite comfortable in this room .,saya cukup nyaman di ruangan ini .
4081,The sunglasses made him look like an undercover policeman.,Kacamata hitam itu membuatnya terlihat seperti polisi dalam penyamaran.,(S (NP (DT The) (NNS sunglasses)) (VP (VBD made) (S (NP (PRP him)) (VP (VB look) (PP (IN like) (NP (DT an) (JJ undercover) (NN policeman)))))) (. .)),simple,the sunglasses made him look like an undercover policeman .,kacamata hitam itu membuatnya terlihat seperti polisi dalam penyamaran .
1342,I haven't seen him for years.,Aku tidak pernah bertemu dengannya selama bertahun-tahun.,(S (NP (PRP I)) (VP (VBP have) (RB n't) (VP (VBN seen) (NP (PRP him)) (PP (IN for) (NP (NNS years))))) (. .)),simple,i haven t seen him for years .,aku tidak pernah bertemu dengannya selama bertahun tahun .
320,Where are you off to?,Anda akan pergi ke mana?,(SBARQ (WHADVP (WRB Where)) (SQ (VBP are) (NP (PRP you)) (PP (IN off) (PP (IN to)))) (. ?)),simple,where are you off to ?,anda akan pergi ke mana ?
1619,We took the enemy by surprise.,Kami dikejutkan oleh musuh.,(S (NP (PRP We)) (VP (VBD took) (NP (DT the) (NN enemy)) (PP (IN by) (NP (NN surprise)))) (. .)),simple,we took the enemy by surprise .,kami dikejutkan oleh musuh .
3663,I got a letter from a friend of mine in London.,Aku dapat surat dari temanku di London.,(S (NP (PRP I)) (VP (VBD got) (NP (DT a) (NN letter)) (PP (IN from) (NP (NP (DT a) (NN friend)) (PP (IN of) (NP (PRP mine))) (PP (IN in) (NP (NNP London)))))) (. .)),simple,i got a letter from a friend of mine in london .,aku dapat surat dari temanku di london .
2060,I've just arrived at the station.,Saya baru saja tiba di stasiun.,(S (NP (PRP I)) (VP (VBP 've) (ADVP (RB just)) (VP (VBN arrived) (PP (IN at) (NP (DT the) (NN station))))) (. .)),simple,i ve just arrived at the station .,saya baru saja tiba di stasiun .
2945,The dog was in the box under the table.,Anjing itu ada di dalam kotak di bawah meja.,(S (NP (DT The) (NN dog)) (VP (VBD was) (PP (IN in) (NP (NP (DT the) (NN box)) (PP (IN under) (NP (DT the) (NN table)))))) (. .)),simple,the dog was in the box under the table .,anjing itu ada di dalam kotak di bawah meja .
2219,My shoe size is the same as Tom's.,Ukuran sepatu saya sama dengan ukuran sepatu Tom.,(S (NP (PRP$ My) (NN shoe) (NN size)) (VP (VBZ is) (NP (NP (DT the) (JJ same)) (PP (IN as) (NP (NNP Tom) (POS 's))))) (. .)),simple,my shoe size is the same as tom s .,ukuran sepatu saya sama dengan ukuran sepatu tom .
1673,I don't want to go to the bank.,Saya tidak ingin pergi ke bank.,(S (NP (PRP I)) (VP (VBP do) (RB n't) (VP (VB want) (S (VP (TO to) (VP (VB go) (PP (IN to) (NP (DT the) (NN bank)))))))) (. .)),simple,i don t want to go to the bank .,saya tidak ingin pergi ke bank .
1942,Tom is an informant for the FBI.,Tom adalah informan untuk FBI.,(S (NP (NNP Tom)) (VP (VBZ is) (NP (NP (DT an) (NN informant)) (PP (IN for) (NP (DT the) (NNP FBI))))) (. .)),simple,tom is an informant for the fbi .,tom adalah informan untuk fbi .
260,He's under the chair.,Dia ada di bawah kursi.,(S (NP (PRP He)) (VP (VBZ 's) (PP (IN under) (NP (DT the) (NN chair)))) (. .)),simple,he s under the chair .,dia ada di bawah kursi .
3625,There were few students left in the classroom.,Ada sedikit siswa yang tersisa di kelas.,(S (NP (EX There)) (VP (VBD were) (NP (NP (JJ few) (NNS students)) (VP (VBN left) (PP (IN in) (NP (DT the) (NN classroom)))))) (. .)),simple,there were few students left in the classroom .,ada sedikit siswa yang tersisa di kelas .
2039,I have to go there for my father.,Saya harus pergi ke sana demi ayah saya.,(S (NP (PRP I)) (VP (VBP have) (S (VP (TO to) (VP (VB go) (ADVP (RB there)) (PP (IN for) (NP (PRP$ my) (NN father))))))) (. .)),simple,i have to go there for my father .,saya harus pergi ke sana demi ayah saya .
689,Your wife is mad at you.,Istrimu marah padamu.,(S (NP (PRP$ Your) (NN wife)) (VP (VBZ is) (ADJP (JJ mad) (PP (IN at) (NP (PRP you))))) (. .)),simple,your wife is mad at you .,istrimu marah padamu .
901,It can be used as a knife.,Ini bisa digunakan sebagai pisau.,(S (NP (PRP It)) (VP (MD can) (VP (VB be) (VP (VBN used) (PP (IN as) (NP (DT a) (NN knife)))))) (. .)),simple,it can be used as a knife .,ini bisa digunakan sebagai pisau .
2306,"When in Rome, do as the Romans do.","Di mana bumi dipijak, di situlah langit dijunjung.","(S (SBAR (WHADVP (WRB When)) (PP (IN in) (NP (NNP Rome)))) (, ,) (VP (VB do) (SBAR (IN as) (S (NP (DT the) (NNPS Romans)) (VP (VBP do))))) (. .))",complex,when in rome do as the romans do .,di mana bumi dipijak di situlah langit dijunjung .
2026,I am acquainted with your father.,Aku mengenal ayahmu.,(S (NP (PRP I)) (VP (VBP am) (VP (VBN acquainted) (PP (IN with) (NP (PRP$ your) (NN father))))) (. .)),simple,i am acquainted with your father .,aku mengenal ayahmu .
2892,Have you ever heard anything like that?,Pernahkah kau mendengar yang seperti itu?,(SQ (VBP Have) (NP (PRP you)) (ADVP (RB ever)) (VP (VBN heard) (NP (NP (NN anything)) (PP (IN like) (NP (DT that))))) (. ?)),simple,have you ever heard anything like that ?,pernahkah kau mendengar yang seperti itu ?
138,Get me up at eight.,Bangunkan aku jam delapan.,(S (VP (VB Get) (NP (PRP me)) (ADVP (ADVP (RB up)) (PP (IN at) (NP (CD eight))))) (. .)),simple,get me up at eight .,bangunkan aku jam delapan .
1917,The old man is blind in one eye.,Orang tua itu salah satu matanya buta.,(S (NP (DT The) (JJ old) (NN man)) (VP (VBZ is) (ADJP (JJ blind)) (PP (IN in) (NP (CD one) (NN eye)))) (. .)),simple,the old man is blind in one eye .,orang tua itu salah satu matanya buta .
1828,"Five gallons of regular, please.",Tolong 5 galon yang reguler.,"(NP (NP (NP (CD Five) (NNS gallons)) (PP (IN of) (ADJP (JJ regular)))) (, ,) (ADVP (RB please)) (. .))",simple,five gallons of regular please .,tolong galon yang reguler .
1573,The program ended at 7:00 p.m.,Acara itu berakhir pada pukul tujuh malam.,(S (NP (DT The) (NN program)) (VP (VBD ended) (PP (IN at) (NP (CD 7:00)))) (. p.m.)),simple,the program ended at p .m .,acara itu berakhir pada pukul tujuh malam .
319,Where are you off to?,Kau mau pergi ke mana?,(SBARQ (WHADVP (WRB Where)) (SQ (VBP are) (NP (PRP you)) (PP (IN off) (PP (IN to)))) (. ?)),simple,where are you off to ?,kau mau pergi ke mana ?
653,Tom was shocked by this.,Tom syok karena ini.,(S (NP (NNP Tom)) (VP (VBD was) (VP (VBN shocked) (PP (IN by) (NP (DT this))))) (. .)),simple,tom was shocked by this .,tom syok karena ini .
2137,We've known each other for years.,Sudah bertahun-tahun kami saling kenal.,(S (NP (PRP We)) (VP (VBP 've) (VP (VBN known) (NP (DT each) (JJ other)) (PP (IN for) (NP (NNS years))))) (. .)),simple,we ve known each other for years .,sudah bertahun tahun kami saling kenal .
3472,There are millions of stars in the universe.,Ada jutaan bintang di alam semesta.,(S (NP (EX There)) (VP (VBP are) (NP (NP (NNS millions)) (PP (IN of) (NP (NNS stars)))) (PP (IN in) (NP (DT the) (NN universe)))) (. .)),simple,there are millions of stars in the universe .,ada jutaan bintang di alam semesta .
558,Don't read in this room.,Jangan membaca di kamar ini.,(S (VP (VBP Do) (RB n't) (VP (VB read) (PP (IN in) (NP (DT this) (NN room))))) (. .)),simple,don t read in this room .,jangan membaca di kamar ini .
2187,I did nothing during the holidays.,Saya tidak melakukan apa-apa selama liburan.,(S (NP (PRP I)) (VP (VBD did) (NP (NN nothing)) (PP (IN during) (NP (DT the) (NNS holidays)))) (. .)),simple,i did nothing during the holidays .,saya tidak melakukan apa apa selama liburan .
112,Let go of my hand.,Lepaskan tanganku.,(S (VP (VB Let) (VP (VB go) (PP (IN of) (NP (PRP$ my) (NN hand))))) (. .)),simple,let go of my hand .,lepaskan tanganku .
531,We danced to the music.,Kami menari mengikuti alunan musik.,(S (NP (PRP We)) (VP (VBD danced) (PP (IN to) (NP (DT the) (NN music)))) (. .)),simple,we danced to the music .,kami menari mengikuti alunan musik .
224,Tom has lied to you.,Tom sudah berbohong padamu.,(S (NP (NNP Tom)) (VP (VBZ has) (VP (VBN lied) (PP (IN to) (NP (PRP you))))) (. .)),simple,tom has lied to you .,tom sudah berbohong padamu .
723,I can't live without him.,Aku tidak bisa hidup tanpa dia.,(S (NP (PRP I)) (VP (MD ca) (RB n't) (VP (VB live) (PP (IN without) (NP (PRP him))))) (. .)),simple,i can t live without him .,aku tidak bisa hidup tanpa dia .
3693,Tom suggested that I go to Australia with Mary.,Tom menyarankanku pergi ke Australia dengan Mary.,(S (NP (NNP Tom)) (VP (VBD suggested) (SBAR (IN that) (S (NP (PRP I)) (VP (VB go) (PP (IN to) (NP (NNP Australia))) (PP (IN with) (NP (NNP Mary))))))) (. .)),complex,tom suggested that i go to australia with mary .,tom menyarankanku pergi ke australia dengan mary .
2883,"Could I speak to you for a moment, Tom?","Dapatkah saya berbicara denganmu sebentar, Tom?","(SQ (MD Could) (NP (PRP I)) (VP (VB speak) (PP (IN to) (NP (PRP you))) (PP (IN for) (NP (DT a) (NN moment))) (, ,) (NP (NNP Tom))) (. ?))",simple,could i speak to you for a moment tom ?,dapatkah saya berbicara denganmu sebentar tom ?
3869,The interview is scheduled for 10:00 a.m. tomorrow.,Wawancara telah dijadwalkan pada jam 10 pagi besok.,(S (NP (DT The) (NN interview)) (VP (VBZ is) (VP (VBN scheduled) (PP (IN for) (NP (NP (CD 10:00) (RB a.m.)) (NP (NN tomorrow)))))) (. .)),simple,the interview is scheduled for a .m . tomorrow .,wawancara telah dijadwalkan pada jam pagi besok .
1433,Tom ran back down the stairs.,Tom berlari kembali menuruni tangga.,(S (NP (NNP Tom)) (VP (VBD ran) (ADVP (RB back)) (PP (IN down) (NP (DT the) (NNS stairs)))) (. .)),simple,tom ran back down the stairs .,tom berlari kembali menuruni tangga .
2373,I'm accustomed to getting up early.,Aku terbiasa bangun pagi.,(S (NP (PRP I)) (VP (VBP 'm) (ADJP (VBN accustomed) (PP (IN to) (S (VP (VBG getting) (ADVP (RP up)) (ADVP (RB early))))))) (. .)),simple,i m accustomed to getting up early .,aku terbiasa bangun pagi .
3573,Do you want more free time in your daily life?,Apakah kamu ingin lebih banyak waktu luang dalam keseharianmu?,(SQ (VBP Do) (NP (PRP you)) (VP (VB want) (NP (NP (JJR more) (JJ free) (NN time)) (PP (IN in) (NP (PRP$ your) (JJ daily) (NN life))))) (. ?)),simple,do you want more free time in your daily life ?,apakah kamu ingin lebih banyak waktu luang dalam keseharianmu ?
3594,I'll be working on my report all day tomorrow.,Besok aku akan mengerjakan laporanku seharian.,(S (NP (PRP I)) (VP (MD 'll) (VP (VB be) (VP (VBG working) (PP (IN on) (NP (PRP$ my) (NN report))) (NP (NP (DT all) (NN day)) (NN tomorrow))))) (. .)),simple,i ll be working on my report all day tomorrow .,besok aku akan mengerjakan laporanku seharian .
1458,You seem like a smart person.,Kamu sepertinya seorang yang pandai.,(S (NP (PRP You)) (VP (VBP seem) (PP (IN like) (NP (DT a) (JJ smart) (NN person)))) (. .)),simple,you seem like a smart person .,kamu sepertinya seorang yang pandai .
3097,Who'd want to live in a place like this?,Siapa yang ingin tinggal di tempat yang seperti ini?,(SBARQ (WHNP (WP Who)) (SQ (MD 'd) (VP (VB want) (S (VP (TO to) (VP (VB live) (PP (IN in) (NP (NP (DT a) (NN place)) (PP (IN like) (NP (DT this)))))))))) (. ?)),simple,who d want to live in a place like this ?,siapa yang ingin tinggal di tempat yang seperti ini ?
4068,All the members were not present at the meeting yesterday.,Semua anggota tidak menghadiri rapat kemarin.,(S (NP (PDT All) (DT the) (NNS members)) (VP (VBD were) (RB not) (ADJP (JJ present)) (PP (IN at) (NP (DT the) (NN meeting))) (NP (NN yesterday))) (. .)),simple,all the members were not present at the meeting yesterday .,semua anggota tidak menghadiri rapat kemarin .
2762,Did you hear about the fire yesterday?,Apa kamu dengar tentang kebakaran yang terjadi kemarin?,(SQ (VBD Did) (NP (PRP you)) (VP (VB hear) (PP (IN about) (NP (DT the) (NN fire))) (NP (NN yesterday))) (. ?)),simple,did you hear about the fire yesterday ?,apa kamu dengar tentang kebakaran yang terjadi kemarin ?
846,Everybody looks up to him.,Semua orang menaruh hormat padanya.,(S (NP (NN Everybody)) (VP (VBZ looks) (PRT (RP up)) (PP (IN to) (NP (PRP him)))) (. .)),simple,everybody looks up to him .,semua orang menaruh hormat padanya .
193,I am short of money.,Aku kekurangan uang.,(S (NP (PRP I)) (VP (VBP am) (ADJP (JJ short) (PP (IN of) (NP (NN money))))) (. .)),simple,i am short of money .,aku kekurangan uang .
1464,Construction began in October.,Pembangunannya dimulai pada bulan Oktober.,(S (NP (NN Construction)) (VP (VBD began) (PP (IN in) (NP (NNP October)))) (. .)),simple,construction began in october .,pembangunannya dimulai pada bulan oktober .
2621,We'll be getting married in October.,Kami akan menikah bulan Oktober.,(S (NP (PRP We)) (VP (MD 'll) (VP (VB be) (VP (VP (VBG getting) (ADJP (VBN married))) (PP (IN in) (NP (NNP October)))))) (. .)),simple,we ll be getting married in october .,kami akan menikah bulan oktober .
946,Tom isn't as rich as Mary.,Tom tidak sekaya Mary.,(S (NP (NNP Tom)) (VP (VBZ is) (RB n't) (ADJP (ADJP (RB as) (JJ rich)) (PP (IN as) (NP (NNP Mary))))) (. .)),simple,tom isn t as rich as mary .,tom tidak sekaya mary .
2021,He's a carbon copy of his father.,Dia adalah salinan dari ayahnya.,(S (NP (PRP He)) (VP (VBZ 's) (NP (NP (DT a) (NN carbon) (NN copy)) (PP (IN of) (NP (PRP$ his) (NN father))))) (. .)),simple,he s a carbon copy of his father .,dia adalah salinan dari ayahnya .
2551,Nothing bad has ever happened to me.,Tidak ada hal buruk yang pernah terjadi padaku.,(S (NP (NN Nothing) (ADJP (JJ bad))) (VP (VBZ has) (ADVP (RB ever)) (VP (VBN happened) (PP (IN to) (NP (PRP me))))) (. .)),simple,nothing bad has ever happened to me .,tidak ada hal buruk yang pernah terjadi padaku .
1629,"Why won't you talk to me, Tom?","Kenapa kamu tidak mau berbicara denganku, Tom?","(SBARQ (WHADVP (WRB Why)) (SQ (MD wo) (RB n't) (NP (PRP you)) (VP (VB talk) (PP (PP (IN to) (NP (PRP me))) (, ,) (NP (NNP Tom))))) (. ?))",simple,why won t you talk to me tom ?,kenapa kamu tidak mau berbicara denganku tom ?
2928,Late autumn in Scotland is rather cold.,Suhu di Skotlandia cukup dingin pada akhir musim gugur.,(S (NP (NP (JJ Late) (NN autumn)) (PP (IN in) (NP (NNP Scotland)))) (VP (VBZ is) (ADJP (RB rather) (JJ cold))) (. .)),simple,late autumn in scotland is rather cold .,suhu di skotlandia cukup dingin pada akhir musim gugur .
117,May I talk to you?,Bolehkah saya berbicara denganmu?,(SQ (MD May) (NP (PRP I)) (VP (VB talk) (PP (IN to) (NP (PRP you)))) (. ?)),simple,may i talk to you ?,bolehkah saya berbicara denganmu ?
645,Tom is my father-in-law.,Tom adalah mertuaku.,(S (NP (NNP Tom)) (VP (VBZ is) (NP (NP (PRP$ my) (NN father)) (HYPH -) (PP (IN in) (HYPH -) (NP (NN law))))) (. .)),simple,tom is my father in law .,tom adalah mertuaku .
1870,I was kicked out of high school.,Saya dikeluarkan dari SMA.,(S (NP (PRP I)) (VP (VBD was) (VP (VBN kicked) (PP (IN out) (PP (IN of) (NP (JJ high) (NN school)))))) (. .)),simple,i was kicked out of high school .,saya dikeluarkan dari sma .
3,Look at me.,Lihat aku.,(S (VP (VB Look) (PP (IN at) (NP (PRP me)))) (. .)),simple,look at me .,lihat aku .
74,I work as a cook.,Aku bekerja sebagai juru masak.,(S (NP (PRP I)) (VP (VBP work) (PP (IN as) (NP (DT a) (NN cook)))) (. .)),simple,i work as a cook .,aku bekerja sebagai juru masak .
1755,Tom almost fell off the bridge.,Tom hampir jatuh dari jembatan.,(S (NP (NNP Tom)) (ADVP (RB almost)) (VP (VBD fell) (PP (IN off) (NP (DT the) (NN bridge)))) (. .)),simple,tom almost fell off the bridge .,tom hampir jatuh dari jembatan .
467,I went skiing with Tom.,Aku pergi berski dengan Tom.,(S (NP (PRP I)) (VP (VBD went) (NP (NN skiing)) (PP (IN with) (NP (NNP Tom)))) (. .)),simple,i went skiing with tom .,aku pergi berski dengan tom .
5,Step on it!,Cepat!,(S (VP (VB Step) (PP (IN on) (NP (PRP it)))) (. !)),simple,step on it !,cepat !
1246,Tom picked a lot of flowers.,Tom memetik banyak bunga.,(S (NP (NNP Tom)) (VP (VBD picked) (NP (NP (DT a) (NN lot)) (PP (IN of) (NP (NNS flowers))))) (. .)),simple,tom picked a lot of flowers .,tom memetik banyak bunga .
919,She slept for a few hours.,Dia tidur selama beberapa jam.,(S (NP (PRP She)) (VP (VBD slept) (PP (IN for) (NP (DT a) (JJ few) (NNS hours)))) (. .)),simple,she slept for a few hours .,dia tidur selama beberapa jam .
2595,Tom enjoys listening to heavy metal.,Tom suka mendengarkan musik heavy metal.,(S (NP (NNP Tom)) (VP (VBZ enjoys) (S (VP (VBG listening) (PP (IN to) (NP (JJ heavy) (NN metal)))))) (. .)),simple,tom enjoys listening to heavy metal .,tom suka mendengarkan musik heavy metal .
228,Tom is still in bed.,Tom masih di tempat tidur.,(S (NP (NNP Tom)) (VP (VBZ is) (ADVP (RB still)) (PP (IN in) (NP (NN bed)))) (. .)),simple,tom is still in bed .,tom masih di tempat tidur .
1063,Please write with a pencil.,Tolong tulis menggunakan pensil.,(S (VB Please) (VP (VB write) (PP (IN with) (NP (DT a) (NN pencil)))) (. .)),simple,please write with a pencil .,tolong tulis menggunakan pensil .
2590,This picture was taken in Australia.,Foto ini diambil di Australia.,(S (NP (DT This) (NN picture)) (VP (VBD was) (VP (VBN taken) (PP (IN in) (NP (NNP Australia))))) (. .)),simple,this picture was taken in australia .,foto ini diambil di australia .
242,You can rely on him.,Kau bisa mengandalkannya.,(S (NP (PRP You)) (VP (MD can) (VP (VB rely) (PP (IN on) (NP (PRP him))))) (. .)),simple,you can rely on him .,kau bisa mengandalkannya .
2946,The garage is at the side of the house.,Garasinya terletak di sebelah rumah.,(S (NP (DT The) (NN garage)) (VP (VBZ is) (PP (IN at) (NP (NP (DT the) (NN side)) (PP (IN of) (NP (DT the) (NN house)))))) (. .)),simple,the garage is at the side of the house .,garasinya terletak di sebelah rumah .
3930,He breathed deeply before entering his boss's office.,Dia menarik napas dalam-dalam sebelum masuk ke kantor bosnya.,(S (NP (PRP He)) (VP (VBD breathed) (ADVP (RB deeply)) (PP (IN before) (S (VP (VBG entering) (NP (NP (PRP$ his) (NN boss) (POS 's)) (NN office)))))) (. .)),simple,he breathed deeply before entering his boss s office .,dia menarik napas dalam dalam sebelum masuk ke kantor bosnya .
1160,I want to speak to a lawyer.,Saya ingin berbicara dengan seorang pengacara.,(S (NP (PRP I)) (VP (VBP want) (S (VP (TO to) (VP (VB speak) (PP (IN to) (NP (DT a) (NN lawyer))))))) (. .)),simple,i want to speak to a lawyer .,saya ingin berbicara dengan seorang pengacara .
3756,You will soon accustom yourself to the new life.,Kamu akan segera terbiasa dengan hidup barumu.,(S (NP (PRP You)) (VP (MD will) (ADVP (RB soon)) (VP (VB accustom) (NP (PRP yourself)) (PP (IN to) (NP (DT the) (JJ new) (NN life))))) (. .)),simple,you will soon accustom yourself to the new life .,kamu akan segera terbiasa dengan hidup barumu .
3781,Mt. Everest is the tallest mountain in the world.,Gunung Everest adalah gunung tertinggi di dunia.,(S (NP (NNP Mt.) (NNP Everest)) (VP (VBZ is) (NP (NP (DT the) (JJS tallest) (NN mountain)) (PP (IN in) (NP (DT the) (NN world))))) (. .)),simple,mt . everest is the tallest mountain in the world .,gunung everest adalah gunung tertinggi di dunia .
3346,It was clear Tom was capable of doing that.,Sudah jelas bahwa Tom bisa melakukannya.,(S (NP (NP (PRP It))) (VP (VBD was) (ADJP (JJ clear) (SBAR (S (NP (NNP Tom)) (VP (VBD was) (ADJP (JJ capable) (PP (IN of) (S (VP (VBG doing) (NP (DT that))))))))))) (. .)),complex,it was clear tom was capable of doing that .,sudah jelas bahwa tom bisa melakukannya .
2890,Don't forget to meet me at the station.,Jangan lupa untuk bertemu saya di stasiun.,(S (VP (VBP Do) (RB n't) (VP (VB forget) (S (VP (TO to) (VP (VB meet) (NP (PRP me)) (PP (IN at) (NP (DT the) (NN station)))))))) (. .)),simple,don t forget to meet me at the station .,jangan lupa untuk bertemu saya di stasiun .
2563,The bark of this tree is very rough.,Kulit pohon ini sangat kasar.,(S (NP (NP (DT The) (NN bark)) (PP (IN of) (NP (DT this) (NN tree)))) (VP (VBZ is) (ADJP (RB very) (JJ rough))) (. .)),simple,the bark of this tree is very rough .,kulit pohon ini sangat kasar .
2671,I'll help you move to your new house.,Aku akan membantumu pindah ke rumah barumu.,(S (NP (PRP I)) (VP (MD 'll) (VP (VB help) (NP (PRP you)) (S (VP (VB move) (PP (IN to) (NP (PRP$ your) (JJ new) (NN house))))))) (. .)),simple,i ll help you move to your new house .,aku akan membantumu pindah ke rumah barumu .
1526,I'm going to Europe next week.,Aku akan pergi ke Eropa minggu depan.,(S (NP (PRP I)) (VP (VBP 'm) (VP (VBG going) (PP (IN to) (NP (NNP Europe))) (NP (JJ next) (NN week)))) (. .)),simple,i m going to europe next week .,aku akan pergi ke eropa minggu depan .
1605,Tom is in Australia this year.,Tom berada di Australia tahun ini.,(S (NP (NNP Tom)) (VP (VBZ is) (PP (IN in) (NP (NNP Australia))) (NP (DT this) (NN year))) (. .)),simple,tom is in australia this year .,tom berada di australia tahun ini .
4148,We spend too much time talking about things that don't matter.,Kita terlalu banyak menghabiskan waktu untuk membicarakan hal-hal yang tidak penting.,(S (NP (PRP We)) (VP (VBP spend) (NP (ADJP (RB too) (JJ much)) (NN time)) (S (VP (VBG talking) (PP (IN about) (NP (NP (NNS things)) (SBAR (WHNP (WDT that)) (S (VP (VBP do) (RB n't) (VP (VB matter)))))))))) (. .)),complex,we spend too much time talking about things that don t matter .,kita terlalu banyak menghabiskan waktu untuk membicarakan hal hal yang tidak penting .
2324,Do you want to play tennis with us?,Kamu mau main tenis bersama kami?,(SQ (VBP Do) (NP (PRP you)) (VP (VB want) (S (VP (TO to) (VP (VB play) (NP (NN tennis)) (PP (IN with) (NP (PRP us))))))) (. ?)),simple,do you want to play tennis with us ?,kamu mau main tenis bersama kami ?
2709,This is the best camera in the store.,Ini adalah kamera terbaik di toko tersebut.,(S (NP (DT This)) (VP (VBZ is) (NP (NP (DT the) (JJS best) (NN camera)) (PP (IN in) (NP (DT the) (NN store))))) (. .)),simple,this is the best camera in the store .,ini adalah kamera terbaik di toko tersebut .
3483,Tom is still being questioned by the police.,Saat ini Tom masih dimintai kesaksian oleh polisi.,(S (NP (NNP Tom)) (VP (VBZ is) (ADVP (RB still)) (VP (VBG being) (VP (VBN questioned) (PP (IN by) (NP (DT the) (NN police)))))) (. .)),simple,tom is still being questioned by the police .,saat ini tom masih dimintai kesaksian oleh polisi .
3830,There are cherry trees on each side of the street.,Ada pohon ceri di setiap sisi jalan.,(S (NP (EX There)) (VP (VBP are) (NP (NN cherry) (NNS trees)) (PP (IN on) (NP (NP (DT each) (NN side)) (PP (IN of) (NP (DT the) (NN street)))))) (. .)),simple,there are cherry trees on each side of the street .,ada pohon ceri di setiap sisi jalan .
1989,You have to finish this by 2:30.,Kalian harus menyelesaikan ini sebelum pukul 2.30.,(S (NP (PRP You)) (VP (VBP have) (S (VP (TO to) (VP (VB finish) (NP (DT this)) (PP (IN by) (NP (CD 2:30))))))) (. .)),simple,you have to finish this by .,kalian harus menyelesaikan ini sebelum pukul . .
3517,I don't think Tom will be at school tomorrow.,Aku tidak berpikir kalau Tom akan ada di sekolah besok.,(S (NP (PRP I)) (VP (VBP do) (RB n't) (VP (VB think) (SBAR (S (NP (NNP Tom)) (VP (MD will) (VP (VB be) (PP (IN at) (NP (NN school))) (NP (NN tomorrow)))))))) (. .)),complex,i don t think tom will be at school tomorrow .,aku tidak berpikir kalau tom akan ada di sekolah besok .
2362,I never wanted to compete with you.,Aku tidak pernah ingin bersaing denganmu.,(S (NP (PRP I)) (ADVP (RB never)) (VP (VBD wanted) (S (VP (TO to) (VP (VB compete) (PP (IN with) (NP (PRP you))))))) (. .)),simple,i never wanted to compete with you .,aku tidak pernah ingin bersaing denganmu .
1975,We've only got one shot at this.,Kita hanya punya satu kesempatan.,(S (NP (PRP We)) (VP (VBP 've) (ADVP (RB only)) (VP (VBD got) (NP (NP (CD one) (NN shot)) (PP (IN at) (NP (DT this)))))) (. .)),simple,we ve only got one shot at this .,kita hanya punya satu kesempatan .
1761,Tom had a good opinion of Mary.,Tom dulu memiliki anggapan yang baik tentang Mary.,(S (NP (NNP Tom)) (VP (VBD had) (NP (NP (DT a) (JJ good) (NN opinion)) (PP (IN of) (NP (NNP Mary))))) (. .)),simple,tom had a good opinion of mary .,tom dulu memiliki anggapan yang baik tentang mary .
1305,Don't make a scene in public.,Jangan buat keributan di depan umum.,(S (VP (VBP Do) (RB n't) (VP (VB make) (NP (DT a) (NN scene)) (PP (IN in) (NP (JJ public))))) (. .)),simple,don t make a scene in public .,jangan buat keributan di depan umum .
2739,We got here at exactly the same time.,Kami tiba di sini hampir bersamaan.,(S (NP (PRP We)) (VP (VBD got) (ADVP (RB here)) (PP (IN at) (NP (RB exactly) (DT the) (JJ same) (NN time)))) (. .)),simple,we got here at exactly the same time .,kami tiba di sini hampir bersamaan .
1541,No one lives in this building.,Tidak ada yang tinggal di gedung ini.,(S (NP (DT No) (NN one)) (VP (VBZ lives) (PP (IN in) (NP (DT this) (NN building)))) (. .)),simple,no one lives in this building .,tidak ada yang tinggal di gedung ini .
3921,What's the scariest thing that ever happened to you?,Hal apa yang paling menakutkan dan pernah terjadi padamu?,(SBARQ (WHNP (WP What)) (SQ (VP (VBZ 's) (NP (NP (DT the) (JJS scariest) (NN thing)) (SBAR (WHNP (WDT that)) (S (ADVP (RB ever)) (VP (VBD happened) (PP (IN to) (NP (PRP you))))))))) (. ?)),complex,what s the scariest thing that ever happened to you ?,hal apa yang paling menakutkan dan pernah terjadi padamu ?
2472,Why don't you come dancing with me?,Maukah kamu berdansa denganku?,(SBARQ (WHADVP (WRB Why)) (SQ (VBP do) (RB n't) (NP (PRP you)) (VP (VB come) (VP (VBG dancing) (PP (IN with) (NP (PRP me)))))) (. ?)),simple,why don t you come dancing with me ?,maukah kamu berdansa denganku ?
2642,He came here all the way from London.,Dia datang ke sini jauh-jauh dari London.,(S (NP (PRP He)) (VP (VBD came) (ADVP (RB here)) (NP (PDT all) (DT the) (NN way)) (PP (IN from) (NP (NNP London)))) (. .)),simple,he came here all the way from london .,dia datang ke sini jauh jauh dari london .
2795,"I'll be back by tomorrow, if possible.","Kalau memungkinkan, saya akan kembali besok.","(S (NP (PRP I)) (VP (MD 'll) (VP (VB be) (ADVP (RB back)) (PP (IN by) (NP (NN tomorrow))) (, ,) (SBAR (IN if) (FRAG (ADJP (JJ possible)))))) (. .))",complex,i ll be back by tomorrow if possible .,kalau memungkinkan saya akan kembali besok .
622,Thanks for volunteering.,Terima kasih sudah menjadi sukarelawan.,(NP (NP (NNS Thanks)) (PP (IN for) (NP (NN volunteering))) (. .)),simple,thanks for volunteering .,terima kasih sudah menjadi sukarelawan .
3463,The bus was late because of the traffic jam.,Busnya terlambat karena kemacetan lalu lintas.,(S (NP (DT The) (NN bus)) (VP (VBD was) (ADJP (JJ late)) (PP (IN because) (IN of) (NP (DT the) (NN traffic) (NN jam)))) (. .)),simple,the bus was late because of the traffic jam .,busnya terlambat karena kemacetan lalu lintas .
1493,How about going to the movies?,Bagaimana kalau pergi ke bioskop?,(FRAG (WHADVP (WRB How)) (IN about) (S (VP (VBG going) (PP (IN to) (NP (DT the) (NNS movies))))) (. ?)),simple,how about going to the movies ?,bagaimana kalau pergi ke bioskop ?
110,Leave it up to me.,Serahkan padaku.,(S (VP (VB Leave) (NP (PRP it)) (PP (IN up) (PP (IN to) (NP (PRP me))))) (. .)),simple,leave it up to me .,serahkan padaku .
2275,Tom is in love with another woman.,Tom sedang jatuh cinta dengan wanita lain.,(S (NP (NNP Tom)) (VP (VBZ is) (PP (IN in) (NP (NP (NN love)) (PP (IN with) (NP (DT another) (NN woman)))))) (. .)),simple,tom is in love with another woman .,tom sedang jatuh cinta dengan wanita lain .
3393,Tom doesn't get invited to parties anymore.,Tom tidak lagi diundang ke pesta.,(S (NP (NNP Tom)) (VP (VBZ does) (RB n't) (VP (VB get) (VP (VBN invited) (PP (IN to) (NP (NNS parties))) (ADVP (RB anymore))))) (. .)),simple,tom doesn t get invited to parties anymore .,tom tidak lagi diundang ke pesta .
1169,I'll be back in three hours.,Saya akan kembali dalam tiga jam.,(S (NP (PRP I)) (VP (MD 'll) (VP (VB be) (ADVP (RB back)) (PP (IN in) (NP (CD three) (NNS hours))))) (. .)),simple,i ll be back in three hours .,saya akan kembali dalam tiga jam .
3688,Tom and Mary have been dating for three months.,Tom dan Mary telah berkencan selama tiga bulan.,(S (NP (NNP Tom) (CC and) (NNP Mary)) (VP (VBP have) (VP (VBN been) (VP (VBG dating) (PP (IN for) (NP (CD three) (NNS months)))))) (. .)),simple,tom and mary have been dating for three months .,tom dan mary telah berkencan selama tiga bulan .
232,Tom was on vacation.,Tom sedang liburan.,(S (NP (NNP Tom)) (VP (VBD was) (PP (IN on) (NP (NN vacation)))) (. .)),simple,tom was on vacation .,tom sedang liburan .
66,Hold on a second.,Tunggu sebentar.,(S (VP (VB Hold) (PP (IN on) (NP (DT a) (NN second)))) (. .)),simple,hold on a second .,tunggu sebentar .
4076,Japan is one of the greatest economic powers in the world.,Jepang adalah salah satu kekuatan ekonomi terbesar di dunia.,(S (NP (NNP Japan)) (VP (VBZ is) (NP (NP (CD one)) (PP (IN of) (NP (NP (DT the) (JJS greatest) (JJ economic) (NNS powers)) (PP (IN in) (NP (DT the) (NN world))))))) (. .)),simple,japan is one of the greatest economic powers in the world .,jepang adalah salah satu kekuatan ekonomi terbesar di dunia .
2072,Please close the door behind you.,Tolong tutup pintu di belakangmu.,(S (VB Please) (VP (VB close) (NP (NP (DT the) (NN door)) (PP (IN behind) (NP (PRP you))))) (. .)),simple,please close the door behind you .,tolong tutup pintu di belakangmu .
3283,Tom has a very bad reputation around town.,Tom memiliki reputasi yang sangat buruk di sekitar kota.,(S (NP (NNP Tom)) (VP (VBZ has) (NP (DT a) (ADJP (RB very) (JJ bad)) (NN reputation)) (PP (IN around) (NP (NN town)))) (. .)),simple,tom has a very bad reputation around town .,tom memiliki reputasi yang sangat buruk di sekitar kota .
2192,I hear you're very good at French.,Kudengar kamu sangat pandai berbahasa Prancis.,(S (NP (PRP I)) (VP (VBP hear) (SBAR (S (NP (PRP you)) (VP (VBP 're) (ADJP (RB very) (JJ good) (PP (IN at) (NP (NNP French)))))))) (. .)),complex,i hear you re very good at french .,kudengar kamu sangat pandai berbahasa prancis .
536,What're we looking for?,Apa yang sedang kita cari?,(SBARQ (WHNP (WP What)) (SQ (VBP 're) (NP (PRP we)) (VP (VBG looking) (PP (IN for)))) (. ?)),simple,what re we looking for ?,apa yang sedang kita cari ?
2859,Tom wasn't injured in the train wreck.,Tom tidak terluka dalam kecelakaan kereta itu.,(S (NP (NNP Tom)) (VP (VBD was) (RB n't) (VP (VBN injured) (PP (IN in) (NP (DT the) (NN train) (NN wreck))))) (. .)),simple,tom wasn t injured in the train wreck .,tom tidak terluka dalam kecelakaan kereta itu .
125,Tom stood in line.,Tom berjajar dalam barisan.,(S (NP (NNP Tom)) (VP (VBD stood) (PP (IN in) (NP (NN line)))) (. .)),simple,tom stood in line .,tom berjajar dalam barisan .
2133,We stayed there for three months.,Kami tinggal di sana selama tiga bulan.,(S (NP (PRP We)) (VP (VBD stayed) (ADVP (RB there)) (PP (IN for) (NP (CD three) (NNS months)))) (. .)),simple,we stayed there for three months .,kami tinggal di sana selama tiga bulan .
1254,Tom was sleeping in his car.,Tom sedang tidur di dalam mobilnya.,(S (NP (NNP Tom)) (VP (VBD was) (VP (VBG sleeping) (PP (IN in) (NP (PRP$ his) (NN car))))) (. .)),simple,tom was sleeping in his car .,tom sedang tidur di dalam mobilnya .
3728,I'm not very interested in artificial languages.,Saya tidak begitu tertarik dengan bahasa buatan.,(S (NP (PRP I)) (VP (VBP 'm) (RB not) (ADJP (RB very) (JJ interested) (PP (IN in) (NP (JJ artificial) (NNS languages))))) (. .)),simple,i m not very interested in artificial languages .,saya tidak begitu tertarik dengan bahasa buatan .
1976,What are you doing in my office?,Apa yang Anda lakukan di kantor saya?,(SBARQ (WHNP (WP What)) (SQ (VBP are) (NP (PRP you)) (VP (VBG doing) (PP (IN in) (NP (PRP$ my) (NN office))))) (. ?)),simple,what are you doing in my office ?,apa yang anda lakukan di kantor saya ?
3689,Tom and Mary were standing close to each other.,Tom dan Mary berdiri berdekatan satu sama lain.,(S (NP (NNP Tom) (CC and) (NNP Mary)) (VP (VBD were) (VP (VBG standing) (ADVP (RB close) (PP (IN to) (NP (DT each) (JJ other)))))) (. .)),simple,tom and mary were standing close to each other .,tom dan mary berdiri berdekatan satu sama lain .
3560,We'll never know what really happened to Tom.,Kita tidak akan pernah tahu apa yang sebenarnya terjadi pada Tom.,(S (NP (PRP We)) (VP (MD 'll) (ADVP (RB never)) (VP (VB know) (SBAR (WHNP (WP what)) (S (ADVP (RB really)) (VP (VBD happened) (PP (IN to) (NP (NNP Tom)))))))) (. .)),complex,we ll never know what really happened to tom .,kita tidak akan pernah tahu apa yang sebenarnya terjadi pada tom .
2075,Production of rice has decreased.,Produksi beras telah menurun.,(S (NP (NP (NN Production)) (PP (IN of) (NP (NN rice)))) (VP (VBZ has) (VP (VBN decreased))) (. .)),simple,production of rice has decreased .,produksi beras telah menurun .
484,It's too noisy in here.,Di sini terlalu berisik.,(S (NP (PRP It)) (VP (VBZ 's) (ADJP (RB too) (JJ noisy)) (PP (IN in) (ADVP (RB here)))) (. .)),simple,it s too noisy in here .,di sini terlalu berisik .
1654,He hit his head against a rock.,Dia membenturkan kepalanya ke sebuah batu.,(S (NP (PRP He)) (VP (VBD hit) (NP (PRP$ his) (NN head)) (PP (IN against) (NP (DT a) (NN rock)))) (. .)),simple,he hit his head against a rock .,dia membenturkan kepalanya ke sebuah batu .
4030,I think it's dangerous for children to play in the pond.,Kurasa berbahaya bagi anak-anak bermain di kolam.,(S (NP (PRP I)) (VP (VBP think) (SBAR (S (NP (NP (PRP it))) (VP (VBZ 's) (ADJP (JJ dangerous)) (SBAR (IN for) (S (NP (NNS children)) (VP (TO to) (VP (VB play) (PP (IN in) (NP (DT the) (NN pond))))))))))) (. .)),complex,i think it s dangerous for children to play in the pond .,kurasa berbahaya bagi anak anak bermain di kolam .
3086,Tom pushed the wheelchair down the hall.,Tom mendorong kursi roda melewati lorong.,(S (NP (NNP Tom)) (VP (VBD pushed) (NP (DT the) (NN wheelchair)) (PP (IN down) (NP (DT the) (NN hall)))) (. .)),simple,tom pushed the wheelchair down the hall .,tom mendorong kursi roda melewati lorong .
3998,It sounds like having time alone has been good for you.,Kedengarannya menghabiskan waktu seorang diri selalu menyenangkan bagimu.,(S (NP (PRP It)) (VP (VBZ sounds) (SBAR (IN like) (S (S (VP (VBG having) (NP (NP (NN time)) (ADVP (RB alone))))) (VP (VBZ has) (VP (VBN been) (ADJP (JJ good) (PP (IN for) (NP (PRP you))))))))) (. .)),complex,it sounds like having time alone has been good for you .,kedengarannya menghabiskan waktu seorang diri selalu menyenangkan bagimu .
3745,Tom almost never eats breakfast with his family.,Tom hampir tidak pernah makan pagi bersama keluarganya.,(S (NP (NNP Tom)) (ADVP (RB almost) (RB never)) (VP (VBZ eats) (NP (NN breakfast)) (PP (IN with) (NP (PRP$ his) (NN family)))) (. .)),simple,tom almost never eats breakfast with his family .,tom hampir tidak pernah makan pagi bersama keluarganya .
3429,I drink a glass of milk before going to bed.,Saya minum segelas susu sebelum tidur.,(S (NP (PRP I)) (VP (VBP drink) (NP (NP (DT a) (NN glass)) (PP (IN of) (NP (NN milk)))) (PP (IN before) (S (VP (VBG going) (PP (IN to) (NP (NN bed))))))) (. .)),simple,i drink a glass of milk before going to bed .,saya minum segelas susu sebelum tidur .
3605,It never occurred to me that I might get hurt.,Tidak pernah terlintas di pikiranku bahwa aku akan terluka.,(S (NP (NP (PRP It))) (ADVP (RB never)) (VP (VBD occurred) (PP (IN to) (NP (PRP me))) (SBAR (IN that) (S (NP (PRP I)) (VP (MD might) (VP (VB get) (VP (VBN hurt))))))) (. .)),complex,it never occurred to me that i might get hurt .,tidak pernah terlintas di pikiranku bahwa aku akan terluka .
1774,Tom often eats lunch with Mary.,Tom sering makan siang dengan Mary.,(S (NP (NNP Tom)) (ADVP (RB often)) (VP (VBZ eats) (NP (NN lunch)) (PP (IN with) (NP (NNP Mary)))) (. .)),simple,tom often eats lunch with mary .,tom sering makan siang dengan mary .
2410,There are four seasons in one year.,Dalam satu tahun ada empat musim.,(S (NP (EX There)) (VP (VBP are) (NP (NP (CD four) (NNS seasons)) (PP (IN in) (NP (CD one) (NN year))))) (. .)),simple,there are four seasons in one year .,dalam satu tahun ada empat musim .
4055,Let's get a picture of us with the sea in the background.,Mari kita berfoto di depan laut.,(S (VP (VB Let) (S (NP (PRP 's)) (VP (VB get) (NP (NP (DT a) (NN picture)) (PP (IN of) (NP (PRP us))) (PP (IN with) (NP (NP (DT the) (NN sea)) (PP (IN in) (NP (DT the) (NN background))))))))) (. .)),simple,let s get a picture of us with the sea in the background .,mari kita berfoto di depan laut .
918,She has hundreds of books.,Dia memiliki beratus-ratus buku.,(S (NP (PRP She)) (VP (VBZ has) (NP (NP (NNS hundreds)) (PP (IN of) (NP (NNS books))))) (. .)),simple,she has hundreds of books .,dia memiliki beratus ratus buku .
1646,Gold is far heavier than water.,Emas jauh lebih berat ketimbang air.,(S (NP (NN Gold)) (VP (VBZ is) (ADJP (ADJP (RB far) (JJR heavier)) (PP (IN than) (NP (NN water))))) (. .)),simple,gold is far heavier than water .,emas jauh lebih berat ketimbang air .
1026,I know you worry about Tom.,Aku tahu kamu khawatir pada Tom.,(S (NP (PRP I)) (VP (VBP know) (SBAR (S (NP (PRP you)) (VP (VBP worry) (PP (IN about) (NP (NNP Tom))))))) (. .)),complex,i know you worry about tom .,aku tahu kamu khawatir pada tom .
1030,I need to go to the toilet.,Aku harus pergi ke toilet.,(S (NP (PRP I)) (VP (VBP need) (S (VP (TO to) (VP (VB go) (PP (IN to) (NP (DT the) (NN toilet))))))) (. .)),simple,i need to go to the toilet .,aku harus pergi ke toilet .
882,I'll go to Tokyo by train.,Aku akan pergi ke Tokyo dengan kereta.,(S (NP (PRP I)) (VP (MD 'll) (VP (VB go) (PP (IN to) (NP (NNP Tokyo))) (PP (IN by) (NP (NN train))))) (. .)),simple,i ll go to tokyo by train .,aku akan pergi ke tokyo dengan kereta .
1335,I found a dollar on the road.,Saya menemukan satu dolar di jalan.,(S (NP (PRP I)) (VP (VBD found) (NP (DT a) (NN dollar)) (PP (IN on) (NP (DT the) (NN road)))) (. .)),simple,i found a dollar on the road .,saya menemukan satu dolar di jalan .
2746,Would you like another cup of coffee?,Anda ingin segelas kopi lagi?,(SQ (MD Would) (NP (PRP you)) (VP (VB like) (NP (NP (DT another) (NN cup)) (PP (IN of) (NP (NN coffee))))) (. ?)),simple,would you like another cup of coffee ?,anda ingin segelas kopi lagi ?
3328,I don't think Tom would do that on purpose.,Saya pikir Tom tidak akan melakukan itu dengan sengaja.,(S (NP (PRP I)) (VP (VBP do) (RB n't) (VP (VB think) (SBAR (S (NP (NNP Tom)) (VP (MD would) (VP (VB do) (NP (DT that)) (PP (IN on) (NP (NN purpose))))))))) (. .)),complex,i don t think tom would do that on purpose .,saya pikir tom tidak akan melakukan itu dengan sengaja .
2713,Tom carefully read over the contract.,Tom membaca kontrak itu dengan hati-hati.,(S (NP (NNP Tom)) (ADVP (RB carefully)) (VP (VBD read) (PP (IN over) (NP (DT the) (NN contract)))) (. .)),simple,tom carefully read over the contract .,tom membaca kontrak itu dengan hati hati .
364,I usually eat at home.,Aku biasanya makan di rumah.,(S (NP (PRP I)) (ADVP (RB usually)) (VP (VBP eat) (PP (IN at) (NP (NN home)))) (. .)),simple,i usually eat at home .,aku biasanya makan di rumah .
3287,Tom massages his temples with his fingers.,Tom memijat pelipisnya dengan jarinya.,(S (NP (NNP Tom)) (VP (VBZ massages) (NP (PRP$ his) (NNS temples)) (PP (IN with) (NP (PRP$ his) (NNS fingers)))) (. .)),simple,tom massages his temples with his fingers .,tom memijat pelipisnya dengan jarinya .
2125,Tom was confused by the question.,Tom dibingungkan oleh pertanyaan itu.,(S (NP (NNP Tom)) (VP (VBD was) (VP (VBN confused) (PP (IN by) (NP (DT the) (NN question))))) (. .)),simple,tom was confused by the question .,tom dibingungkan oleh pertanyaan itu .
27,Give it to her.,Berikan itu padanya.,(S (VP (VB Give) (NP (PRP it)) (PP (IN to) (NP (PRP her)))) (. .)),simple,give it to her .,berikan itu padanya .
473,I'm not good at sports.,Aku tidak jago dalam hal olahraga.,(S (NP (PRP I)) (VP (VBP 'm) (RB not) (ADJP (JJ good) (PP (IN at) (NP (NNS sports))))) (. .)),simple,i m not good at sports .,aku tidak jago dalam hal olahraga .
525,Tom took us to the zoo.,Tom mengantar kami ke kebun binatang.,(S (NP (NNP Tom)) (VP (VBD took) (NP (PRP us)) (PP (IN to) (NP (DT the) (NN zoo)))) (. .)),simple,tom took us to the zoo .,tom mengantar kami ke kebun binatang .
725,I can't live without you.,Aku tak dapat hidup tanpamu.,(S (NP (PRP I)) (VP (MD ca) (RB n't) (VP (VB live) (PP (IN without) (NP (PRP you))))) (. .)),simple,i can t live without you .,aku tak dapat hidup tanpamu .
55,We fell in love.,Kami jatuh cinta.,(S (NP (PRP We)) (VP (VBD fell) (PP (IN in) (NP (NN love)))) (. .)),simple,we fell in love .,kami jatuh cinta .
638,Tom got off his bicycle.,Tom turun dari sepedanya.,(S (NP (NNP Tom)) (VP (VBD got) (PP (IN off) (NP (PRP$ his) (NN bicycle)))) (. .)),simple,tom got off his bicycle .,tom turun dari sepedanya .
302,Tom got off his bike.,Tom turun dari sepedanya.,(S (NP (NNP Tom)) (VP (VBD got) (PP (IN off) (NP (PRP$ his) (NN bike)))) (. .)),simple,tom got off his bike .,tom turun dari sepedanya .
2766,Does it snow a lot here in the winter?,Apakah di sini salju turun dengan deras saat musim dingin?,(SQ (VBZ Does) (NP (PRP it)) (VP (VB snow) (NP (DT a) (NN lot)) (ADVP (RB here)) (PP (IN in) (NP (DT the) (NN winter)))) (. ?)),simple,does it snow a lot here in the winter ?,apakah di sini salju turun dengan deras saat musim dingin ?
3928,Do you eat spaghetti by twirling it around your fork?,Apa kamu makan spageti dengan melilitkannya ke garpu?,(SQ (VBP Do) (NP (PRP you)) (VP (VB eat) (NP (NNS spaghetti)) (PP (IN by) (S (VP (VBG twirling) (NP (PRP it)) (PP (IN around) (NP (PRP$ your) (NN fork))))))) (. ?)),simple,do you eat spaghetti by twirling it around your fork ?,apa kamu makan spageti dengan melilitkannya ke garpu ?
1276,Who will you be coming with?,Dengan siapa kamu akan datang?,(SBARQ (WHNP (WP Who)) (SQ (MD will) (NP (PRP you)) (VP (VB be) (VP (VBG coming) (PP (IN with))))) (. ?)),simple,who will you be coming with ?,dengan siapa kamu akan datang ?
3967,Can you remember the first word you learned in French?,Apa kamu ingat kata pertama yang kamu pelajari dalam bahasa Prancis?,(SQ (MD Can) (NP (PRP you)) (VP (VB remember) (NP (NP (DT the) (JJ first) (NN word)) (SBAR (S (NP (PRP you)) (VP (VBD learned) (PP (IN in) (NP (NNP French)))))))) (. ?)),complex,can you remember the first word you learned in french ?,apa kamu ingat kata pertama yang kamu pelajari dalam bahasa prancis ?
624,The box is on the table.,Kotak itu di atas meja.,(S (NP (DT The) (NN box)) (VP (VBZ is) (PP (IN on) (NP (DT the) (NN table)))) (. .)),simple,the box is on the table .,kotak itu di atas meja .
2055,I'm sure Tom would agree with me.,Aku yakin Tom akan setuju denganku.,(S (NP (PRP I)) (VP (VBP 'm) (ADJP (JJ sure) (SBAR (S (NP (NNP Tom)) (VP (MD would) (VP (VB agree) (PP (IN with) (NP (PRP me))))))))) (. .)),complex,i m sure tom would agree with me .,aku yakin tom akan setuju denganku .
1280,Why are you opposed to this?,Kenapa kalian kontra dengan ini?,(SBARQ (WHADVP (WRB Why)) (SQ (VBP are) (NP (PRP you)) (VP (VBN opposed) (PP (IN to) (NP (DT this))))) (. ?)),simple,why are you opposed to this ?,kenapa kalian kontra dengan ini ?
2851,Tom poked his pencil through the hole.,Tom mencucukkan pensilnya kedalam lubang.,(S (NP (NNP Tom)) (VP (VBD poked) (NP (PRP$ his) (NN pencil)) (PP (IN through) (NP (DT the) (NN hole)))) (. .)),simple,tom poked his pencil through the hole .,tom mencucukkan pensilnya kedalam lubang .
1049,It kept raining for a week.,Hujan terus terun selama seminggu.,(S (NP (PRP It)) (VP (VBD kept) (VP (VBG raining) (PP (IN for) (NP (DT a) (NN week))))) (. .)),simple,it kept raining for a week .,hujan terus terun selama seminggu .
336,Everyone stared at me.,Semua orang menatap padaku.,(S (NP (NN Everyone)) (VP (VBD stared) (PP (IN at) (NP (PRP me)))) (. .)),simple,everyone stared at me .,semua orang menatap padaku .
47,I'll be at home.,Aku akan di rumah.,(S (NP (PRP I)) (VP (MD 'll) (VP (VB be) (PP (IN at) (NP (NN home))))) (. .)),simple,i ll be at home .,aku akan di rumah .
2878,"""I want that book,"" he said to himself.","""Aku ingin buku itu"", katanya pada dirinya sendiri.","(S (`` "") (S (NP (PRP I)) (VP (VBP want) (NP (DT that) (NN book)))) (, ,) ('' "") (NP (PRP he)) (VP (VBD said) (PP (IN to) (NP (PRP himself)))) (. .))",simple, i want that book he said to himself ., aku ingin buku itu katanya pada dirinya sendiri .
106,I'm sorry for you.,Saya turut berduka.,(S (NP (PRP I)) (VP (VBP 'm) (ADJP (JJ sorry) (PP (IN for) (NP (PRP you))))) (. .)),simple,i m sorry for you .,saya turut berduka .
2397,Please take a look at that picture.,Tolong lihat gambar itu.,(S (RB Please) (VP (VB take) (NP (DT a) (NN look)) (PP (IN at) (NP (DT that) (NN picture)))) (. .)),simple,please take a look at that picture .,tolong lihat gambar itu .
1079,There's nothing in the box.,Tidak ada apa-apa di dalam kotak.,(S (NP (EX There)) (VP (VBZ 's) (NP (NN nothing)) (PP (IN in) (NP (DT the) (NN box)))) (. .)),simple,there s nothing in the box .,tidak ada apa apa di dalam kotak .
2286,Tom parked his car next to Mary's.,Tom memarkir mobilnya di sebelah mobil Mary.,(S (NP (NNP Tom)) (VP (VBD parked) (NP (PRP$ his) (NN car)) (ADVP (JJ next) (PP (IN to) (NP (NNP Mary) (POS 's))))) (. .)),simple,tom parked his car next to mary s .,tom memarkir mobilnya di sebelah mobil mary .
2261,This book is too expensive for me.,Buku ini terlalu mahal untukku.,(S (NP (DT This) (NN book)) (VP (VBZ is) (ADJP (ADJP (RB too) (JJ expensive)) (PP (IN for) (NP (PRP me))))) (. .)),simple,this book is too expensive for me .,buku ini terlalu mahal untukku .
1144,He doesn't care about money.,Dia tidak peduli dengan uang.,(S (NP (PRP He)) (VP (VBZ does) (RB n't) (VP (VB care) (PP (IN about) (NP (NN money))))) (. .)),simple,he doesn t care about money .,dia tidak peduli dengan uang .
3578,I always eat something before going to school.,Saya selalu makan sesuatu sebelum pergi ke sekolah.,(S (NP (PRP I)) (ADVP (RB always)) (VP (VBP eat) (NP (NN something)) (PP (IN before) (S (VP (VBG going) (PP (IN to) (NP (NN school))))))) (. .)),simple,i always eat something before going to school .,saya selalu makan sesuatu sebelum pergi ke sekolah .
2296,We have been here for three weeks.,Kami sudah berada di sini selama tiga minggu.,(S (NP (PRP We)) (VP (VBP have) (VP (VBN been) (ADVP (RB here)) (PP (IN for) (NP (CD three) (NNS weeks))))) (. .)),simple,we have been here for three weeks .,kami sudah berada di sini selama tiga minggu .
2841,They stayed at a very expensive hotel.,Mereka menginap di hotel yang sangat mahal.,(S (NP (PRP They)) (VP (VBD stayed) (PP (IN at) (NP (DT a) (ADJP (RB very) (JJ expensive)) (NN hotel)))) (. .)),simple,they stayed at a very expensive hotel .,mereka menginap di hotel yang sangat mahal .
3144,I hope we can finish the project on time.,Aku harap kita bisa menyelesaikan proyek tepat waktu.,(S (NP (PRP I)) (VP (VBP hope) (SBAR (S (NP (PRP we)) (VP (MD can) (VP (VB finish) (NP (DT the) (NN project)) (PP (IN on) (NP (NN time)))))))) (. .)),complex,i hope we can finish the project on time .,aku harap kita bisa menyelesaikan proyek tepat waktu .
1836,He often doesn't come to school.,Dia sering tidak datang ke sekolah.,(S (NP (PRP He)) (ADVP (RB often)) (VP (VBZ does) (RB n't) (VP (VB come) (PP (IN to) (NP (NN school))))) (. .)),simple,he often doesn t come to school .,dia sering tidak datang ke sekolah .
1753,This desk is too small for Tom.,Meja ini terlalu kecil untuk Tom.,(S (NP (DT This) (NN desk)) (VP (VBZ is) (ADJP (RB too) (JJ small) (PP (IN for) (NP (NNP Tom))))) (. .)),simple,this desk is too small for tom .,meja ini terlalu kecil untuk tom .
1101,Tom walked along the shore.,Tom berjalan di sepanjang tepi pantai.,(S (NP (NNP Tom)) (VP (VBD walked) (PP (IN along) (NP (DT the) (NN shore)))) (. .)),simple,tom walked along the shore .,tom berjalan di sepanjang tepi pantai .
1968,We go fishing from time to time.,Kami memancing dari waktu ke waktu.,(S (NP (PRP We)) (VP (VBP go) (NP (NN fishing)) (PP (PP (IN from) (NP (NN time))) (PP (IN to) (NP (NN time))))) (. .)),simple,we go fishing from time to time .,kami memancing dari waktu ke waktu .
3400,Tom never told anybody about what happened.,Tom tidak pernah memberitahu siapapun tentang apa yang terjadi.,(S (NP (NNP Tom)) (ADVP (RB never)) (VP (VBD told) (NP (NN anybody)) (PP (IN about) (SBAR (WHNP (WP what)) (S (VP (VBD happened)))))) (. .)),complex,tom never told anybody about what happened .,tom tidak pernah memberitahu siapapun tentang apa yang terjadi .
3117,Have you ever gone to the beach with Tom?,Apakah kamu pernah pergi ke pantai dengan Tom?,(SQ (VBP Have) (NP (PRP you)) (ADVP (RB ever)) (VP (VBN gone) (PP (IN to) (NP (DT the) (NN beach))) (PP (IN with) (NP (NNP Tom)))) (. ?)),simple,have you ever gone to the beach with tom ?,apakah kamu pernah pergi ke pantai dengan tom ?
2393,Nobody knows what's inside the box.,Tidak ada yang tahu apa yang ada di dalam kotak itu.,(S (NP (NN Nobody)) (VP (VBZ knows) (SBAR (WHNP (WP what)) (S (VP (VBZ 's) (PP (IN inside) (NP (DT the) (NN box))))))) (. .)),complex,nobody knows what s inside the box .,tidak ada yang tahu apa yang ada di dalam kotak itu .
523,Tom slept on the floor.,Tom tidur di lantai.,(S (NP (NNP Tom)) (VP (VBD slept) (PP (IN on) (NP (DT the) (NN floor)))) (. .)),simple,tom slept on the floor .,tom tidur di lantai .
2280,Tom locked himself in his bedroom.,Tom mengunci dirinya dalam kamar.,(S (NP (NNP Tom)) (VP (VBD locked) (NP (PRP himself)) (PP (IN in) (NP (PRP$ his) (NN bedroom)))) (. .)),simple,tom locked himself in his bedroom .,tom mengunci dirinya dalam kamar .
2692,Thank you for lending the book to us.,Terima kasih telah meminjamkan buku itu kepada kami.,(S (VP (VB Thank) (NP (PRP you)) (PP (IN for) (S (VP (VBG lending) (NP (DT the) (NN book)) (PP (IN to) (NP (PRP us))))))) (. .)),simple,thank you for lending the book to us .,terima kasih telah meminjamkan buku itu kepada kami .
2885,Did Tom say anything to you about that?,Apakah Tom mengatakan sesuatu kepadamu tentang hal itu?,(SQ (VBD Did) (NP (NNP Tom)) (VP (VB say) (NP (NN anything)) (PP (IN to) (NP (PRP you))) (PP (IN about) (NP (DT that)))) (. ?)),simple,did tom say anything to you about that ?,apakah tom mengatakan sesuatu kepadamu tentang hal itu ?
1428,Tom looked down at the floor.,Tom melihat ke arah lantai.,(S (NP (NNP Tom)) (VP (VBD looked) (ADVP (RB down)) (PP (IN at) (NP (DT the) (NN floor)))) (. .)),simple,tom looked down at the floor .,tom melihat ke arah lantai .
2581,There's snow on top of the mountain.,Ada salju di puncak gunung itu.,(S (NP (EX There)) (VP (VBZ 's) (NP (NN snow)) (PP (IN on) (NP (NP (NN top)) (PP (IN of) (NP (DT the) (NN mountain)))))) (. .)),simple,there s snow on top of the mountain .,ada salju di puncak gunung itu .
3927,Cut the cheese into thin slices or into little cubes.,Potong keju menjadi irisan tipis atau kubus kecil.,(S (VP (VB Cut) (NP (DT the) (NN cheese)) (PP (PP (IN into) (NP (JJ thin) (NNS slices))) (CC or) (PP (IN into) (NP (JJ little) (NNS cubes))))) (. .)),simple,cut the cheese into thin slices or into little cubes .,potong keju menjadi irisan tipis atau kubus kecil .
603,Is this camera for sale?,Apakah kamera ini dijual?,(SQ (VBZ Is) (NP (DT this) (NN camera)) (PP (IN for) (NP (NN sale))) (. ?)),simple,is this camera for sale ?,apakah kamera ini dijual ?
1489,He will return within 3 hours.,Dia akan kembali dalam tiga jam.,(S (NP (PRP He)) (VP (MD will) (VP (VB return) (PP (IN within) (NP (CD 3) (NNS hours))))) (. .)),simple,he will return within hours .,dia akan kembali dalam tiga jam .
3516,He's the manager of the marketing department.,Dia manajer dari departemen pemasaran.,(S (NP (PRP He)) (VP (VBZ 's) (NP (NP (DT the) (NN manager)) (PP (IN of) (NP (DT the) (NN marketing) (NN department))))) (. .)),simple,he s the manager of the marketing department .,dia manajer dari departemen pemasaran .
3122,He was chosen to be a member of the team.,Dia terpilih menjadi anggota tim.,(S (NP (PRP He)) (VP (VBD was) (VP (VBN chosen) (S (VP (TO to) (VP (VB be) (NP (NP (DT a) (NN member)) (PP (IN of) (NP (DT the) (NN team))))))))) (. .)),simple,he was chosen to be a member of the team .,dia terpilih menjadi anggota tim .
3658,Heat and light are necessary for our existence.,Panas dan terang dibutuhkan untuk eksistensi kita.,(S (NP (NN Heat) (CC and) (NN light)) (VP (VBP are) (ADJP (JJ necessary)) (PP (IN for) (NP (PRP$ our) (NN existence)))) (. .)),simple,heat and light are necessary for our existence .,panas dan terang dibutuhkan untuk eksistensi kita .
60,Are you with Tom?,Apakah kamu bersama Tom?,(SQ (VBP Are) (NP (PRP you)) (PP (IN with) (NP (NNP Tom))) (. ?)),simple,are you with tom ?,apakah kamu bersama tom ?
1969,We had mac and cheese for lunch.,Kita makan makaroni keju untuk makan siang.,(S (NP (PRP We)) (VP (VBD had) (NP (NN mac) (CC and) (NN cheese)) (PP (IN for) (NP (NN lunch)))) (. .)),simple,we had mac and cheese for lunch .,kita makan makaroni keju untuk makan siang .
671,What shall I begin with?,Enaknya mulai darimana ya?,(SBARQ (WHNP (WP What)) (SQ (MD shall) (NP (PRP I)) (VP (VB begin) (PP (IN with)))) (. ?)),simple,what shall i begin with ?,enaknya mulai darimana ya ?
92,Get on your knees.,Berlutut.,(S (VP (VB Get) (PP (IN on) (NP (PRP$ your) (NNS knees)))) (. .)),simple,get on your knees .,berlutut .
666,What are you looking at?,Apa yang sedang kamu lihat?,(SBARQ (WHNP (WP What)) (SQ (VBP are) (NP (PRP you)) (VP (VBG looking) (PP (IN at)))) (. ?)),simple,what are you looking at ?,apa yang sedang kamu lihat ?
3381,There are about thirty people in this room.,Ada sekitar tiga puluh orang di ruangan ini.,(S (NP (EX There)) (VP (VBP are) (NP (QP (RB about) (CD thirty)) (NNS people)) (PP (IN in) (NP (DT this) (NN room)))) (. .)),simple,there are about thirty people in this room .,ada sekitar tiga puluh orang di ruangan ini .
1887,Let's discuss that in my office.,Mari kita diskusikan itu di kantor saya.,(S (VP (VB Let) (S (NP (PRP 's)) (VP (VB discuss) (NP (DT that)) (PP (IN in) (NP (PRP$ my) (NN office)))))) (. .)),simple,let s discuss that in my office .,mari kita diskusikan itu di kantor saya .
3266,The plane took off at exactly ten o'clock.,Pesawat itu lepas landas tepat pukul sepuluh.,(S (NP (DT The) (NN plane)) (VP (VBD took) (ADVP (RP off)) (PP (IN at) (NP (QP (RB exactly) (CD ten)) (NN o'clock)))) (. .)),simple,the plane took off at exactly ten o clock .,pesawat itu lepas landas tepat pukul sepuluh .
280,I'm living in Boston.,Saya tinggal di Boston.,(S (NP (PRP I)) (VP (VBP 'm) (VP (VBG living) (PP (IN in) (NP (NNP Boston))))) (. .)),simple,i m living in boston .,saya tinggal di boston .
1719,Sentences are made up of words.,Kalimat terdiri dari kata-kata.,(S (NP (NNS Sentences)) (VP (VBP are) (VP (VBN made) (PRT (RP up)) (PP (IN of) (NP (NNS words))))) (. .)),simple,sentences are made up of words .,kalimat terdiri dari kata kata .
3408,What do you call this vegetable in English?,Apa bahasa Inggrisnya sayuran ini?,(SBARQ (WHNP (WP What)) (SQ (VBP do) (NP (PRP you)) (VP (VB call) (NP (DT this) (NN vegetable)) (PP (IN in) (NP (NNP English))))) (. ?)),simple,what do you call this vegetable in english ?,apa bahasa inggrisnya sayuran ini ?
359,I ran a race with him.,Aku berbalapan lari dengannya.,(S (NP (PRP I)) (VP (VBD ran) (NP (DT a) (NN race)) (PP (IN with) (NP (PRP him)))) (. .)),simple,i ran a race with him .,aku berbalapan lari dengannya .
899,Is it still far from here?,Apakah masih jauh dari sini?,(SQ (VBZ Is) (NP (PRP it)) (ADVP (RB still)) (ADVP (RB far) (PP (IN from) (ADVP (RB here)))) (. ?)),simple,is it still far from here ?,apakah masih jauh dari sini ?
1935,Tom doesn't want to go with you.,Tom tidak ingin pergi bersamamu.,(S (NP (NNP Tom)) (VP (VBZ does) (RB n't) (VP (VB want) (S (VP (TO to) (VP (VB go) (PP (IN with) (NP (PRP you)))))))) (. .)),simple,tom doesn t want to go with you .,tom tidak ingin pergi bersamamu .
1994,Your opinion is similar to mine.,Pendapatmu mirip dengan pendapatku.,(S (NP (PRP$ Your) (NN opinion)) (VP (VBZ is) (ADJP (JJ similar) (PP (IN to) (NP (PRP mine))))) (. .)),simple,your opinion is similar to mine .,pendapatmu mirip dengan pendapatku .
4243,Tom is wondering if any of his kids will remember that today is Father's Day.,Tom bertanya-tanya apakah anaknya akan mengingat hari ini hari ayah?,(S (NP (NNP Tom)) (VP (VBZ is) (VP (VBG wondering) (SBAR (IN if) (S (NP (NP (DT any)) (PP (IN of) (NP (PRP$ his) (NNS kids)))) (VP (MD will) (VP (VB remember) (SBAR (IN that) (S (NP (NN today)) (VP (VBZ is) (NP (NP (NNP Father) (POS 's)) (NNP Day))))))))))) (. .)),complex,tom is wondering if any of his kids will remember that today is father s day .,tom bertanya tanya apakah anaknya akan mengingat hari ini hari ayah ?
2895,He made me wait for about half an hour.,Dia membuatku menunggu selama hampir setengah jam.,(S (NP (PRP He)) (VP (VBD made) (S (NP (PRP me)) (VP (VB wait) (PP (IN for) (NP (RB about) (PDT half) (DT an) (NN hour)))))) (. .)),simple,he made me wait for about half an hour .,dia membuatku menunggu selama hampir setengah jam .
3254,Let me think it over for a couple of days.,Biarkan aku berpikir selama beberapa hari.,(S (VP (VB Let) (S (NP (PRP me)) (VP (VB think) (NP (PRP it)) (ADVP (RB over)) (PP (IN for) (NP (NP (DT a) (NN couple)) (PP (IN of) (NP (NNS days)))))))) (. .)),simple,let me think it over for a couple of days .,biarkan aku berpikir selama beberapa hari .
760,It's not about the money.,Ini bukan soal uang.,(S (NP (PRP It)) (VP (VBZ 's) (RB not) (PP (IN about) (NP (DT the) (NN money)))) (. .)),simple,it s not about the money .,ini bukan soal uang .
2158,Both Tom and Mary are from Boston.,Baik Tom dan Mary keduanya berasal dari Boston.,(S (NP (DT Both) (NNP Tom) (CC and) (NNP Mary)) (VP (VBP are) (PP (IN from) (NP (NNP Boston)))) (. .)),simple,both tom and mary are from boston .,baik tom dan mary keduanya berasal dari boston .
3949,The only weapons I have in my home are water pistols.,Satu-satunya senjata yang ada di rumahku hanyalah pistol air.,(S (NP (NP (DT The) (JJ only) (NNS weapons)) (SBAR (S (NP (PRP I)) (VP (VBP have) (PP (IN in) (NP (PRP$ my) (NN home))))))) (VP (VBP are) (NP (NN water) (NNS pistols))) (. .)),complex,the only weapons i have in my home are water pistols .,satu satunya senjata yang ada di rumahku hanyalah pistol air .
42,Are you at home?,Apa kamu ada di rumah?,(SQ (VBP Are) (NP (PRP you)) (PP (IN at) (NP (NN home))) (. ?)),simple,are you at home ?,apa kamu ada di rumah ?
2173,He is very sensitive to criticism.,Ia sangat sensitif pada kritikan.,(S (NP (PRP He)) (VP (VBZ is) (ADJP (RB very) (JJ sensitive) (PP (IN to) (NP (NN criticism))))) (. .)),simple,he is very sensitive to criticism .,ia sangat sensitif pada kritikan .
204,I'll stick with Tom.,Aku dengan Tom.,(S (NP (PRP I)) (VP (MD 'll) (VP (VB stick) (PP (IN with) (NP (NNP Tom))))) (. .)),simple,i ll stick with tom .,aku dengan tom .
1473,"First of all, I must say this.","Pertama-tama, aku harus mengatakan ini.","(S (ADVP (RB First) (PP (IN of) (NP (DT all)))) (, ,) (NP (PRP I)) (VP (MD must) (VP (VB say) (NP (DT this)))) (. .))",simple,first of all i must say this .,pertama tama aku harus mengatakan ini .
2100,Tom did some Tai Chi in the park.,Tom melakukan Tai Chi di taman.,(S (NP (NNP Tom)) (VP (VBD did) (NP (DT some) (NNP Tai) (NNP Chi)) (PP (IN in) (NP (DT the) (NN park)))) (. .)),simple,tom did some tai chi in the park .,tom melakukan tai chi di taman .
2593,Tom doesn't like speaking in public.,Tom tidak suka berbicara di depan umum.,(S (NP (NNP Tom)) (VP (VBZ does) (RB n't) (VP (VB like) (S (VP (VBG speaking) (PP (IN in) (NP (NN public))))))) (. .)),simple,tom doesn t like speaking in public .,tom tidak suka berbicara di depan umum .
68,I am from Brazil.,Saya dari Brazil,(S (NP (PRP I)) (VP (VBP am) (PP (IN from) (NP (NNP Brazil)))) (. .)),simple,i am from brazil .,saya dari brazil
3417,Bergen is the second largest city in Norway.,Bergen adalah kota terbesar kedua di Norwegia.,(S (NP (NNP Bergen)) (VP (VBZ is) (NP (NP (DT the) (ADJP (RB second) (JJS largest)) (NN city)) (PP (IN in) (NP (NNP Norway))))) (. .)),simple,bergen is the second largest city in norway .,bergen adalah kota terbesar kedua di norwegia .
1875,I'm getting ready for the worst.,Aku bersiap untuk kemungkinan terburuk.,(S (NP (PRP I)) (VP (VBP 'm) (VP (VBG getting) (ADJP (JJ ready) (PP (IN for) (NP (DT the) (JJS worst)))))) (. .)),simple,i m getting ready for the worst .,aku bersiap untuk kemungkinan terburuk .
2832,There is a waterfall above the bridge.,Ada air terjun di atas jembatan.,(S (NP (EX There)) (VP (VBZ is) (NP (DT a) (NN waterfall)) (PP (IN above) (NP (DT the) (NN bridge)))) (. .)),simple,there is a waterfall above the bridge .,ada air terjun di atas jembatan .
3566,You're always complaining about your husband.,Kamu selalu mengeluhkan suamimu.,(S (NP (PRP You)) (VP (VBP 're) (ADVP (RB always)) (VP (VBG complaining) (PP (IN about) (NP (PRP$ your) (NN husband))))) (. .)),simple,you re always complaining about your husband .,kamu selalu mengeluhkan suamimu .
2231,She visited her husband in prison.,Dia mengunjungi suaminya di penjara.,(S (NP (PRP She)) (VP (VBD visited) (NP (PRP$ her) (NN husband)) (PP (IN in) (NP (NN prison)))) (. .)),simple,she visited her husband in prison .,dia mengunjungi suaminya di penjara .
137,Don't write in ink.,Jangan menulis dengan tinta.,(S (VP (VB Do) (RB n't) (VP (VB write) (PP (RP in) (NP (NN ink))))) (. .)),simple,don t write in ink .,jangan menulis dengan tinta .
2947,The one I bought was made in Australia.,Yang aku beli dibuat di Australia.,(S (NP (NP (DT The) (NN one)) (SBAR (S (NP (PRP I)) (VP (VBD bought))))) (VP (VBD was) (VP (VBN made) (PP (IN in) (NP (NNP Australia))))) (. .)),complex,the one i bought was made in australia .,yang aku beli dibuat di australia .
796,Tom ran out of the store.,Tom berlari keluar dari toko.,(S (NP (NNP Tom)) (VP (VBD ran) (PP (IN out) (PP (IN of) (NP (DT the) (NN store))))) (. .)),simple,tom ran out of the store .,tom berlari keluar dari toko .
2180,Here's what I found in the garage.,Inilah yang aku temukan di garasi.,(SINV (ADVP (RB Here)) (VP (VBZ 's)) (SBAR (WHNP (WP what)) (S (NP (PRP I)) (VP (VBD found) (PP (IN in) (NP (DT the) (NN garage)))))) (. .)),complex,here s what i found in the garage .,inilah yang aku temukan di garasi .
2128,UN stands for the United Nations.,PBB adalah singkatan dari Perserikatan Bangsa-Bangsa.,(S (NP (NNP UN)) (VP (VBZ stands) (PP (IN for) (NP (DT the) (NNP United) (NNPS Nations)))) (. .)),simple,un stands for the united nations .,pbb adalah singkatan dari perserikatan bangsa bangsa .
3177,The octopus is hiding in a coconut shell.,Gurita ini bersembunyi di dalam tempurung kelapa.,(S (NP (DT The) (NN octopus)) (VP (VBZ is) (VP (VBG hiding) (PP (IN in) (NP (DT a) (NN coconut) (NN shell))))) (. .)),simple,the octopus is hiding in a coconut shell .,gurita ini bersembunyi di dalam tempurung kelapa .
758,Is there an app for that?,Apakah ada aplikasi untuk itu?,(SQ (VBZ Is) (NP (EX there)) (NP (NP (DT an) (NN app)) (PP (IN for) (NP (DT that)))) (. ?)),simple,is there an app for that ?,apakah ada aplikasi untuk itu ?
541,You should stay in bed.,Kau harus tetap beristirahat.,(S (NP (PRP You)) (VP (MD should) (VP (VB stay) (PP (IN in) (NP (NN bed))))) (. .)),simple,you should stay in bed .,kau harus tetap beristirahat .
1019,I have the ace of diamonds.,Aku punya as wajik.,(S (NP (PRP I)) (VP (VBP have) (NP (NP (DT the) (NN ace)) (PP (IN of) (NP (NNS diamonds))))) (. .)),simple,i have the ace of diamonds .,aku punya as wajik .
3945,The bank came through with the loan we had requested.,Bank itu memberikan pinjaman yang kami minta.,(S (NP (DT The) (NN bank)) (VP (VBD came) (PRT (RP through)) (PP (IN with) (NP (NP (DT the) (NN loan)) (SBAR (S (NP (PRP we)) (VP (VBD had) (VP (VBN requested)))))))) (. .)),complex,the bank came through with the loan we had requested .,bank itu memberikan pinjaman yang kami minta .
3031,I'm very pleased with Tom's performance.,Saya sangat puas dengan penampilan Tom.,(S (NP (PRP I)) (VP (VBP 'm) (ADJP (RB very) (JJ pleased) (PP (IN with) (NP (NP (NNP Tom) (POS 's)) (NN performance))))) (. .)),simple,i m very pleased with tom s performance .,saya sangat puas dengan penampilan tom .
165,She sat next to me.,Dia duduk di sampingku.,(S (NP (PRP She)) (VP (VBD sat) (ADVP (RB next) (PP (IN to) (NP (PRP me))))) (. .)),simple,she sat next to me .,dia duduk di sampingku .
248,Don't play with fire.,Jangan bermain api.,(S (VP (VBP Do) (RB n't) (VP (VB play) (PP (IN with) (NP (NN fire))))) (. .)),simple,don t play with fire .,jangan bermain api .
1331,I cut my finger with a knife.,Saya menyayat jari saya menggunakan pisau.,(S (NP (PRP I)) (VP (VBD cut) (NP (PRP$ my) (NN finger)) (PP (IN with) (NP (DT a) (NN knife)))) (. .)),simple,i cut my finger with a knife .,saya menyayat jari saya menggunakan pisau .
2017,He has come back from the office.,Dia telah kembali dari kantor.,(S (NP (PRP He)) (VP (VBZ has) (VP (VBN come) (ADVP (RB back)) (PP (IN from) (NP (DT the) (NN office))))) (. .)),simple,he has come back from the office .,dia telah kembali dari kantor .
446,He is blind in one eye.,Sebelah matanya buta.,(S (NP (PRP He)) (VP (VBZ is) (ADJP (JJ blind)) (PP (IN in) (NP (CD one) (NN eye)))) (. .)),simple,he is blind in one eye .,sebelah matanya buta .
2482,"At that time, I was still a student.","Pada waktu itu, aku masih seorang pelajar.","(S (PP (IN At) (NP (DT that) (NN time))) (, ,) (NP (PRP I)) (VP (VBD was) (ADVP (RB still)) (NP (DT a) (NN student))) (. .))",simple,at that time i was still a student .,pada waktu itu aku masih seorang pelajar .
2906,I came to this country three years ago.,Saya datang ke negara ini tiga tahun lalu.,(S (NP (PRP I)) (VP (VBD came) (PP (IN to) (NP (DT this) (NN country))) (ADVP (NP (CD three) (NNS years)) (RB ago))) (. .)),simple,i came to this country three years ago .,saya datang ke negara ini tiga tahun lalu .
1358,I'm not asking for your help.,Aku tidak meminta bantuanmu.,(S (NP (PRP I)) (VP (VBP 'm) (RB not) (VP (VBG asking) (PP (IN for) (NP (PRP$ your) (NN help))))) (. .)),simple,i m not asking for your help .,aku tidak meminta bantuanmu .
2845,Tom doesn't know much about Indonesia.,Tom tidak tahu banyak tentang Indonesia.,(S (NP (NNP Tom)) (VP (VBZ does) (RB n't) (VP (VB know) (NP (NP (JJ much)) (PP (IN about) (NP (NNP Indonesia)))))) (. .)),simple,tom doesn t know much about indonesia .,tom tidak tahu banyak tentang indonesia .
2145,Who's hiding behind the curtains?,Siapa yang bersembunyi di balik gorden?,(SBARQ (WHNP (WP Who)) (SQ (VBZ 's) (VP (VBG hiding) (PP (IN behind) (NP (DT the) (NNS curtains))))) (. ?)),simple,who s hiding behind the curtains ?,siapa yang bersembunyi di balik gorden ?
1329,I bought two bottles of milk.,Saya membeli susu dua botol.,(S (NP (PRP I)) (VP (VBD bought) (NP (NP (CD two) (NNS bottles)) (PP (IN of) (NP (NN milk))))) (. .)),simple,i bought two bottles of milk .,saya membeli susu dua botol .
2853,Tom said he'd never speak to me again.,Tom berkata dia tidak akan pernah berbicara denganku lagi.,(S (NP (NNP Tom)) (VP (VBD said) (SBAR (S (NP (PRP he)) (VP (MD 'd) (ADVP (RB never)) (VP (VB speak) (PP (IN to) (NP (PRP me))) (ADVP (RB again))))))) (. .)),complex,tom said he d never speak to me again .,tom berkata dia tidak akan pernah berbicara denganku lagi .
2785,I have no idea what I'm talking about.,Aku tidak tahu apa yang aku bicarakan.,(S (NP (PRP I)) (VP (VBP have) (NP (NP (DT no) (NN idea)) (SBAR (WHNP (WP what)) (S (NP (PRP I)) (VP (VBP 'm) (VP (VBG talking) (PP (IN about)))))))) (. .)),complex,i have no idea what i m talking about .,aku tidak tahu apa yang aku bicarakan .
763,Look out for rock slides.,Hati-hatilah terhadap longsoran batu.,(S (VP (VB Look) (ADVP (RP out)) (PP (IN for) (NP (NN rock) (NNS slides)))) (. .)),simple,look out for rock slides .,hati hatilah terhadap longsoran batu .
2150,You know what they say about Tom.,Kamu tahu apa yang mereka katakan tentang Tom.,(S (NP (PRP You)) (VP (VBP know) (SBAR (WHNP (WP what)) (S (NP (PRP they)) (VP (VBP say) (PP (IN about) (NP (NNP Tom))))))) (. .)),complex,you know what they say about tom .,kamu tahu apa yang mereka katakan tentang tom .
434,You must go to school.,Kamu harus berangkat sekolah.,(S (NP (PRP You)) (VP (MD must) (VP (VB go) (PP (IN to) (NP (NN school))))) (. .)),simple,you must go to school .,kamu harus berangkat sekolah .
2122,Tom took a trip around the world.,Tom pergi mengelilingi dunia.,(S (NP (NNP Tom)) (VP (VBD took) (NP (NP (DT a) (NN trip)) (PP (IN around) (NP (DT the) (NN world))))) (. .)),simple,tom took a trip around the world .,tom pergi mengelilingi dunia .
577,I have to know for sure.,Aku harus tahu dengan pasti.,(S (NP (PRP I)) (VP (VBP have) (S (VP (TO to) (VP (VB know) (PP (IN for) (ADJP (JJ sure))))))) (. .)),simple,i have to know for sure .,aku harus tahu dengan pasti .
2900,How many classes do you have on Monday?,Di hari Senin jam pelajaranmu ada berapa banyak?,(SBARQ (WHNP (WHADJP (WRB How) (JJ many)) (NNS classes)) (SQ (VBP do) (NP (PRP you)) (VP (VB have) (PP (IN on) (NP (NNP Monday))))) (. ?)),simple,how many classes do you have on monday ?,di hari senin jam pelajaranmu ada berapa banyak ?
3585,I have to do my homework instead of going out.,Aku harus mengerjakan pekerjaan rumahku dan bukannya pergi keluar.,(S (NP (PRP I)) (VP (VBP have) (S (VP (TO to) (VP (VP (VB do) (NP (PRP$ my) (NN homework))) (PP (CONJP (RB instead) (IN of)) (VP (VBG going) (ADVP (RB out)))))))) (. .)),simple,i have to do my homework instead of going out .,aku harus mengerjakan pekerjaan rumahku dan bukannya pergi keluar .
3278,Tom ate a donut and drank a cup of coffee.,Tom makan donat dan minum secangkir kopi.,(S (NP (NNP Tom)) (VP (VP (VBD ate) (NP (DT a) (NN donut))) (CC and) (VP (VBD drank) (NP (NP (DT a) (NN cup)) (PP (IN of) (NP (NN coffee)))))) (. .)),simple,tom ate a donut and drank a cup of coffee .,tom makan donat dan minum secangkir kopi .
2966,Tom always eats dinner with his family.,Tom selalu makan malam bersama keluarganya.,(S (NP (NNP Tom)) (ADVP (RB always)) (VP (VBZ eats) (NP (NN dinner)) (PP (IN with) (NP (PRP$ his) (NN family)))) (. .)),simple,tom always eats dinner with his family .,tom selalu makan malam bersama keluarganya .
3374,The beginning of the story was interesting.,Awal cerita itu menarik.,(S (NP (NP (DT The) (NN beginning)) (PP (IN of) (NP (DT the) (NN story)))) (VP (VBD was) (ADJP (JJ interesting))) (. .)),simple,the beginning of the story was interesting .,awal cerita itu menarik .
2814,She advised him to go to the hospital.,Dia menyarankannya untuk pergi ke rumah sakit.,(S (NP (PRP She)) (VP (VBD advised) (NP (PRP him)) (S (VP (TO to) (VP (VB go) (PP (IN to) (NP (DT the) (NN hospital))))))) (. .)),simple,she advised him to go to the hospital .,dia menyarankannya untuk pergi ke rumah sakit .
4114,Tom found it difficult to make himself understood in French.,Tom mengalami kesulitan saat berkomunikasi dalam bahasa Prancis.,(S (NP (NNP Tom)) (VP (VBD found) (S (NP (NP (PRP it))) (ADJP (JJ difficult)) (S (VP (TO to) (VP (VB make) (S (NP (PRP himself)) (VP (VBN understood) (PP (IN in) (NP (NNP French)))))))))) (. .)),simple,tom found it difficult to make himself understood in french .,tom mengalami kesulitan saat berkomunikasi dalam bahasa prancis .
2448,Tom promised to keep it to himself.,Tom berjanji menyimpannya untuk dirinya sendiri.,(S (NP (NNP Tom)) (VP (VBD promised) (S (VP (TO to) (VP (VB keep) (NP (PRP it)) (PP (IN to) (NP (PRP himself))))))) (. .)),simple,tom promised to keep it to himself .,tom berjanji menyimpannya untuk dirinya sendiri .
1848,"I can't go to Australia, either.",Aku juga tidak bisa pergi ke Australia.,"(S (NP (PRP I)) (VP (MD ca) (RB n't) (VP (VB go) (PP (IN to) (NP (NNP Australia))) (, ,) (ADVP (RB either)))) (. .))",simple,i can t go to australia either .,aku juga tidak bisa pergi ke australia .
762,Let's do it after school.,Mari kita melakukannya sepulang sekolah.,(S (VP (VB Let) (S (NP (PRP 's)) (VP (VB do) (NP (PRP it)) (PP (IN after) (NP (NN school)))))) (. .)),simple,let s do it after school .,mari kita melakukannya sepulang sekolah .
3037,Mary doesn't like men who look like Tom.,Mary tidak menyukai pria yang terlihat seperti Tom.,(S (NP (NNP Mary)) (VP (VBZ does) (RB n't) (VP (VB like) (NP (NP (NNS men)) (SBAR (WHNP (WP who)) (S (VP (VBP look) (PP (IN like) (NP (NNP Tom))))))))) (. .)),complex,mary doesn t like men who look like tom .,mary tidak menyukai pria yang terlihat seperti tom .
388,"Like father, like son.","Seperti ayah, seperti anak.","(FRAG (PP (IN Like) (NP (NN father))) (, ,) (PP (IN like) (NP (NN son))) (. .))",simple,like father like son .,seperti ayah seperti anak .
235,We can count on Tom.,Kami dapat mempercayai Tom.,(S (NP (PRP We)) (VP (MD can) (VP (VB count) (PP (IN on) (NP (NNP Tom))))) (. .)),simple,we can count on tom .,kami dapat mempercayai tom .
3924,Are you still planning to go to Australia next month?,Apakah kamu masih berencana pergi ke Australia bulan depan?,(SQ (VBP Are) (NP (PRP you)) (ADVP (RB still)) (VP (VBG planning) (S (VP (TO to) (VP (VB go) (PP (IN to) (NP (NNP Australia))) (NP (JJ next) (NN month)))))) (. ?)),simple,are you still planning to go to australia next month ?,apakah kamu masih berencana pergi ke australia bulan depan ?
1984,Where do you want to go to next?,Kamu ingin pergi ke mana setelah ini?,(SBARQ (WHADVP (WRB Where)) (SQ (VBP do) (NP (PRP you)) (VP (VB want) (S (VP (TO to) (VP (VB go) (PP (IN to)) (ADVP (RB next))))))) (. ?)),simple,where do you want to go to next ?,kamu ingin pergi ke mana setelah ini ?
267,I felt like an idiot.,Aku merasa seperti orang bodoh.,(S (NP (PRP I)) (VP (VBD felt) (PP (IN like) (NP (DT an) (NN idiot)))) (. .)),simple,i felt like an idiot .,aku merasa seperti orang bodoh .
3377,The king imposed heavy taxes on his people.,Raja itu mengenakan pajak yang tinggi pada rakyatnya.,(S (NP (DT The) (NN king)) (VP (VBD imposed) (NP (JJ heavy) (NNS taxes)) (PP (IN on) (NP (PRP$ his) (NNS people)))) (. .)),simple,the king imposed heavy taxes on his people .,raja itu mengenakan pajak yang tinggi pada rakyatnya .
770,The cat is under the car.,Kucing itu ada di bawah mobil.,(S (NP (DT The) (NN cat)) (VP (VBZ is) (PP (IN under) (NP (DT the) (NN car)))) (. .)),simple,the cat is under the car .,kucing itu ada di bawah mobil .
2165,Everyone was dressed like a clown.,Semua orang berpakaian seperti badut.,(S (NP (NN Everyone)) (VP (VBD was) (VP (VBN dressed) (PP (IN like) (NP (DT a) (NN clown))))) (. .)),simple,everyone was dressed like a clown .,semua orang berpakaian seperti badut .
437,Are you speaking to me?,Apa kau bicara padaku?,(SQ (VBP Are) (NP (PRP you)) (VP (VBG speaking) (PP (IN to) (NP (PRP me)))) (. ?)),simple,are you speaking to me ?,apa kau bicara padaku ?
673,What should we focus on?,Kami harus fokus pada apa?,(SBARQ (WHNP (WP What)) (SQ (MD should) (NP (PRP we)) (VP (VB focus) (PP (IN on)))) (. ?)),simple,what should we focus on ?,kami harus fokus pada apa ?
249,Don't play with fire.,Meletakkan api di bubungan.,(S (VP (VBP Do) (RB n't) (VP (VB play) (PP (IN with) (NP (NN fire))))) (. .)),simple,don t play with fire .,meletakkan api di bubungan .
2201,I succeeded because of his advice.,Saya berhasil karena nasihatnya.,(S (NP (PRP I)) (VP (VBD succeeded) (PP (IN because) (IN of) (NP (PRP$ his) (NN advice)))) (. .)),simple,i succeeded because of his advice .,saya berhasil karena nasihatnya .
1574,The train arrived on schedule.,Kereta itu tiba sesuai jadwal.,(S (NP (DT The) (NN train)) (VP (VBD arrived) (PP (IN on) (NP (NN schedule)))) (. .)),simple,the train arrived on schedule .,kereta itu tiba sesuai jadwal .
3143,I heard that Tom plans to move to Boston.,Saya mendengar bahwa Tom berencana pindah ke Boston.,(S (NP (PRP I)) (VP (VBD heard) (SBAR (IN that) (S (NP (NNP Tom)) (VP (VBZ plans) (S (VP (TO to) (VP (VB move) (PP (IN to) (NP (NNP Boston)))))))))) (. .)),complex,i heard that tom plans to move to boston .,saya mendengar bahwa tom berencana pindah ke boston .
2142,When is the next train to Boston?,Kapankah kereta api selanjutnya untuk Boston?,(SBARQ (WHADVP (WRB When)) (SQ (VBZ is) (NP (NP (DT the) (JJ next) (NN train)) (PP (IN to) (NP (NNP Boston))))) (. ?)),simple,when is the next train to boston ?,kapankah kereta api selanjutnya untuk boston ?
3419,Do you know anything about fixing computers?,Kamu tahu sesuatu tentang memperbaiki komputer?,(SQ (VBP Do) (NP (PRP you)) (VP (VB know) (NP (NP (NN anything)) (PP (IN about) (S (VP (VBG fixing) (NP (NNS computers))))))) (. ?)),simple,do you know anything about fixing computers ?,kamu tahu sesuatu tentang memperbaiki komputer ?
2081,Tell me more about what happened.,Beritahu aku apa lagi yang terjadi.,(S (VP (VB Tell) (NP (PRP me)) (NP (NP (JJR more)) (PP (IN about) (SBAR (WHNP (WP what)) (S (VP (VBD happened))))))) (. .)),complex,tell me more about what happened .,beritahu aku apa lagi yang terjadi .
4246,"Plenty of opportunities will present themselves, if only you are awake to them.","Banyak kesempatan akan muncul dengan sendirinya, bilamana kau mau memperhatikannya.","(S (NP (NP (NN Plenty)) (PP (IN of) (NP (NNS opportunities)))) (VP (MD will) (VP (VB present) (NP (PRP themselves)) (, ,) (SBAR (IN if) (S (ADVP (RB only)) (NP (PRP you)) (VP (VBP are) (ADJP (JJ awake) (PP (IN to) (NP (PRP them))))))))) (. .))",complex,plenty of opportunities will present themselves if only you are awake to them .,banyak kesempatan akan muncul dengan sendirinya bilamana kau mau memperhatikannya .
3866,"Speaking of last night, what time did you get home?","Omong-omong soal kemarin malam, kamu sampai di rumah jam berapa?","(S (S (VP (VBG Speaking) (PP (IN of) (NP (JJ last) (NN night))))) (, ,) (WHNP (WP what) (NN time)) (SQ (VBD did) (NP (PRP you)) (VP (VB get) (ADVP (RB home)))) (. ?))",simple,speaking of last night what time did you get home ?,omong omong soal kemarin malam kamu sampai di rumah jam berapa ?
880,I'd like to know for sure.,Aku ingin tahu secara pasti.,(S (NP (PRP I)) (VP (MD 'd) (VP (VB like) (S (VP (TO to) (VP (VB know) (PP (IN for) (ADJP (JJ sure)))))))) (. .)),simple,i d like to know for sure .,aku ingin tahu secara pasti .
448,He was going to school.,Dia baru akan berangkat menuju ke sekolah.,(S (NP (PRP He)) (VP (VBD was) (VP (VBG going) (PP (IN to) (NP (NN school))))) (. .)),simple,he was going to school .,dia baru akan berangkat menuju ke sekolah .
1469,Don't drink coffee before bed.,Jangan minum kopi sebelum tidur.,(S (VP (VBP Do) (RB n't) (VP (VB drink) (NP (NN coffee)) (PP (IN before) (NP (NN bed))))) (. .)),simple,don t drink coffee before bed .,jangan minum kopi sebelum tidur .
716,Help yourself to a drink.,Silakan dinikmati minumannya.,(S (VP (VB Help) (NP (PRP yourself)) (PP (IN to) (NP (DT a) (NN drink)))) (. .)),simple,help yourself to a drink .,silakan dinikmati minumannya .
3596,I'll help you within the limits of my ability.,Aku akan membantumu sebisaku.,(S (NP (PRP I)) (VP (MD 'll) (VP (VB help) (NP (PRP you)) (PP (IN within) (NP (NP (DT the) (NNS limits)) (PP (IN of) (NP (PRP$ my) (NN ability))))))) (. .)),simple,i ll help you within the limits of my ability .,aku akan membantumu sebisaku .
3939,Most of Dr. Jackson's patients are over 60 years old.,Sebagian besar pasien dr. Jackson berusia di atas 60 tahun.,(S (NP (NP (JJS Most)) (PP (IN of) (NP (NP (NNP Dr.) (NNP Jackson) (POS 's)) (NNS patients)))) (VP (VBP are) (ADJP (NP (QP (RB over) (CD 60)) (NNS years)) (JJ old))) (. .)),simple,most of dr . jackson s patients are over years old .,sebagian besar pasien dr . jackson berusia di atas tahun .
2048,I'll come back again after lunch.,Aku akan kembali setelah makan siang.,(S (NP (PRP I)) (VP (MD 'll) (VP (VB come) (ADVP (RB back)) (ADVP (RB again)) (PP (IN after) (NP (NN lunch))))) (. .)),simple,i ll come back again after lunch .,aku akan kembali setelah makan siang .
1901,She is looking for her car keys.,Dia sedang mencari kunci mobilnya.,(S (NP (PRP She)) (VP (VBZ is) (VP (VBG looking) (PP (IN for) (NP (PRP$ her) (NN car) (NNS keys))))) (. .)),simple,she is looking for her car keys .,dia sedang mencari kunci mobilnya .
4171,"There are bananas, apples, pears and oranges in the fruit basket.","Ada pisang, apel, pir, dan jeruk di dalam keranjang buah.","(S (NP (EX There)) (VP (VBP are) (NP (NNS bananas) (, ,) (NNS apples) (, ,) (NNS pears) (CC and) (NNS oranges)) (PP (IN in) (NP (DT the) (NN fruit) (NN basket)))) (. .))",simple,there are bananas apples pears and oranges in the fruit basket .,ada pisang apel pir dan jeruk di dalam keranjang buah .
3149,I'm fed up with everything and everybody.,Aku muak dengan semua hal dan semua orang.,(S (NP (PRP I)) (VP (VBP 'm) (VP (VBN fed) (PRT (RP up)) (PP (IN with) (NP (NP (NN everything)) (CC and) (NP (NN everybody)))))) (. .)),simple,i m fed up with everything and everybody .,aku muak dengan semua hal dan semua orang .
3156,It's on the third floor of this building.,Itu ada di lantai tiga bangunan ini.,(S (NP (PRP It)) (VP (VBZ 's) (PP (IN on) (NP (NP (DT the) (JJ third) (NN floor)) (PP (IN of) (NP (DT this) (NN building)))))) (. .)),simple,it s on the third floor of this building .,itu ada di lantai tiga bangunan ini .
1168,I wrote a letter in English.,Saya menulis surat dalam bahasa Inggris.,(S (NP (PRP I)) (VP (VBD wrote) (NP (DT a) (NN letter)) (PP (IN in) (NP (NNP English)))) (. .)),simple,i wrote a letter in english .,saya menulis surat dalam bahasa inggris .
82,She is mad at me.,Dia marah padaku.,(S (NP (PRP She)) (VP (VBZ is) (ADJP (JJ mad) (PP (IN at) (NP (PRP me))))) (. .)),simple,she is mad at me .,dia marah padaku .
3630,Tom has been with our company for three years.,Tom telah bekerja di perusahaan kami selama tiga tahun.,(S (NP (NNP Tom)) (VP (VBZ has) (VP (VBN been) (PP (IN with) (NP (PRP$ our) (NN company))) (PP (IN for) (NP (CD three) (NNS years))))) (. .)),simple,tom has been with our company for three years .,tom telah bekerja di perusahaan kami selama tiga tahun .
2724,Tom isn't used to speaking in public.,Tom tidak terbiasa berbicara di depan orang banyak.,(S (NP (NNP Tom)) (VP (VBZ is) (RB n't) (VP (VBN used) (PP (IN to) (S (VP (VBG speaking) (PP (IN in) (NP (NN public)))))))) (. .)),simple,tom isn t used to speaking in public .,tom tidak terbiasa berbicara di depan orang banyak .
3044,Remind me that the meeting is on Monday.,Ingatkan aku kalau rapatnya diadakan hari Senin.,(S (VP (VB Remind) (NP (PRP me)) (SBAR (IN that) (S (NP (DT the) (NN meeting)) (VP (VBZ is) (PP (IN on) (NP (NNP Monday))))))) (. .)),complex,remind me that the meeting is on monday .,ingatkan aku kalau rapatnya diadakan hari senin .
3094,What else do you need to know about Tom?,Apa lagi yang perlu kalian ketahui tentang Tom?,(SBARQ (WHNP (WP What) (RB else)) (SQ (VBP do) (NP (PRP you)) (VP (VB need) (S (VP (TO to) (VP (VB know) (PP (IN about) (NP (NNP Tom)))))))) (. ?)),simple,what else do you need to know about tom ?,apa lagi yang perlu kalian ketahui tentang tom ?
1460,A rose has thorns on its stem.,Bunga mawar memiliki duri pada batangnya.,(S (NP (DT A) (NN rose)) (VP (VBZ has) (NP (NP (NNS thorns)) (PP (IN on) (NP (PRP$ its) (NN stem))))) (. .)),simple,a rose has thorns on its stem .,bunga mawar memiliki duri pada batangnya .
2818,She was brought up by her grandmother.,Dia dibesarkan oleh neneknya.,(S (NP (PRP She)) (VP (VBD was) (VP (VBN brought) (PRT (RP up)) (PP (IN by) (NP (PRP$ her) (NN grandmother))))) (. .)),simple,she was brought up by her grandmother .,dia dibesarkan oleh neneknya .
1893,Nobody cares about our problems.,Tidak ada yang peduli terhadap masalah kita.,(S (NP (NN Nobody)) (VP (VBZ cares) (PP (IN about) (NP (PRP$ our) (NNS problems)))) (. .)),simple,nobody cares about our problems .,tidak ada yang peduli terhadap masalah kita .
1668,I am pleased with my new house.,Saya merasa senang dengan rumah baru saya.,(S (NP (PRP I)) (VP (VBP am) (ADJP (VBN pleased) (PP (IN with) (NP (PRP$ my) (JJ new) (NN house))))) (. .)),simple,i am pleased with my new house .,saya merasa senang dengan rumah baru saya .
2756,"""Good morning,"" said Tom with a smile.","""Selamat pagi,"" kata Tom sambil tersenyum.","(SINV (`` "") (NP (JJ Good) (NN morning)) (, ,) ('' "") (VP (VBD said)) (NP (NNP Tom)) (PP (IN with) (NP (DT a) (NN smile))) (. .))",simple, good morning said tom with a smile ., selamat pagi kata tom sambil tersenyum .
2000,Almost all of the dogs are alive.,Hampir semua anjingnya hidup.,(S (NP (NP (QP (RB Almost) (DT all))) (PP (IN of) (NP (DT the) (NNS dogs)))) (VP (VBP are) (ADJP (JJ alive))) (. .)),simple,almost all of the dogs are alive .,hampir semua anjingnya hidup .
475,I'm proud of this team.,Aku bangga dengan tim ini.,(S (NP (PRP I)) (VP (VBP 'm) (ADJP (JJ proud) (PP (IN of) (NP (DT this) (NN team))))) (. .)),simple,i m proud of this team .,aku bangga dengan tim ini .
517,Tom is alone with Mary.,Tom sedang berduaan dengan Mary.,(S (NP (NNP Tom)) (VP (VBZ is) (ADJP (JJ alone)) (PP (IN with) (NP (NNP Mary)))) (. .)),simple,tom is alone with mary .,tom sedang berduaan dengan mary .
3904,I want you to tell me everything you know about Tom.,Saya ingin kamu memberitahu saya semua yang kamu tahu soal Tom.,(S (NP (PRP I)) (VP (VBP want) (S (NP (PRP you)) (VP (TO to) (VP (VB tell) (NP (PRP me)) (NP (NP (NN everything)) (SBAR (S (NP (PRP you)) (VP (VBP know) (PP (IN about) (NP (NNP Tom))))))))))) (. .)),complex,i want you to tell me everything you know about tom .,saya ingin kamu memberitahu saya semua yang kamu tahu soal tom .
404,There's a lot of snow.,Ada banyak salju.,(S (NP (EX There)) (VP (VBZ 's) (NP (NP (DT a) (NN lot)) (PP (IN of) (NP (NN snow))))) (. .)),simple,there s a lot of snow .,ada banyak salju .
384,It won't happen to me.,Hal itu tidak akan terjadi pada diriku.,(S (NP (PRP It)) (VP (MD wo) (RB n't) (VP (VB happen) (PP (IN to) (NP (PRP me))))) (. .)),simple,it won t happen to me .,hal itu tidak akan terjadi pada diriku .
4212,"She is popular not because of her beauty, but because of her kindness.","Gadis itu terkenal bukan karena kecantikannya, tapi karena kebaikannya.","(S (NP (PRP She)) (VP (VBZ is) (ADJP (JJ popular)) (PP (RB not) (PP (IN because) (IN of) (NP (PRP$ her) (NN beauty))) (, ,) (CC but) (PP (IN because) (IN of) (NP (PRP$ her) (NN kindness))))) (. .))",simple,she is popular not because of her beauty but because of her kindness .,gadis itu terkenal bukan karena kecantikannya tapi karena kebaikannya .
3700,You are responsible for the death of the child.,Anda bertanggung jawab atas kematian anak itu.,(S (NP (PRP You)) (VP (VBP are) (ADJP (JJ responsible) (PP (IN for) (NP (NP (DT the) (NN death)) (PP (IN of) (NP (DT the) (NN child))))))) (. .)),simple,you are responsible for the death of the child .,anda bertanggung jawab atas kematian anak itu .
2152,You're acting like a small child.,Kamu bertingkah seperti anak kecil.,(S (NP (PRP You)) (VP (VBP 're) (VP (VBG acting) (PP (IN like) (NP (DT a) (JJ small) (NN child))))) (. .)),simple,you re acting like a small child .,kamu bertingkah seperti anak kecil .
1633,A car is faster than a bicycle.,Mobil lebih cepat daripada sepeda.,(S (NP (DT A) (NN car)) (VP (VBZ is) (ADJP (ADJP (JJR faster)) (PP (IN than) (NP (DT a) (NN bicycle))))) (. .)),simple,a car is faster than a bicycle .,mobil lebih cepat daripada sepeda .
4201,Japan's changing economic policy is tied up with the labor shortage.,Kebijakan ekonomi Jepang yang terus berubah dipengaruhi oleh kurangnya tenaga kerja.,(S (NP (NP (NNP Japan) (POS 's)) (VBG changing) (JJ economic) (NN policy)) (VP (VBZ is) (VP (VBN tied) (PRT (RP up)) (PP (IN with) (NP (DT the) (NN labor) (NN shortage))))) (. .)),simple,japan s changing economic policy is tied up with the labor shortage .,kebijakan ekonomi jepang yang terus berubah dipengaruhi oleh kurangnya tenaga kerja .
688,You have a lot of nerve!,Kurang ajar sekali kamu!,(S (NP (PRP You)) (VP (VBP have) (NP (NP (DT a) (NN lot)) (PP (IN of) (NP (NN nerve))))) (. !)),simple,you have a lot of nerve !,kurang ajar sekali kamu !
3659,Here's a picture of Tom when he was a teenager.,Ini foto Tom saat ia masih remaja.,(SINV (ADVP (RB Here)) (VP (VBZ 's)) (NP (NP (DT a) (NN picture)) (PP (IN of) (NP (NP (NNP Tom)) (SBAR (WHADVP (WRB when)) (S (NP (PRP he)) (VP (VBD was) (NP (DT a) (NN teenager)))))))) (. .)),complex,here s a picture of tom when he was a teenager .,ini foto tom saat ia masih remaja .
2874,You should be ashamed of your conduct.,Kamu seharusnya malu dengan tingkah laku kamu itu.,(S (NP (PRP You)) (VP (MD should) (VP (VB be) (ADJP (JJ ashamed) (PP (IN of) (NP (PRP$ your) (NN conduct)))))) (. .)),simple,you should be ashamed of your conduct .,kamu seharusnya malu dengan tingkah laku kamu itu .
1240,Tom isn't used to city life.,Tom tidak terbiasa dengan kehidupan kota.,(S (NP (NNP Tom)) (VP (VBZ is) (RB n't) (VP (VBN used) (PP (IN to) (NP (NN city) (NN life))))) (. .)),simple,tom isn t used to city life .,tom tidak terbiasa dengan kehidupan kota .
62,Go to the barber.,Pergilah ke tukang potong rambut!,(S (VP (VB Go) (PP (IN to) (NP (DT the) (NN barber)))) (. .)),simple,go to the barber .,pergilah ke tukang potong rambut !
3353,Mona Lisa was painted by Leonardo da Vinci.,Mona Lisa dilukis oleh Leonardo da Vinci.,(S (NP (NNP Mona) (NNP Lisa)) (VP (VBD was) (VP (VBN painted) (PP (IN by) (NP (NNP Leonardo) (NNP da) (NNP Vinci))))) (. .)),simple,mona lisa was painted by leonardo da vinci .,mona lisa dilukis oleh leonardo da vinci .
852,He was afraid of his wife.,Dia takut dengan istrinya.,(S (NP (PRP He)) (VP (VBD was) (ADJP (JJ afraid) (PP (IN of) (NP (PRP$ his) (NN wife))))) (. .)),simple,he was afraid of his wife .,dia takut dengan istrinya .
4118,"You can lie to everyone else, but you can't lie to yourself.",Kamu bisa bohong pada orang lain tetapi kamu tidak bisa bohong pada diri sendiri.,"(S (S (NP (PRP You)) (VP (MD can) (VP (VB lie) (PP (IN to) (NP (NN everyone) (RB else)))))) (, ,) (CC but) (S (NP (PRP you)) (VP (MD ca) (RB n't) (VP (VB lie) (PP (IN to) (NP (PRP yourself)))))) (. .))",compound,you can lie to everyone else but you can t lie to yourself .,kamu bisa bohong pada orang lain tetapi kamu tidak bisa bohong pada diri sendiri .
3719,"I got a present, but I don't know who it's from.","Saya dapat hadiah, tapi saya tidak tahu dari siapa.","(S (S (NP (PRP I)) (VP (VBD got) (NP (DT a) (NN present)))) (, ,) (CC but) (S (NP (PRP I)) (VP (VBP do) (RB n't) (VP (VB know) (SBAR (WHNP (WP who)) (S (NP (PRP it)) (VP (VBZ 's) (PP (IN from)))))))) (. .))",complex,i got a present but i don t know who it s from .,saya dapat hadiah tapi saya tidak tahu dari siapa .
1262,We'd like to speak with you.,Kami ingin berbicara dengan Anda.,(S (NP (PRP We)) (VP (MD 'd) (VP (VB like) (S (VP (TO to) (VP (VB speak) (PP (IN with) (NP (PRP you)))))))) (. .)),simple,we d like to speak with you .,kami ingin berbicara dengan anda .
223,Tom gave it to Mary.,Tom memberikannya kepada Mary.,(S (NP (NNP Tom)) (VP (VBD gave) (NP (PRP it)) (PP (IN to) (NP (NNP Mary)))) (. .)),simple,tom gave it to mary .,tom memberikannya kepada mary .
2193,I hope no one sits in front of us.,Aku harap tidak ada seorangpun yang akan duduk di depan kita.,(S (NP (PRP I)) (VP (VBP hope) (SBAR (S (NP (DT no) (NN one)) (VP (VBZ sits) (PP (IN in) (NP (NP (NN front)) (PP (IN of) (NP (PRP us))))))))) (. .)),complex,i hope no one sits in front of us .,aku harap tidak ada seorangpun yang akan duduk di depan kita .
3136,I don't remember the title of that movie.,Aku tidak ingat judul film itu.,(S (NP (PRP I)) (VP (VBP do) (RB n't) (VP (VB remember) (NP (NP (DT the) (NN title)) (PP (IN of) (NP (DT that) (NN movie)))))) (. .)),simple,i don t remember the title of that movie .,aku tidak ingat judul film itu .
373,I went out for a walk.,saya pergi keluar untuk jalan-jalan.,(S (NP (PRP I)) (VP (VBD went) (ADVP (RB out)) (PP (IN for) (NP (DT a) (NN walk)))) (. .)),simple,i went out for a walk .,saya pergi keluar untuk jalan jalan .
1824,Don't worry about that just yet.,Tidak usah memikirkan itu dulu.,(S (VP (VBP Do) (RB n't) (VP (VB worry) (PP (IN about) (NP (DT that))) (ADVP (RB just) (RB yet)))) (. .)),simple,don t worry about that just yet .,tidak usah memikirkan itu dulu .
3813,I can't believe you did all this without any help.,Aku tidak percaya kamu melakukan ini semua tanpa bantuan.,(S (NP (PRP I)) (VP (MD ca) (RB n't) (VP (VB believe) (SBAR (S (NP (PRP you)) (VP (VBD did) (NP (PDT all) (DT this)) (PP (IN without) (NP (DT any) (NN help)))))))) (. .)),complex,i can t believe you did all this without any help .,aku tidak percaya kamu melakukan ini semua tanpa bantuan .
3190,This stone is twice as heavy as that one.,Batu ini dua kali lipat lebih berat daripada yang itu.,(S (NP (DT This) (NN stone)) (VP (VBZ is) (ADJP (ADJP (RB twice) (RB as) (JJ heavy)) (PP (IN as) (NP (DT that) (CD one))))) (. .)),simple,this stone is twice as heavy as that one .,batu ini dua kali lipat lebih berat daripada yang itu .
4205,Tom can't even play one song on his ukulele without making mistakes.,Tom bahkan bisa memainkan satu lagu dengan ukulelenya tanpa membuat kesalahan.,(S (NP (NNP Tom)) (VP (MD ca) (RB n't) (ADVP (RB even)) (VP (VB play) (NP (CD one) (NN song)) (PP (IN on) (NP (PRP$ his) (NN ukulele))) (PP (IN without) (S (VP (VBG making) (NP (NNS mistakes))))))) (. .)),simple,tom can t even play one song on his ukulele without making mistakes .,tom bahkan bisa memainkan satu lagu dengan ukulelenya tanpa membuat kesalahan .
3910,The umbrella that I bought in Australia is this one.,Payung yang saya beli di Australia adalah yang ini.,(S (NP (NP (DT The) (NN umbrella)) (SBAR (WHNP (WDT that)) (S (NP (PRP I)) (VP (VBD bought) (PP (IN in) (NP (NNP Australia))))))) (VP (VBZ is) (NP (DT this) (CD one))) (. .)),complex,the umbrella that i bought in australia is this one .,payung yang saya beli di australia adalah yang ini .
3322,How many students are there in your school?,Di sekolahmu ada berapa murid?,(SBARQ (WHNP (WHADJP (WRB How) (JJ many)) (NNS students)) (SQ (VBP are) (ADVP (RB there)) (PP (IN in) (NP (PRP$ your) (NN school)))) (. ?)),simple,how many students are there in your school ?,di sekolahmu ada berapa murid ?
3313,"Englishmen are, on the whole, conservative.",Orang Inggris pada umumnya konservatif.,"(S (NP (NNPS Englishmen)) (VP (VBP are) (, ,) (PP (IN on) (NP (DT the) (JJ whole))) (, ,) (ADJP (JJ conservative))) (. .))",simple,englishmen are on the whole conservative .,orang inggris pada umumnya konservatif .
4043,Do you believe our destinies are controlled by the stars?,Percayakah anda bahwa takdir-takdir kita dipengaruhi oleh bintang-bintang?,(SQ (VBP Do) (NP (PRP you)) (VP (VB believe) (SBAR (S (NP (PRP$ our) (NNS destinies)) (VP (VBP are) (VP (VBN controlled) (PP (IN by) (NP (DT the) (NNS stars)))))))) (. ?)),complex,do you believe our destinies are controlled by the stars ?,percayakah anda bahwa takdir takdir kita dipengaruhi oleh bintang bintang ?
2871,Who's the richest person in Australia?,Siapa orang yang paling kaya di Australia?,(SBARQ (WHNP (WP Who)) (SQ (VP (VBZ 's) (NP (NP (DT the) (JJS richest) (NN person)) (PP (IN in) (NP (NNP Australia)))))) (. ?)),simple,who s the richest person in australia ?,siapa orang yang paling kaya di australia ?
9,Jump over it.,Lompati itu!,(S (VP (VB Jump) (PP (IN over) (NP (PRP it)))) (. .)),simple,jump over it .,lompati itu !
2497,Here is a song from the first album.,Ini dia sebuah lagu dari album perdana.,(SINV (ADVP (RB Here)) (VP (VBZ is)) (NP (NP (DT a) (NN song)) (PP (IN from) (NP (DT the) (JJ first) (NN album)))) (. .)),simple,here is a song from the first album .,ini dia sebuah lagu dari album perdana .
1944,Tom is hiding something from us.,Tom menyembunyikan sesuatu dari kita.,(S (NP (NNP Tom)) (VP (VBZ is) (VP (VBG hiding) (NP (NN something)) (PP (IN from) (NP (PRP us))))) (. .)),simple,tom is hiding something from us .,tom menyembunyikan sesuatu dari kita .
1838,He writes letters to his mother.,Dia menulis surat untuk ibunya.,(S (NP (PRP He)) (VP (VBZ writes) (NP (NNS letters)) (PP (IN to) (NP (PRP$ his) (NN mother)))) (. .)),simple,he writes letters to his mother .,dia menulis surat untuk ibunya .
708,Get everyone out of here.,Suruh semua orang keluar dari sini.,(S (VP (VB Get) (NP (NN everyone)) (PP (IN out) (PP (IN of) (ADVP (RB here))))) (. .)),simple,get everyone out of here .,suruh semua orang keluar dari sini .
255,He is good at tennis.,Dia pandai bermain tenis.,(S (NP (PRP He)) (VP (VBZ is) (ADJP (JJ good) (PP (IN at) (NP (NN tennis))))) (. .)),simple,he is good at tennis .,dia pandai bermain tenis .
2930,Let's leave the problem until tomorrow.,Mari kita tunda masalah itu hingga besok.,(S (VP (VB Let) (S (NP (PRP 's)) (VP (VB leave) (NP (DT the) (NN problem)) (PP (IN until) (NP (NN tomorrow)))))) (. .)),simple,let s leave the problem until tomorrow .,mari kita tunda masalah itu hingga besok .
1617,Water is important for humans.,Air penting untuk manusia.,(S (NP (NN Water)) (VP (VBZ is) (ADJP (JJ important) (PP (IN for) (NP (NNS humans))))) (. .)),simple,water is important for humans .,air penting untuk manusia .
389,"Like father, like son.",Anak laki-laki mirip dengan ayahnya.,"(FRAG (PP (IN Like) (NP (NN father))) (, ,) (PP (IN like) (NP (NN son))) (. .))",simple,like father like son .,anak laki laki mirip dengan ayahnya .
3668,I've been asked to forward this message to you.,Saya diminta untuk meneruskan pesan ini kepadamu.,(S (NP (PRP I)) (VP (VBP 've) (VP (VBN been) (VP (VBN asked) (S (VP (TO to) (VP (VB forward) (NP (DT this) (NN message)) (PP (IN to) (NP (PRP you))))))))) (. .)),simple,i ve been asked to forward this message to you .,saya diminta untuk meneruskan pesan ini kepadamu .
1581,There was a problem at school.,Tadi ada masalah di sekolah.,(S (NP (EX There)) (VP (VBD was) (NP (DT a) (NN problem)) (PP (IN at) (NP (NN school)))) (. .)),simple,there was a problem at school .,tadi ada masalah di sekolah .
2956,There's been a lot of rain this summer.,Musim panas ini banyak turun hujan.,(S (NP (EX There)) (VP (VBZ 's) (VP (VBN been) (NP (NP (DT a) (NN lot)) (PP (IN of) (NP (NN rain)))) (NP (DT this) (NN summer)))) (. .)),simple,there s been a lot of rain this summer .,musim panas ini banyak turun hujan .
924,The bus burst into flames.,Bus itu terbakar.,(S (NP (DT The) (NN bus)) (VP (VBD burst) (PP (IN into) (NP (NNS flames)))) (. .)),simple,the bus burst into flames .,bus itu terbakar .
2799,"If it rains tomorrow, we'll go by car.","Kalau besok hujan, kita pergi naik mobil.","(S (SBAR (IN If) (S (NP (PRP it)) (VP (VBZ rains) (NP (NN tomorrow))))) (, ,) (NP (PRP we)) (VP (MD 'll) (VP (VB go) (PP (IN by) (NP (NN car))))) (. .))",complex,if it rains tomorrow we ll go by car .,kalau besok hujan kita pergi naik mobil .
3548,Tom decided to try sleeping without a pillow.,Tom memutuskan untuk mencoba tidur tanpa bantal.,(S (NP (NNP Tom)) (VP (VBD decided) (S (VP (TO to) (VP (VB try) (S (VP (VBG sleeping) (PP (IN without) (NP (DT a) (NN pillow))))))))) (. .)),simple,tom decided to try sleeping without a pillow .,tom memutuskan untuk mencoba tidur tanpa bantal .
2508,"I borrowed 1,000 yen from my cousin.",Saya meminjam 1.000 yen dari sepupu saya.,"(S (NP (PRP I)) (VP (VBD borrowed) (NP (CD 1,000) (NNS yen)) (PP (IN from) (NP (PRP$ my) (NN cousin)))) (. .))",simple,i borrowed yen from my cousin .,saya meminjam . yen dari sepupu saya .
2036,I don't like to talk about money.,Saya tidak suka membicarakan tentang uang.,(S (NP (PRP I)) (VP (VBP do) (RB n't) (VP (VB like) (S (VP (TO to) (VP (VB talk) (PP (IN about) (NP (NN money)))))))) (. .)),simple,i don t like to talk about money .,saya tidak suka membicarakan tentang uang .
3601,"In the United States, school buses are yellow.","Di Amerika Serikat, bus sekolah berwarna kuning.","(S (PP (IN In) (NP (DT the) (NNP United) (NNPS States))) (, ,) (NP (NN school) (NNS buses)) (VP (VBP are) (ADJP (JJ yellow))) (. .))",simple,in the united states school buses are yellow .,di amerika serikat bus sekolah berwarna kuning .
1224,They grind wheat into flour.,Mereka menggiling gandum menjadi tepung.,(S (NP (PRP They)) (VP (VBP grind) (NP (NN wheat)) (PP (IN into) (NP (NN flour)))) (. .)),simple,they grind wheat into flour .,mereka menggiling gandum menjadi tepung .
3216,Who's taking responsibility for the loss?,Siapa yang bertanggung jawab atas kehilangan ini?,(SBARQ (WHNP (WP Who)) (SQ (VBZ 's) (VP (VBG taking) (NP (NN responsibility)) (PP (IN for) (NP (DT the) (NN loss))))) (. ?)),simple,who s taking responsibility for the loss ?,siapa yang bertanggung jawab atas kehilangan ini ?
3006,English has spread all over the country.,Bahasa Inggris telah menyebar ke seluruh negeri.,(S (NP (NNP English)) (VP (VBZ has) (VP (VBN spread) (PP (ADVP (DT all)) (IN over) (NP (DT the) (NN country))))) (. .)),simple,english has spread all over the country .,bahasa inggris telah menyebar ke seluruh negeri .
2549,Miniskirts have gone out of fashion.,Rok mini sudah ketinggalan zaman.,(S (NP (NNS Miniskirts)) (VP (VBP have) (VP (VBN gone) (PP (IN out) (PP (IN of) (NP (NN fashion)))))) (. .)),simple,miniskirts have gone out of fashion .,rok mini sudah ketinggalan zaman .
1946,Tom is playing with his friends.,Tom sedang bermain dengan teman-temannya.,(S (NP (NNP Tom)) (VP (VBZ is) (VP (VBG playing) (PP (IN with) (NP (PRP$ his) (NNS friends))))) (. .)),simple,tom is playing with his friends .,tom sedang bermain dengan teman temannya .
739,I ran into an old friend.,Aku berjumpa dengan kawan lamaku.,(S (NP (PRP I)) (VP (VBD ran) (PP (IN into) (NP (DT an) (JJ old) (NN friend)))) (. .)),simple,i ran into an old friend .,aku berjumpa dengan kawan lamaku .
40,We eat at home.,Kita makan di rumah.,(S (NP (PRP We)) (VP (VBP eat) (PP (IN at) (NP (NN home)))) (. .)),simple,we eat at home .,kita makan di rumah .
868,I came to Japan last year.,Aku datang ke Jepang tahun lalu.,(S (NP (PRP I)) (VP (VBD came) (PP (IN to) (NP (NNP Japan))) (NP (JJ last) (NN year))) (. .)),simple,i came to japan last year .,aku datang ke jepang tahun lalu .
2779,I don't want to speak ill of the dead.,Aku tidak mau berbicara buruk tentang orang yang sudah mati.,(S (NP (PRP I)) (VP (VBP do) (RB n't) (VP (VB want) (S (VP (TO to) (VP (VB speak) (ADVP (RB ill)) (PP (IN of) (NP (DT the) (JJ dead)))))))) (. .)),simple,i don t want to speak ill of the dead .,aku tidak mau berbicara buruk tentang orang yang sudah mati .
539,You had plenty of time.,Kau punya banyak waktu.,(S (NP (PRP You)) (VP (VBD had) (NP (NP (NN plenty)) (PP (IN of) (NP (NN time))))) (. .)),simple,you had plenty of time .,kau punya banyak waktu .
3249,I'm counting on you to keep an eye on Tom.,Aku mengandalkanmu untuk mengawasi Tom.,(S (NP (PRP I)) (VP (VBP 'm) (VP (VBG counting) (PP (IN on) (NP (PRP you))) (S (VP (TO to) (VP (VB keep) (NP (DT an) (NN eye)) (PP (IN on) (NP (NNP Tom)))))))) (. .)),simple,i m counting on you to keep an eye on tom .,aku mengandalkanmu untuk mengawasi tom .
3387,They pursued the enemy as far as the river.,Mereka mengejar musuh sampai ke sungai.,(S (NP (PRP They)) (VP (VBD pursued) (NP (DT the) (NN enemy)) (ADVP (ADVP (RB as) (RB far)) (PP (IN as) (NP (DT the) (NN river))))) (. .)),simple,they pursued the enemy as far as the river .,mereka mengejar musuh sampai ke sungai .
2745,Who's that guy swimming in the river?,Siapa laki-laki yang berenang di sungai itu?,(SBARQ (WHNP (WP Who)) (SQ (VBZ 's) (NP (DT that) (NN guy)) (VP (VBG swimming) (PP (IN in) (NP (DT the) (NN river))))) (. ?)),simple,who s that guy swimming in the river ?,siapa laki laki yang berenang di sungai itu ?
3773,"If you see her from a distance, she is beautiful.",Dia cantik kalau kamu melihatnya dari jauh.,"(S (SBAR (IN If) (S (NP (PRP you)) (VP (VBP see) (NP (PRP her)) (PP (IN from) (NP (DT a) (NN distance)))))) (, ,) (NP (PRP she)) (VP (VBZ is) (ADJP (JJ beautiful))) (. .))",complex,if you see her from a distance she is beautiful .,dia cantik kalau kamu melihatnya dari jauh .
2723,Tom isn't used to living in the city.,Tom tidak terbiasa hidup di kota.,(S (NP (NNP Tom)) (VP (VBZ is) (RB n't) (VP (VBN used) (PP (IN to) (S (VP (VBG living) (PP (IN in) (NP (DT the) (NN city)))))))) (. .)),simple,tom isn t used to living in the city .,tom tidak terbiasa hidup di kota .
1371,It seemed like a dream to me.,Ini terasa seperti mimpi bagiku.,(S (NP (PRP It)) (VP (VBD seemed) (PP (IN like) (NP (DT a) (NN dream))) (PP (IN to) (NP (PRP me)))) (. .)),simple,it seemed like a dream to me .,ini terasa seperti mimpi bagiku .
1145,He resigned from his office.,Ia berhenti dari pekerjaannya.,(S (NP (PRP He)) (VP (VBD resigned) (PP (IN from) (NP (PRP$ his) (NN office)))) (. .)),simple,he resigned from his office .,ia berhenti dari pekerjaannya .
1031,I need to go to the toilet.,Saya harus pergi ke toilet.,(S (NP (PRP I)) (VP (VBP need) (S (VP (TO to) (VP (VB go) (PP (IN to) (NP (DT the) (NN toilet))))))) (. .)),simple,i need to go to the toilet .,saya harus pergi ke toilet .
372,I was saved by my dog.,Aku diselamatkan oleh anjingku.,(S (NP (PRP I)) (VP (VBD was) (VP (VBN saved) (PP (IN by) (NP (PRP$ my) (NN dog))))) (. .)),simple,i was saved by my dog .,aku diselamatkan oleh anjingku .
667,What are you looking at?,Loe lagi ngeliatin apaan sih?,(SBARQ (WHNP (WP What)) (SQ (VBP are) (NP (PRP you)) (VP (VBG looking) (PP (IN at)))) (. ?)),simple,what are you looking at ?,loe lagi ngeliatin apaan sih ?
3479,Tom bought two tickets and a bag of popcorn.,Tom membeli dua tiket dan sebungkus popcorn.,(S (NP (NNP Tom)) (VP (VBD bought) (NP (NP (CD two) (NNS tickets)) (CC and) (NP (NP (DT a) (NN bag)) (PP (IN of) (NP (NN popcorn)))))) (. .)),simple,tom bought two tickets and a bag of popcorn .,tom membeli dua tiket dan sebungkus popcorn .
3019,I fell asleep while studying at my desk.,Aku tertidur ketika belajar di mejaku.,(S (NP (PRP I)) (VP (VBD fell) (ADVP (JJ asleep)) (SBAR (IN while) (S (VP (VBG studying) (PP (IN at) (NP (PRP$ my) (NN desk))))))) (. .)),complex,i fell asleep while studying at my desk .,aku tertidur ketika belajar di mejaku .
357,I need Tom in my life.,Aku membutuhkan Tom dalam hidupku.,(S (NP (PRP I)) (VP (VBP need) (NP (NNP Tom)) (PP (IN in) (NP (PRP$ my) (NN life)))) (. .)),simple,i need tom in my life .,aku membutuhkan tom dalam hidupku .
967,What kind of shop is this?,Toko macam apa ini?,(SBARQ (WHNP (WHNP (WP What) (NN kind)) (PP (IN of) (NP (NN shop)))) (SQ (VBZ is) (NP (DT this))) (. ?)),simple,what kind of shop is this ?,toko macam apa ini ?
2831,There are plenty more fish in the sea.,"Bunga bukan sekuntum, kumbang bukan seekor.",(S (NP (EX There)) (VP (VBP are) (NP (ADJP (RB plenty) (JJR more)) (NN fish)) (PP (IN in) (NP (DT the) (NN sea)))) (. .)),simple,there are plenty more fish in the sea .,bunga bukan sekuntum kumbang bukan seekor .
2783,I got this job with my teacher's help.,Saya mendapatkan pekerjaan ini dengan bantuan guru saya.,(S (NP (PRP I)) (VP (VBD got) (NP (DT this) (NN job)) (PP (IN with) (NP (NP (PRP$ my) (NN teacher) (POS 's)) (NN help)))) (. .)),simple,i got this job with my teacher s help .,saya mendapatkan pekerjaan ini dengan bantuan guru saya .
1353,I was born in a refugee camp.,Saya lahir di kamp pengungsi.,(S (NP (PRP I)) (VP (VBD was) (VP (VBN born) (PP (IN in) (NP (DT a) (NN refugee) (NN camp))))) (. .)),simple,i was born in a refugee camp .,saya lahir di kamp pengungsi .
1035,I see a flower on the desk.,Aku melihat setangkai bunga di atas meja.,(S (NP (PRP I)) (VP (VBP see) (NP (DT a) (NN flower)) (PP (IN on) (NP (DT the) (NN desk)))) (. .)),simple,i see a flower on the desk .,aku melihat setangkai bunga di atas meja .
3018,I don't want to have to worry about you.,Aku tidak ingin harus mencemaskanmu.,(S (NP (PRP I)) (VP (VBP do) (RB n't) (VP (VB want) (S (VP (TO to) (VP (VB have) (S (VP (TO to) (VP (VB worry) (PP (IN about) (NP (PRP you))))))))))) (. .)),simple,i don t want to have to worry about you .,aku tidak ingin harus mencemaskanmu .
470,I'll be going with you.,Aku akan ikut denganmu.,(S (NP (PRP I)) (VP (MD 'll) (VP (VB be) (VP (VBG going) (PP (IN with) (NP (PRP you)))))) (. .)),simple,i ll be going with you .,aku akan ikut denganmu .
3901,I plan to spend the New Year's holiday in Australia.,Saya berencana untuk menghabiskan waktu liburan akhir tahun di Australia.,(S (NP (PRP I)) (VP (VBP plan) (S (VP (TO to) (VP (VB spend) (NP (NP (DT the) (NNP New) (NNP Year) (POS 's)) (NN holiday)) (PP (IN in) (NP (NNP Australia))))))) (. .)),simple,i plan to spend the new year s holiday in australia .,saya berencana untuk menghabiskan waktu liburan akhir tahun di australia .
3330,I have something that I want to say to you.,Ada hal yang ingin aku katakan padamu.,(S (NP (PRP I)) (VP (VBP have) (NP (NP (NN something)) (SBAR (WHNP (WDT that)) (S (NP (PRP I)) (VP (VBP want) (S (VP (TO to) (VP (VB say) (PP (IN to) (NP (PRP you))))))))))) (. .)),complex,i have something that i want to say to you .,ada hal yang ingin aku katakan padamu .
1396,Thank you for the correction.,Terima kasih atas koreksinya.,(S (VP (VB Thank) (NP (PRP you)) (PP (IN for) (NP (DT the) (NN correction)))) (. .)),simple,thank you for the correction .,terima kasih atas koreksinya .
3637,We've been asking the wrong kind of questions.,Kita telah menanyakan jenis pertanyaan yang salah.,(S (NP (PRP We)) (VP (VBP 've) (VP (VBN been) (VP (VBG asking) (NP (NP (DT the) (JJ wrong) (NN kind)) (PP (IN of) (NP (NNS questions))))))) (. .)),simple,we ve been asking the wrong kind of questions .,kita telah menanyakan jenis pertanyaan yang salah .
3947,The dog hid under the bed whenever lightning flashed.,Anjing itu bersembunyi tiap kali kilat menyambar.,(S (NP (DT The) (NN dog)) (VP (VBD hid) (PP (IN under) (NP (DT the) (NN bed))) (SBAR (WHADVP (WRB whenever)) (S (NP (NN lightning)) (VP (VBD flashed))))) (. .)),complex,the dog hid under the bed whenever lightning flashed .,anjing itu bersembunyi tiap kali kilat menyambar .
1549,She writes with her left hand.,Dia menulis dengan tangan kiri.,(S (NP (PRP She)) (VP (VBZ writes) (PP (IN with) (NP (PRP$ her) (JJ left) (NN hand)))) (. .)),simple,she writes with her left hand .,dia menulis dengan tangan kiri .
3376,The building on the right side is a school.,Bangunan di kanan itu sekolah.,(S (NP (NP (DT The) (NN building)) (PP (IN on) (NP (DT the) (JJ right) (NN side)))) (VP (VBZ is) (NP (DT a) (NN school))) (. .)),simple,the building on the right side is a school .,bangunan di kanan itu sekolah .
1256,Wait until tomorrow morning.,Tunggulah hingga besok pagi.,(S (VP (VB Wait) (PP (IN until) (NP (NN tomorrow) (NN morning)))) (. .)),simple,wait until tomorrow morning .,tunggulah hingga besok pagi .
2094,There's a church behind my house.,Ada gereja di belakang rumahku.,(S (NP (EX There)) (VP (VBZ 's) (NP (DT a) (NN church)) (PP (IN behind) (NP (PRP$ my) (NN house)))) (. .)),simple,there s a church behind my house .,ada gereja di belakang rumahku .
3473,There are two main characters in this story.,Ada dua tokoh utama dalam cerita ini.,(S (NP (EX There)) (VP (VBP are) (NP (CD two) (JJ main) (NNS characters)) (PP (IN in) (NP (DT this) (NN story)))) (. .)),simple,there are two main characters in this story .,ada dua tokoh utama dalam cerita ini .
3512,"During the night, everything looks different.","Pada malam hari, semuanya terlihat berbeda.","(S (PP (IN During) (NP (DT the) (NN night))) (, ,) (NP (NN everything)) (VP (VBZ looks) (ADJP (JJ different))) (. .))",simple,during the night everything looks different .,pada malam hari semuanya terlihat berbeda .
1555,Thank you for the corrections.,Terima kasih atas koreksinya.,(S (VP (VB Thank) (NP (PRP you)) (PP (IN for) (NP (DT the) (NNS corrections)))) (. .)),simple,thank you for the corrections .,terima kasih atas koreksinya .
3895,He declared that they had been friends for 30 years.,Dia menyatakan bahwa mereka telah berteman selama 30 tahun.,(S (NP (PRP He)) (VP (VBD declared) (SBAR (IN that) (S (NP (PRP they)) (VP (VBD had) (VP (VBN been) (NP (NNS friends)) (PP (IN for) (NP (CD 30) (NNS years)))))))) (. .)),complex,he declared that they had been friends for years .,dia menyatakan bahwa mereka telah berteman selama tahun .
1250,Tom saw Mary at the airport.,Tom melihat Mary di bandara.,(S (NP (NNP Tom)) (VP (VBD saw) (NP (NNP Mary)) (PP (IN at) (NP (DT the) (NN airport)))) (. .)),simple,tom saw mary at the airport .,tom melihat mary di bandara .
1699,I'd like to stay for one night.,Saya ingin menginap semalam.,(S (NP (PRP I)) (VP (MD 'd) (VP (VB like) (S (VP (TO to) (VP (VB stay) (PP (IN for) (NP (CD one) (NN night)))))))) (. .)),simple,i d like to stay for one night .,saya ingin menginap semalam .
1252,Tom was friends with my son.,Tom dulu berteman dengan anak saya.,(S (NP (NNP Tom)) (VP (VBD was) (NP (NP (NNS friends)) (PP (IN with) (NP (PRP$ my) (NN son))))) (. .)),simple,tom was friends with my son .,tom dulu berteman dengan anak saya .
4131,The next-door neighbor looked out the window when Tom yelled.,Tetangga sebelah melihat ke luar jendela saat Tom berteriak.,(S (NP (DT The) (NML (JJ next) (HYPH -) (NN door)) (NN neighbor)) (VP (VBD looked) (PP (IN out) (NP (DT the) (NN window))) (SBAR (WHADVP (WRB when)) (S (NP (NNP Tom)) (VP (VBD yelled))))) (. .)),complex,the next door neighbor looked out the window when tom yelled .,tetangga sebelah melihat ke luar jendela saat tom berteriak .
4146,The hospital that used to be across the street closed in 2013.,Rumah sakit yang dulu berada di seberang jalan ditutup pada tahun 2013.,(S (NP (NP (DT The) (NN hospital)) (SBAR (WHNP (WDT that)) (S (VP (VBD used) (S (VP (TO to) (VP (VB be) (PP (IN across) (NP (DT the) (NN street)))))))))) (VP (VBD closed) (PP (IN in) (NP (CD 2013)))) (. .)),complex,the hospital that used to be across the street closed in .,rumah sakit yang dulu berada di seberang jalan ditutup pada tahun .
3284,Tom has been in trouble many times before.,Tom sudah seringkali mendapat masalah sebelumnya.,(S (NP (NNP Tom)) (VP (VBZ has) (VP (VBN been) (PP (IN in) (NP (NN trouble))) (ADVP (NP (JJ many) (NNS times)) (RB before)))) (. .)),simple,tom has been in trouble many times before .,tom sudah seringkali mendapat masalah sebelumnya .
2933,Napoleon Bonaparte was born in Corsica.,Napoleon Bonaparte lahir di Korsika.,(S (NP (NNP Napoleon) (NNP Bonaparte)) (VP (VBD was) (VP (VBN born) (PP (IN in) (NP (NNP Corsica))))) (. .)),simple,napoleon bonaparte was born in corsica .,napoleon bonaparte lahir di korsika .
79,It's on the sofa.,Itu ada di atas sofa.,(S (NP (PRP It)) (VP (VBZ 's) (PP (IN on) (NP (DT the) (NN sofa)))) (. .)),simple,it s on the sofa .,itu ada di atas sofa .
1172,I'm always surprised by him.,Dia selalu membuatku terkejut.,(S (NP (PRP I)) (VP (VBP 'm) (ADVP (RB always)) (VP (VBN surprised) (PP (IN by) (NP (PRP him))))) (. .)),simple,i m always surprised by him .,dia selalu membuatku terkejut .
814,We import tea from India.,Kami mengimpor teh dari India.,(S (NP (PRP We)) (VP (VBP import) (NP (NN tea)) (PP (IN from) (NP (NNP India)))) (. .)),simple,we import tea from india .,kami mengimpor teh dari india .
1852,I don't want to be part of this.,Aku tidak ingin menjadi bagian dari ini.,(S (NP (PRP I)) (VP (VBP do) (RB n't) (VP (VB want) (S (VP (TO to) (VP (VB be) (NP (NP (NN part)) (PP (IN of) (NP (DT this))))))))) (. .)),simple,i don t want to be part of this .,aku tidak ingin menjadi bagian dari ini .
2220,No one asked you for your opinion.,Tidak ada yang menanyakan pendapatmu.,(S (NP (DT No) (NN one)) (VP (VBD asked) (NP (PRP you)) (PP (IN for) (NP (PRP$ your) (NN opinion)))) (. .)),simple,no one asked you for your opinion .,tidak ada yang menanyakan pendapatmu .
2719,Tom heard Mary singing in the shower.,Tom mendengar Mary bernyanyi di kamar mandi.,(S (NP (NNP Tom)) (VP (VBD heard) (S (NP (NNP Mary)) (VP (VBG singing) (PP (IN in) (NP (DT the) (NN shower)))))) (. .)),simple,tom heard mary singing in the shower .,tom mendengar mary bernyanyi di kamar mandi .
3957,This book has been translated into several languages.,Buku ini telah diterjemahkan ke beberapa bahasa.,(S (NP (DT This) (NN book)) (VP (VBZ has) (VP (VBN been) (VP (VBN translated) (PP (IN into) (NP (JJ several) (NNS languages)))))) (. .)),simple,this book has been translated into several languages .,buku ini telah diterjemahkan ke beberapa bahasa .
2105,Tom has been kicked off the team.,Tom telah dikeluarkan dari tim.,(S (NP (NNP Tom)) (VP (VBZ has) (VP (VBN been) (VP (VBN kicked) (PP (IN off) (NP (DT the) (NN team)))))) (. .)),simple,tom has been kicked off the team .,tom telah dikeluarkan dari tim .
133,You are in my way.,Kau berada di jalanku.,(S (NP (PRP You)) (VP (VBP are) (PP (IN in) (NP (PRP$ my) (NN way)))) (. .)),simple,you are in my way .,kau berada di jalanku .
1140,Everyone is waiting for you.,Semua orang menunggumu.,(S (NP (NN Everyone)) (VP (VBZ is) (VP (VBG waiting) (PP (IN for) (NP (PRP you))))) (. .)),simple,everyone is waiting for you .,semua orang menunggumu .
933,They were waiting for Tom.,Mereka sedang menunggu Tom.,(S (NP (PRP They)) (VP (VBD were) (VP (VBG waiting) (PP (IN for) (NP (NNP Tom))))) (. .)),simple,they were waiting for tom .,mereka sedang menunggu tom .
928,The plane arrived on time.,Pesawat itu tiba tepat waktu.,(S (NP (DT The) (NN plane)) (VP (VBD arrived) (PP (IN on) (NP (NN time)))) (. .)),simple,the plane arrived on time .,pesawat itu tiba tepat waktu .
823,What are you looking for?,Kamu sedang mencari apa?,(SBARQ (WHNP (WP What)) (SQ (VBP are) (NP (PRP you)) (VP (VBG looking) (PP (IN for)))) (. ?)),simple,what are you looking for ?,kamu sedang mencari apa ?
3480,Tom closed his speech with a beautiful song.,Tom menutup pidatonya dengan lagu yang indah.,(S (NP (NNP Tom)) (VP (VBD closed) (NP (PRP$ his) (NN speech)) (PP (IN with) (NP (DT a) (JJ beautiful) (NN song)))) (. .)),simple,tom closed his speech with a beautiful song .,tom menutup pidatonya dengan lagu yang indah .
3735,Please mail this form to your insurance company.,Silakan kirim formulir ini ke perusahaan asuransi Anda.,(S (ADVP (RB Please)) (VP (VB mail) (NP (DT this) (NN form)) (PP (IN to) (NP (PRP$ your) (NN insurance) (NN company)))) (. .)),simple,please mail this form to your insurance company .,silakan kirim formulir ini ke perusahaan asuransi anda .
1531,I've only been to Boston once.,Aku hanya pernah sekali ke Boston.,(S (NP (PRP I)) (VP (VBP 've) (ADVP (RB only)) (VP (VBN been) (PP (IN to) (NP (NNP Boston))) (ADVP (RB once)))) (. .)),simple,i ve only been to boston once .,aku hanya pernah sekali ke boston .
1214,The Jacksons live in Boston.,Keluarga Jackson tinggal di Boston.,(S (NP (DT The) (NNPS Jacksons)) (VP (VBP live) (PP (IN in) (NP (NNP Boston)))) (. .)),simple,the jacksons live in boston .,keluarga jackson tinggal di boston .
504,They went to the beach.,Mereka pergi ke pantai.,(S (NP (PRP They)) (VP (VBD went) (PP (IN to) (NP (DT the) (NN beach)))) (. .)),simple,they went to the beach .,mereka pergi ke pantai .
4274,"Good friends are like stars. You don't always see them, but you know they are always there.","Teman yang baik itu seperti bintang. Kamu tidak selalu melihat mereka, tetapi kamu tahu bahwa mereka selalu ada.",(S (NP (JJ Good) (NNS friends)) (VP (VBP are) (PP (IN like) (NP (NNS stars)))) (. .)),simple,good friends are like stars . you don t always see them but you know they are always there .,teman yang baik itu seperti bintang . kamu tidak selalu melihat mereka tetapi kamu tahu bahwa mereka selalu ada .
2395,Plants take in water from the soil.,Tumbuhan menyerap air dari dalam tanah.,(S (NP (NNS Plants)) (VP (VBP take) (PRT (RP in)) (NP (NN water)) (PP (IN from) (NP (DT the) (NN soil)))) (. .)),simple,plants take in water from the soil .,tumbuhan menyerap air dari dalam tanah .
1996,"""Fast"" is the opposite of ""slow.""","""Cepat"" adalah kebalikan dari ""lambat"".","(S (`` "") (NP (NN Fast)) ('' "") (VP (VBZ is) (NP (NP (DT the) (NN opposite)) (PP (IN of) (`` "") (NP (JJ slow))))) (. .) ('' ""))",simple, fast is the opposite of slow . , cepat adalah kebalikan dari lambat .
2434,Tom has caused us a lot of trouble.,Tom sudah menyusahkan kita semua.,(S (NP (NNP Tom)) (VP (VBZ has) (VP (VBN caused) (NP (PRP us)) (NP (NP (DT a) (NN lot)) (PP (IN of) (NP (NN trouble)))))) (. .)),simple,tom has caused us a lot of trouble .,tom sudah menyusahkan kita semua .
3072,Tom didn't find what he was looking for.,Tom tidak menemukan apa yang sedang ia cari.,(S (NP (NNP Tom)) (VP (VBD did) (RB n't) (VP (VB find) (SBAR (WHNP (WP what)) (S (NP (PRP he)) (VP (VBD was) (VP (VBG looking) (PP (IN for)))))))) (. .)),complex,tom didn t find what he was looking for .,tom tidak menemukan apa yang sedang ia cari .
1958,Tom teaches French in Australia.,Tom mengajar bahasa Prancis di Australia.,(S (NP (NNP Tom)) (VP (VBZ teaches) (NP (NNP French)) (PP (IN in) (NP (NNP Australia)))) (. .)),simple,tom teaches french in australia .,tom mengajar bahasa prancis di australia .
1384,My house is near Tokyo Tower.,Rumahku dekat dengan Menara Tokyo.,(S (NP (PRP$ My) (NN house)) (VP (VBZ is) (PP (IN near) (NP (NNP Tokyo) (NNP Tower)))) (. .)),simple,my house is near tokyo tower .,rumahku dekat dengan menara tokyo .
894,I'm looking forward to it.,Saya menantikannya.,(S (NP (PRP I)) (VP (VBP 'm) (VP (VBG looking) (ADVP (RB forward)) (PP (IN to) (NP (PRP it))))) (. .)),simple,i m looking forward to it .,saya menantikannya .
828,What does USSR stand for?,Apa kepanjangan dari USSR?,(SBARQ (WHNP (WP What)) (SQ (VBZ does) (NP (NNP USSR)) (VP (VB stand) (PP (IN for)))) (. ?)),simple,what does ussr stand for ?,apa kepanjangan dari ussr ?
455,I have to get to class.,Aku harus masuk kelas.,(S (NP (PRP I)) (VP (VBP have) (S (VP (TO to) (VP (VB get) (PP (IN to) (NP (NN class))))))) (. .)),simple,i have to get to class .,aku harus masuk kelas .
2523,I thank you very much for your help.,Saya sangat berterimakasih atas bantuan Anda.,(S (NP (PRP I)) (VP (VBP thank) (NP (PRP you)) (ADVP (RB very) (RB much)) (PP (IN for) (NP (PRP$ your) (NN help)))) (. .)),simple,i thank you very much for your help .,saya sangat berterimakasih atas bantuan anda .
1683,I live in my uncle's house now.,Aku tinggal di rumah pamanku sekarang.,(S (NP (PRP I)) (VP (VBP live) (PP (IN in) (NP (NP (PRP$ my) (NN uncle) (POS 's)) (NN house))) (ADVP (RB now))) (. .)),simple,i live in my uncle s house now .,aku tinggal di rumah pamanku sekarang .
3876,This job will provide you with valuable experience.,Pekerjaan ini akan memberikan Anda pengalaman yang berharga.,(S (NP (DT This) (NN job)) (VP (MD will) (VP (VB provide) (NP (PRP you)) (PP (IN with) (NP (JJ valuable) (NN experience))))) (. .)),simple,this job will provide you with valuable experience .,pekerjaan ini akan memberikan anda pengalaman yang berharga .
4059,Tom has always been a very easy person to get along with.,Sangat mudah untuk bergaul dengan Tom.,(S (NP (NNP Tom)) (VP (VBZ has) (ADVP (RB always)) (VP (VBN been) (NP (NP (DT a) (ADJP (RB very) (JJ easy)) (NN person)) (SBAR (S (VP (TO to) (VP (VB get) (PRT (RP along)) (PP (IN with))))))))) (. .)),complex,tom has always been a very easy person to get along with .,sangat mudah untuk bergaul dengan tom .
4084,We learned about the importance of eating a healthy lunch.,Kami mempelajari tentang pentingnya memakan makan siang yang sehat.,(S (NP (PRP We)) (VP (VBD learned) (PP (IN about) (NP (NP (DT the) (NN importance)) (PP (IN of) (S (VP (VBG eating) (NP (DT a) (JJ healthy) (NN lunch)))))))) (. .)),simple,we learned about the importance of eating a healthy lunch .,kami mempelajari tentang pentingnya memakan makan siang yang sehat .
652,Tom was late for dinner.,Tom terlambat untuk makan malam.,(S (NP (NNP Tom)) (VP (VBD was) (ADJP (JJ late) (PP (IN for) (NP (NN dinner))))) (. .)),simple,tom was late for dinner .,tom terlambat untuk makan malam .
172,Tom looked at Mary.,Tom melihat kepada Mary.,(S (NP (NNP Tom)) (VP (VBD looked) (PP (IN at) (NP (NNP Mary)))) (. .)),simple,tom looked at mary .,tom melihat kepada mary .
3522,I understand the museum is closed on Mondays.,"Setahu aku, museum itu tutup setiap hari Senin.",(S (NP (PRP I)) (VP (VBP understand) (SBAR (S (NP (DT the) (NN museum)) (VP (VBZ is) (ADJP (JJ closed)) (PP (IN on) (NP (NNPS Mondays))))))) (. .)),complex,i understand the museum is closed on mondays .,setahu aku museum itu tutup setiap hari senin .
3197,Tom cheated on his girlfriend for months.,Tom menyelingkuhi pacarnya selama berbulan-bulan.,(S (NP (NNP Tom)) (VP (VBD cheated) (PP (IN on) (NP (PRP$ his) (NN girlfriend))) (PP (IN for) (NP (NNS months)))) (. .)),simple,tom cheated on his girlfriend for months .,tom menyelingkuhi pacarnya selama berbulan bulan .
38,Leave it to me.,Serahkan padaku.,(S (VP (VB Leave) (NP (PRP it)) (PP (IN to) (NP (PRP me)))) (. .)),simple,leave it to me .,serahkan padaku .
3602,"Instead of going to school, he stayed at home.","Bukannya sekolah, dia malah di rumah.","(S (PP (RB Instead) (IN of) (S (VP (VBG going) (PP (IN to) (NP (NN school)))))) (, ,) (NP (PRP he)) (VP (VBD stayed) (PP (IN at) (NP (NN home)))) (. .))",simple,instead of going to school he stayed at home .,bukannya sekolah dia malah di rumah .
1881,I've got to get you out of here.,Aku harus mengeluarkanmu dari sini.,(S (NP (PRP I)) (VP (VBP 've) (VP (VBN got) (S (VP (TO to) (VP (VB get) (NP (PRP you)) (PP (IN out) (PP (IN of) (ADVP (RB here))))))))) (. .)),simple,i ve got to get you out of here .,aku harus mengeluarkanmu dari sini .
713,He isn't afraid of death.,Dia tidak takut pada kematian.,(S (NP (PRP He)) (VP (VBZ is) (RB n't) (ADJP (JJ afraid) (PP (IN of) (NP (NN death))))) (. .)),simple,he isn t afraid of death .,dia tidak takut pada kematian .
90,Don't wait for me.,Jangan tunggu aku.,(S (VP (VB Do) (RB n't) (VP (VB wait) (PP (IN for) (NP (PRP me))))) (. .)),simple,don t wait for me .,jangan tunggu aku .
2214,"In India, cows are sacred animals.","Di India, sapi adalah hewan suci.","(S (PP (IN In) (NP (NNP India))) (, ,) (NP (NNS cows)) (VP (VBP are) (NP (JJ sacred) (NNS animals))) (. .))",simple,in india cows are sacred animals .,di india sapi adalah hewan suci .
1205,She looked at me and smiled.,Dia melihatku dan tersenyum.,(S (NP (PRP She)) (VP (VP (VBD looked) (PP (IN at) (NP (PRP me)))) (CC and) (VP (VBD smiled))) (. .)),simple,she looked at me and smiled .,dia melihatku dan tersenyum .
2923,I wish Tom hadn't told Mary about that.,Aku harap Tom belum memberitahukan hal itu kepada Mary.,(S (NP (PRP I)) (VP (VBP wish) (SBAR (S (NP (NNP Tom)) (VP (VBD had) (RB n't) (VP (VBN told) (NP (NNP Mary)) (PP (IN about) (NP (DT that)))))))) (. .)),complex,i wish tom hadn t told mary about that .,aku harap tom belum memberitahukan hal itu kepada mary .
3716,I don't want to discuss Tom's problems with you.,Saya tidak mau mendiskusikan masalah Tom denganmu.,(S (NP (PRP I)) (VP (VBP do) (RB n't) (VP (VB want) (S (VP (TO to) (VP (VB discuss) (NP (NP (NNP Tom) (POS 's)) (NNS problems)) (PP (IN with) (NP (PRP you)))))))) (. .)),simple,i don t want to discuss tom s problems with you .,saya tidak mau mendiskusikan masalah tom denganmu .
3902,I really don't understand what you're talking about.,Saya sangat tidak mengerti apa yang anda bicarakan.,(S (NP (PRP I)) (ADVP (RB really)) (VP (VBP do) (RB n't) (VP (VB understand) (SBAR (WHNP (WP what)) (S (NP (PRP you)) (VP (VBP 're) (VP (VBG talking) (PP (IN about)))))))) (. .)),complex,i really don t understand what you re talking about .,saya sangat tidak mengerti apa yang anda bicarakan .
3486,Tom was badly injured in a traffic accident.,Tom terluka parah saat kecelakaan lalu-lintas.,(S (NP (NNP Tom)) (VP (VBD was) (ADVP (RB badly)) (VBN injured) (PP (IN in) (NP (DT a) (NN traffic) (NN accident)))) (. .)),simple,tom was badly injured in a traffic accident .,tom terluka parah saat kecelakaan lalu lintas .
3323,How many students are there in your school?,Ada berapa siswa di sekolahmu?,(SBARQ (WHNP (WHADJP (WRB How) (JJ many)) (NNS students)) (SQ (VBP are) (ADVP (RB there)) (PP (IN in) (NP (PRP$ your) (NN school)))) (. ?)),simple,how many students are there in your school ?,ada berapa siswa di sekolahmu ?
3141,I have no interest in doing this anymore.,Aku tidak tertarik untuk melakukan hal ini lagi.,(S (NP (PRP I)) (VP (VBP have) (NP (NP (DT no) (NN interest)) (PP (IN in) (S (VP (VBG doing) (NP (DT this)))))) (ADVP (RB anymore))) (. .)),simple,i have no interest in doing this anymore .,aku tidak tertarik untuk melakukan hal ini lagi .
1827,Fetch me that book on the table.,Tolong saya ambilkan buku di atas meja itu.,(S (VP (VB Fetch) (NP (PRP me)) (NP (DT that) (NN book)) (PP (IN on) (NP (DT the) (NN table)))) (. .)),simple,fetch me that book on the table .,tolong saya ambilkan buku di atas meja itu .
1155,I like to fish in the river.,Saya suka memancing di sungai.,(S (NP (PRP I)) (VP (VBP like) (S (VP (TO to) (VP (VB fish) (PP (IN in) (NP (DT the) (NN river))))))) (. .)),simple,i like to fish in the river .,saya suka memancing di sungai .
1324,Her skin is as white as snow.,Kulitnya seputih salju.,(S (NP (PRP$ Her) (NN skin)) (VP (VBZ is) (ADJP (ADJP (RB as) (JJ white)) (PP (IN as) (NP (NN snow))))) (. .)),simple,her skin is as white as snow .,kulitnya seputih salju .
216,Let's do it for Tom.,Mari kita melakukannya untuk Tom.,(S (VP (VB Let) (S (NP (PRP 's)) (VP (VB do) (NP (PRP it)) (PP (IN for) (NP (NNP Tom)))))) (. .)),simple,let s do it for tom .,mari kita melakukannya untuk tom .
3398,Tom is going to retire the year after next.,Tom akan pensiun dua tahun lagi.,(S (NP (NNP Tom)) (VP (VBZ is) (VP (VBG going) (S (VP (TO to) (VP (VB retire) (NP (NP (DT the) (NN year)) (PP (IN after) (NP (JJ next))))))))) (. .)),simple,tom is going to retire the year after next .,tom akan pensiun dua tahun lagi .
510,Tom got out of his car.,Tom keluar dari mobilnya.,(S (NP (NNP Tom)) (VP (VBD got) (PP (IN out) (PP (IN of) (NP (PRP$ his) (NN car))))) (. .)),simple,tom got out of his car .,tom keluar dari mobilnya .
1680,I just have to get out of here.,Aku hanya harus keluar dari sini.,(S (NP (PRP I)) (ADVP (RB just)) (VP (VBP have) (S (VP (TO to) (VP (VB get) (PP (IN out) (PP (IN of) (ADVP (RB here)))))))) (. .)),simple,i just have to get out of here .,aku hanya harus keluar dari sini .
499,Thanks for helping Tom.,Terima kasih telah membantu Tom.,(NP (NP (NNS Thanks)) (PP (IN for) (S (VP (VBG helping) (NP (NNP Tom))))) (. .)),simple,thanks for helping tom .,terima kasih telah membantu tom .
4110,"If there's a cheap kanji dictionary in Japan, I will buy it.","Jika ada kamus kanji yang murah di Jepang, aku akan membelinya.","(S (SBAR (IN If) (S (NP (EX there)) (VP (VBZ 's) (NP (DT a) (JJ cheap) (JJ kanji) (NN dictionary)) (PP (IN in) (NP (NNP Japan)))))) (, ,) (NP (PRP I)) (VP (MD will) (VP (VB buy) (NP (PRP it)))) (. .))",complex,if there s a cheap kanji dictionary in japan i will buy it .,jika ada kamus kanji yang murah di jepang aku akan membelinya .
1856,I have a sharp pain in my chest.,Dadaku rasanya nyeri.,(S (NP (PRP I)) (VP (VBP have) (NP (DT a) (JJ sharp) (NN pain)) (PP (IN in) (NP (PRP$ my) (NN chest)))) (. .)),simple,i have a sharp pain in my chest .,dadaku rasanya nyeri .
1388,She complained of a headache.,Dia mengeluh sakit kepala.,(S (NP (PRP She)) (VP (VBD complained) (PP (IN of) (NP (DT a) (NN headache)))) (. .)),simple,she complained of a headache .,dia mengeluh sakit kepala .
1519,I won't be able to pay for it.,Aku tidak mampu untuk membayarnya.,(S (NP (PRP I)) (VP (MD wo) (RB n't) (VP (VB be) (ADJP (JJ able) (S (VP (TO to) (VP (VB pay) (PP (IN for) (NP (PRP it))))))))) (. .)),simple,i won t be able to pay for it .,aku tidak mampu untuk membayarnya .
2386,It's no use crying over spilt milk.,Nasi sudah menjadi bubur.,(S (NP (NP (PRP It))) (VP (VBZ 's) (NP (DT no) (NN use)) (S (VP (VBG crying) (PP (IN over) (NP (JJ spilt) (NN milk)))))) (. .)),simple,it s no use crying over spilt milk .,nasi sudah menjadi bubur .
4098,I'm not going to tolerate this kind of behavior any longer.,Saya tidak akan menerima perilaku seperti ini lagi.,(S (NP (PRP I)) (VP (VBP 'm) (RB not) (VP (VBG going) (S (VP (TO to) (VP (VB tolerate) (NP (NP (DT this) (NN kind)) (PP (IN of) (NP (NN behavior)))) (ADVP (RB any) (RB longer))))))) (. .)),simple,i m not going to tolerate this kind of behavior any longer .,saya tidak akan menerima perilaku seperti ini lagi .
3236,He's the head of the marketing department.,Dia kepala dari departemen pemasaran.,(S (NP (PRP He)) (VP (VBZ 's) (NP (NP (DT the) (NN head)) (PP (IN of) (NP (DT the) (NN marketing) (NN department))))) (. .)),simple,he s the head of the marketing department .,dia kepala dari departemen pemasaran .
2076,Roses have thorns on their stems.,Bunga mawar memiliki duri pada batangnya.,(S (NP (NNS Roses)) (VP (VBP have) (NP (NNS thorns)) (PP (IN on) (NP (PRP$ their) (NNS stems)))) (. .)),simple,roses have thorns on their stems .,bunga mawar memiliki duri pada batangnya .
1540,My pen isn't as good as yours.,Pulpenku tidak sebagus milikmu.,(S (NP (PRP$ My) (NN pen)) (VP (VBZ is) (RB n't) (ADJP (ADJP (RB as) (JJ good)) (PP (IN as) (NP (PRP yours))))) (. .)),simple,my pen isn t as good as yours .,pulpenku tidak sebagus milikmu .
1217,The key was under the couch.,Kuncinya ada di bawah sofa.,(S (NP (DT The) (NN key)) (VP (VBD was) (PP (IN under) (NP (DT the) (NN couch)))) (. .)),simple,the key was under the couch .,kuncinya ada di bawah sofa .
2681,My wife is obsessed with cleanliness.,Istriku terobsesi dengan kebersihan.,(S (NP (PRP$ My) (NN wife)) (VP (VBZ is) (VP (VBN obsessed) (PP (IN with) (NP (NN cleanliness))))) (. .)),simple,my wife is obsessed with cleanliness .,istriku terobsesi dengan kebersihan .
2842,Tom and Mary are sitting on the couch.,Tom dan Mary sedang duduk di sofa.,(S (NP (NNP Tom) (CC and) (NNP Mary)) (VP (VBP are) (VP (VBG sitting) (PP (IN on) (NP (DT the) (NN couch))))) (. .)),simple,tom and mary are sitting on the couch .,tom dan mary sedang duduk di sofa .
2993,Where did all these T-shirts come from?,Dari mana datangnya semua kaus ini?,(SBARQ (WHADVP (WRB Where)) (SQ (VBD did) (NP (PDT all) (DT these) (NNP T) (HYPH -) (NNS shirts)) (VP (VB come) (PP (IN from)))) (. ?)),simple,where did all these t shirts come from ?,dari mana datangnya semua kaus ini ?
1416,This house was built in 1870.,Rumah ini dibangun pada tahun 1870.,(S (NP (DT This) (NN house)) (VP (VBD was) (VP (VBN built) (PP (IN in) (NP (CD 1870))))) (. .)),simple,this house was built in .,rumah ini dibangun pada tahun .
2217,Mary isn't the right girl for you.,Mary bukan gadis yang tepat untukmu.,(S (NP (NNP Mary)) (VP (VBZ is) (RB n't) (NP (NP (DT the) (JJ right) (NN girl)) (PP (IN for) (NP (PRP you))))) (. .)),simple,mary isn t the right girl for you .,mary bukan gadis yang tepat untukmu .
3787,Something is always going wrong with the machine.,Selalu saja ada yang rusak pada mesin itu.,(S (NP (NN Something)) (VP (VBZ is) (ADVP (RB always)) (VP (VBG going) (ADJP (JJ wrong) (PP (IN with) (NP (DT the) (NN machine)))))) (. .)),simple,something is always going wrong with the machine .,selalu saja ada yang rusak pada mesin itu .
1676,I have a date with Tom tonight.,Malam ini saya kencan dengan Tom.,(S (NP (PRP I)) (VP (VBP have) (NP (NP (DT a) (NN date)) (PP (IN with) (NP (NNP Tom)))) (NP (NN tonight))) (. .)),simple,i have a date with tom tonight .,malam ini saya kencan dengan tom .
1197,Open your book to page nine.,Buka bukumu ke halaman sembilan.,(S (VP (VB Open) (NP (PRP$ your) (NN book)) (PP (IN to) (NP (NN page) (CD nine)))) (. .)),simple,open your book to page nine .,buka bukumu ke halaman sembilan .
1542,No one lives in this building.,Tidak ada yang tinggal di bangunan ini.,(S (NP (DT No) (NN one)) (VP (VBZ lives) (PP (IN in) (NP (DT this) (NN building)))) (. .)),simple,no one lives in this building .,tidak ada yang tinggal di bangunan ini .
3301,You could go bowling with Tom if you want.,Kau bisa pergi bermain boling dengan Tom kalau kau mau.,(S (NP (PRP You)) (VP (MD could) (VP (VB go) (S (VP (NP (NN bowling)) (PP (IN with) (NP (NNP Tom))))) (SBAR (IN if) (S (NP (PRP you)) (VP (VBP want)))))) (. .)),complex,you could go bowling with tom if you want .,kau bisa pergi bermain boling dengan tom kalau kau mau .
3779,Mt. Everest is the highest mountain in the world.,Gunung Everest adalah gunung tertinggi di dunia.,(S (NP (NNP Mt.) (NNP Everest)) (VP (VBZ is) (NP (NP (DT the) (JJS highest) (NN mountain)) (PP (IN in) (NP (DT the) (NN world))))) (. .)),simple,mt . everest is the highest mountain in the world .,gunung everest adalah gunung tertinggi di dunia .
2960,This is the book that I told you about.,Ini buku yang aku ceritakan padamu.,(S (NP (DT This)) (VP (VBZ is) (NP (NP (DT the) (NN book)) (SBAR (WHNP (WDT that)) (S (NP (PRP I)) (VP (VBD told) (NP (PRP you)) (PP (IN about))))))) (. .)),complex,this is the book that i told you about .,ini buku yang aku ceritakan padamu .
2539,I've learned a lot from my mistakes.,Aku telah banyak belajar dari kesalahanku.,(S (NP (PRP I)) (VP (VBP 've) (VP (VBN learned) (NP (DT a) (NN lot)) (PP (IN from) (NP (PRP$ my) (NNS mistakes))))) (. .)),simple,i ve learned a lot from my mistakes .,aku telah banyak belajar dari kesalahanku .
953,We didn't listen to music.,Kami tidak mendengarkan musik.,(S (NP (PRP We)) (VP (VBD did) (RB n't) (VP (VB listen) (PP (IN to) (NP (NN music))))) (. .)),simple,we didn t listen to music .,kami tidak mendengarkan musik .
3145,I know that Tom is a bit older than Mary.,Aku tahu bahwa Tom sedikit lebih tua daripada Mary.,(S (NP (PRP I)) (VP (VBP know) (SBAR (IN that) (S (NP (NNP Tom)) (VP (VBZ is) (ADJP (ADJP (NP (DT a) (NN bit)) (JJR older)) (PP (IN than) (NP (NNP Mary)))))))) (. .)),complex,i know that tom is a bit older than mary .,aku tahu bahwa tom sedikit lebih tua daripada mary .
3080,Tom has never lived anywhere but Boston.,Tom tidak pernah tinggal di tempat lain selain Boston.,(S (NP (NNP Tom)) (VP (VBZ has) (ADVP (RB never)) (VP (VBN lived) (ADVP (ADVP (RB anywhere)) (PP (IN but) (NP (NNP Boston)))))) (. .)),simple,tom has never lived anywhere but boston .,tom tidak pernah tinggal di tempat lain selain boston .
2635,Butter and cheese are made from milk.,Mentega dan keju dibuat dari susu.,(S (NP (NN Butter) (CC and) (NN cheese)) (VP (VBP are) (VP (VBN made) (PP (IN from) (NP (NN milk))))) (. .)),simple,butter and cheese are made from milk .,mentega dan keju dibuat dari susu .
750,I'm allergic to cat hair.,Aku alergi rambut kucing.,(S (NP (PRP I)) (VP (VBP 'm) (ADJP (JJ allergic) (PP (IN to) (NP (NN cat) (NN hair))))) (. .)),simple,i m allergic to cat hair .,aku alergi rambut kucing .
2705,They submitted the case to the court.,Mereka mengajukan kasus itu ke pengadilan.,(S (NP (PRP They)) (VP (VBD submitted) (NP (DT the) (NN case)) (PP (IN to) (NP (DT the) (NN court)))) (. .)),simple,they submitted the case to the court .,mereka mengajukan kasus itu ke pengadilan .
234,Wake me up at eight.,Bangunkan aku jam delapan.,(S (VP (VB Wake) (NP (PRP me)) (PRT (RP up)) (PP (IN at) (NP (CD eight)))) (. .)),simple,wake me up at eight .,bangunkan aku jam delapan .
732,I have the ace of spades.,Aku punya as sekop.,(S (NP (PRP I)) (VP (VBP have) (NP (NP (DT the) (NN ace)) (PP (IN of) (NP (NNS spades))))) (. .)),simple,i have the ace of spades .,aku punya as sekop .
1238,Tom is waiting for Mary now.,Tom sedang menunggu Mary sekarang.,(S (NP (NNP Tom)) (VP (VBZ is) (VP (VBG waiting) (PP (IN for) (NP (NNP Mary))) (ADVP (RB now)))) (. .)),simple,tom is waiting for mary now .,tom sedang menunggu mary sekarang .
4082,This is the first time we've given a concert in Australia.,Ini kali pertama kami mengadakan konser di Australia.,(S (NP (DT This)) (VP (VBZ is) (NP (NP (DT the) (JJ first) (NN time)) (SBAR (S (NP (PRP we)) (VP (VBP 've) (VP (VBN given) (NP (DT a) (NN concert)) (PP (IN in) (NP (NNP Australia))))))))) (. .)),complex,this is the first time we ve given a concert in australia .,ini kali pertama kami mengadakan konser di australia .
1156,I pushed Tom into the water.,Saya mendorong Tom kedalam air.,(S (NP (PRP I)) (VP (VBD pushed) (NP (NNP Tom)) (PP (IN into) (NP (DT the) (NN water)))) (. .)),simple,i pushed tom into the water .,saya mendorong tom kedalam air .
3875,This book still hasn't been translated into French.,Buku ini masih belum diterjemahkan ke Bahasa Prancis.,(S (NP (DT This) (NN book)) (ADVP (RB still)) (VP (VBZ has) (RB n't) (VP (VBN been) (VP (VBN translated) (PP (IN into) (NP (NNP French)))))) (. .)),simple,this book still hasn t been translated into french .,buku ini masih belum diterjemahkan ke bahasa prancis .
3819,Iker Casillas is the best goalkeeper in the world.,Iker Casillas adalah penjaga gawang terbaik di seluruh dunia.,(S (NP (NNP Iker) (NNP Casillas)) (VP (VBZ is) (NP (NP (DT the) (JJS best) (NN goalkeeper)) (PP (IN in) (NP (DT the) (NN world))))) (. .)),simple,iker casillas is the best goalkeeper in the world .,iker casillas adalah penjaga gawang terbaik di seluruh dunia .
2445,Tom poured brandy into the glasses.,Tom menuang brandy ke dalam gelas.,(S (NP (NNP Tom)) (VP (VBD poured) (NP (NN brandy)) (PP (IN into) (NP (DT the) (NNS glasses)))) (. .)),simple,tom poured brandy into the glasses .,tom menuang brandy ke dalam gelas .
2982,Tom scanned the QR code with his phone.,Tom memindai kode QR itu dengan ponselnya.,(S (NP (NNP Tom)) (VP (VBD scanned) (NP (DT the) (NNP QR) (NN code)) (PP (IN with) (NP (PRP$ his) (NN phone)))) (. .)),simple,tom scanned the qr code with his phone .,tom memindai kode qr itu dengan ponselnya .
1209,Thank you for your interest.,Terima kasih atas ketertarikan Anda.,(S (VP (VB Thank) (NP (PRP you)) (PP (IN for) (NP (PRP$ your) (NN interest)))) (. .)),simple,thank you for your interest .,terima kasih atas ketertarikan anda .
1065,She came close to drowning.,Dia hampir mati tenggelam.,(S (NP (PRP She)) (VP (VBD came) (ADVP (RB close) (PP (IN to) (NP (NN drowning))))) (. .)),simple,she came close to drowning .,dia hampir mati tenggelam .
2156,Are you really buying this for me?,Kamu serius membelikan ini untukku?,(SQ (VBP Are) (NP (PRP you)) (ADVP (RB really)) (VP (VBG buying) (NP (DT this)) (PP (IN for) (NP (PRP me)))) (. ?)),simple,are you really buying this for me ?,kamu serius membelikan ini untukku ?
1062,Please pay at the register.,Silakan membayar di kasir.,(S (VB Please) (VP (VB pay) (PP (IN at) (NP (DT the) (NN register)))) (. .)),simple,please pay at the register .,silakan membayar di kasir .
2616,We can't live without air and water.,Kita tidak bisa hidup tanpa udara dan air.,(S (NP (PRP We)) (VP (MD ca) (RB n't) (VP (VB live) (PP (IN without) (NP (NN air) (CC and) (NN water))))) (. .)),simple,we can t live without air and water .,kita tidak bisa hidup tanpa udara dan air .
1167,I would rather stay at home.,Aku lebih memilih tinggal di rumah.,(S (NP (PRP I)) (VP (MD would) (ADVP (RB rather)) (VP (VB stay) (PP (IN at) (NP (NN home))))) (. .)),simple,i would rather stay at home .,aku lebih memilih tinggal di rumah .
3222,Admission to the museum is thirty dollars.,Harga tiket masuk ke museum tiga puluh dollar.,(S (NP (NP (NN Admission)) (PP (IN to) (NP (DT the) (NN museum)))) (VP (VBZ is) (NP (CD thirty) (NNS dollars))) (. .)),simple,admission to the museum is thirty dollars .,harga tiket masuk ke museum tiga puluh dollar .
3636,Translate the following sentences into French.,Terjemahkan kalimat-kalimat berikut ke dalam bahasa Prancis.,(S (VP (VB Translate) (NP (DT the) (VBG following) (NNS sentences)) (PP (IN into) (NP (NNP French)))) (. .)),simple,translate the following sentences into french .,terjemahkan kalimat kalimat berikut ke dalam bahasa prancis .
3555,Tom was arrested on drug-trafficking charges.,Tom ditahan atas tuduhan perdagangan narkoba.,(S (NP (NNP Tom)) (VP (VBD was) (VP (VBN arrested) (PP (IN on) (NP (NML (NN drug) (HYPH -) (NN trafficking)) (NNS charges))))) (. .)),simple,tom was arrested on drug trafficking charges .,tom ditahan atas tuduhan perdagangan narkoba .
1492,Her hands were as cold as ice.,Tangannya sedingin es.,(S (NP (PRP$ Her) (NNS hands)) (VP (VBD were) (ADJP (ADJP (RB as) (JJ cold)) (PP (IN as) (NP (NN ice))))) (. .)),simple,her hands were as cold as ice .,tangannya sedingin es .
2938,She went to the station to see him off.,Dia pergi ke stasiun untuk mengiringi keberangkatannya.,(S (NP (PRP She)) (VP (VBD went) (PP (IN to) (NP (DT the) (NN station))) (S (VP (TO to) (VP (VB see) (NP (PRP him)) (PRT (RP off)))))) (. .)),simple,she went to the station to see him off .,dia pergi ke stasiun untuk mengiringi keberangkatannya .
2995,Why aren't there any fish in this pond?,Mengapa tidak ada ikan di kolam ini?,(SBARQ (WHADVP (WRB Why)) (SQ (VBP are) (RB n't) (NP (EX there)) (NP (NP (DT any) (NN fish)) (PP (IN in) (NP (DT this) (NN pond))))) (. ?)),simple,why aren t there any fish in this pond ?,mengapa tidak ada ikan di kolam ini ?
3096,Who were you waiting for at the station?,Siapa yang kamu tunggu di stasiun?,(SBARQ (WHNP (WP Who)) (SQ (VBD were) (NP (PRP you)) (VP (VBG waiting) (PP (IN for)) (PP (IN at) (NP (DT the) (NN station))))) (. ?)),simple,who were you waiting for at the station ?,siapa yang kamu tunggu di stasiun ?
3717,I don't want to discuss Tom's problems with you.,Saya tidak mau mendiskusikan masalah Tom dengan kalian.,(S (NP (PRP I)) (VP (VBP do) (RB n't) (VP (VB want) (S (VP (TO to) (VP (VB discuss) (NP (NP (NNP Tom) (POS 's)) (NNS problems)) (PP (IN with) (NP (PRP you)))))))) (. .)),simple,i don t want to discuss tom s problems with you .,saya tidak mau mendiskusikan masalah tom dengan kalian .
4009,Tom doesn't like the color of the walls in his bedroom.,Tom tidak suka warna dinding kamar tidurnya.,(S (NP (NNP Tom)) (VP (VBZ does) (RB n't) (VP (VB like) (NP (NP (DT the) (NN color)) (PP (IN of) (NP (NP (DT the) (NNS walls)) (PP (IN in) (NP (PRP$ his) (NN bedroom)))))))) (. .)),simple,tom doesn t like the color of the walls in his bedroom .,tom tidak suka warna dinding kamar tidurnya .
3140,I have my supper at a quarter past seven.,Aku makan malam pukul tujuh lewat seperempat.,(S (NP (PRP I)) (VP (VBP have) (NP (NP (PRP$ my) (NN supper)) (PP (IN at) (PP (NP (DT a) (NN quarter)) (PP (IN past) (NP (CD seven))))))) (. .)),simple,i have my supper at a quarter past seven .,aku makan malam pukul tujuh lewat seperempat .
884,I'll let you win for once.,Aku akan membiarkan kamu menang untuk sekali ini.,(S (NP (PRP I)) (VP (MD 'll) (VP (VB let) (S (NP (PRP you)) (VP (VB win) (PP (IN for) (ADVP (RB once))))))) (. .)),simple,i ll let you win for once .,aku akan membiarkan kamu menang untuk sekali ini .
143,He works at a bank.,Dia bekerja di bank.,(S (NP (PRP He)) (VP (VBZ works) (PP (IN at) (NP (DT a) (NN bank)))) (. .)),simple,he works at a bank .,dia bekerja di bank .
1390,Some of the birds didn't fly.,Beberapa ekor dari burung-burung itu tidak terbang.,(S (NP (NP (DT Some)) (PP (IN of) (NP (DT the) (NNS birds)))) (VP (VBD did) (RB n't) (VP (VB fly))) (. .)),simple,some of the birds didn t fly .,beberapa ekor dari burung burung itu tidak terbang .
3577,How many flights to Boston do you offer a day?,Berapa banyak penerbangan ke Boston yang ditawarkan dalam sehari?,(SBARQ (WHNP (WHNP (WRB How) (JJ many) (NNS flights)) (PP (IN to) (NP (NNP Boston)))) (SQ (VBP do) (NP (PRP you)) (VP (VB offer) (NP (DT a) (NN day)))) (. ?)),simple,how many flights to boston do you offer a day ?,berapa banyak penerbangan ke boston yang ditawarkan dalam sehari ?
850,He lives with his parents.,Dia tinggal bersama orang tuanya.,(S (NP (PRP He)) (VP (VBZ lives) (PP (IN with) (NP (PRP$ his) (NNS parents)))) (. .)),simple,he lives with his parents .,dia tinggal bersama orang tuanya .
3635,Tom went to Australia to promote his new book.,Tom pergi ke Australia untuk mempromosikan buku barunya.,(S (NP (NNP Tom)) (VP (VBD went) (PP (IN to) (NP (NNP Australia))) (S (VP (TO to) (VP (VB promote) (NP (PRP$ his) (JJ new) (NN book)))))) (. .)),simple,tom went to australia to promote his new book .,tom pergi ke australia untuk mempromosikan buku barunya .
3455,Nobody knows what will happen in the future.,Tidak seorang pun akan tahu apa yang akan terjadi di masa depan.,(S (NP (NN Nobody)) (VP (VBZ knows) (SBAR (WHNP (WP what)) (S (VP (MD will) (VP (VB happen) (PP (IN in) (NP (DT the) (NN future)))))))) (. .)),complex,nobody knows what will happen in the future .,tidak seorang pun akan tahu apa yang akan terjadi di masa depan .
2782,I forgot to bring an umbrella with me.,Aku lupa membawa payung.,(S (NP (PRP I)) (VP (VBD forgot) (S (VP (TO to) (VP (VB bring) (NP (DT an) (NN umbrella)) (PP (IN with) (NP (PRP me))))))) (. .)),simple,i forgot to bring an umbrella with me .,aku lupa membawa payung .
717,How do you get to school?,Kamu pergi ke sekolah dengan apa?,(SBARQ (WHADVP (WRB How)) (SQ (VBP do) (NP (PRP you)) (VP (VB get) (PP (IN to) (NP (NN school))))) (. ?)),simple,how do you get to school ?,kamu pergi ke sekolah dengan apa ?
1819,Do you feel like going swimming?,Apa kamu mau pergi berenang?,(SQ (VBP Do) (NP (PRP you)) (VP (VB feel) (PP (IN like) (S (VP (VBG going) (NP (NN swimming)))))) (. ?)),simple,do you feel like going swimming ?,apa kamu mau pergi berenang ?
2502,How many pens are there on the desk?,Ada berapa banyak pena di atas meja?,(SBARQ (WHNP (WHADJP (WRB How) (JJ many)) (NNS pens)) (SQ (VBP are) (NP (RB there)) (PP (IN on) (NP (DT the) (NN desk)))) (. ?)),simple,how many pens are there on the desk ?,ada berapa banyak pena di atas meja ?
264,I am counting on you.,Aku mengandalkanmu.,(S (NP (PRP I)) (VP (VBP am) (VP (VBG counting) (PP (IN on) (NP (PRP you))))) (. .)),simple,i am counting on you .,aku mengandalkanmu .
75,I'll be with Tom.,Aku dengan Tom.,(S (NP (PRP I)) (VP (MD 'll) (VP (VB be) (PP (IN with) (NP (NNP Tom))))) (. .)),simple,i ll be with tom .,aku dengan tom .
4165,Mary was amazed at how precisely Tom sensed how she was feeling.,Mary takjub pada Tom yang bisa dengan tepat merasakan apa yang ia rasakan.,(S (NP (NNP Mary)) (VP (VBD was) (VP (VBN amazed) (PP (IN at) (SBAR (WHADVP (WRB how) (RB precisely)) (S (NP (NNP Tom)) (VP (VBD sensed) (SBAR (WHADVP (WRB how)) (S (NP (PRP she)) (VP (VBD was) (VP (VBG feeling))))))))))) (. .)),complex,mary was amazed at how precisely tom sensed how she was feeling .,mary takjub pada tom yang bisa dengan tepat merasakan apa yang ia rasakan .
2492,Have you ever been to the Black Sea?,Apakah kau pernah pergi ke Laut Hitam?,(SQ (VBP Have) (NP (PRP you)) (ADVP (RB ever)) (VP (VBN been) (PP (IN to) (NP (DT the) (NNP Black) (NNP Sea)))) (. ?)),simple,have you ever been to the black sea ?,apakah kau pernah pergi ke laut hitam ?
395,School starts at nine.,Sekolah mulai pada pukul sembilan.,(S (NP (NN School)) (VP (VBZ starts) (PP (IN at) (NP (CD nine)))) (. .)),simple,school starts at nine .,sekolah mulai pada pukul sembilan .
3831,This is a picture of my father and his first wife.,Ini adalah gambar dari ayahku dan istri pertamanya.,(S (NP (DT This)) (VP (VBZ is) (NP (NP (DT a) (NN picture)) (PP (IN of) (NP (NP (PRP$ my) (NN father)) (CC and) (NP (PRP$ his) (JJ first) (NN wife)))))) (. .)),simple,this is a picture of my father and his first wife .,ini adalah gambar dari ayahku dan istri pertamanya .
2224,Please tell me about your company.,Silakan ceritakan tentang perusahaan anda.,(S (VP (VB Please) (VP (VB tell) (NP (PRP me)) (PP (IN about) (NP (PRP$ your) (NN company))))) (. .)),simple,please tell me about your company .,silakan ceritakan tentang perusahaan anda .
3090,Tom went splashing through the shallows.,Tom pergi melewati sungai yang dangkal dengan berjalan kaki.,(S (NP (NNP Tom)) (VP (VBD went) (S (VP (VBG splashing) (PP (IN through) (NP (DT the) (NNS shallows)))))) (. .)),simple,tom went splashing through the shallows .,tom pergi melewati sungai yang dangkal dengan berjalan kaki .
4155,I will have obtained a driver's license by the end of the year.,Aku akan mendapat SIM akhir tahun ini.,(S (NP (PRP I)) (VP (MD will) (VP (VB have) (VP (VBN obtained) (NP (NP (DT a) (NN driver) (POS 's)) (NN license)) (PP (IN by) (NP (NP (DT the) (NN end)) (PP (IN of) (NP (DT the) (NN year)))))))) (. .)),simple,i will have obtained a driver s license by the end of the year .,aku akan mendapat sim akhir tahun ini .
396,She is afraid of cats.,Dia takut kucing.,(S (NP (PRP She)) (VP (VBZ is) (ADJP (JJ afraid) (PP (IN of) (NP (NNS cats))))) (. .)),simple,she is afraid of cats .,dia takut kucing .
1365,I'm very disappointed in Tom.,Aku sangat kecewa dengan Tom.,(S (NP (PRP I)) (VP (VBP 'm) (ADJP (RB very) (JJ disappointed) (PP (IN in) (NP (NNP Tom))))) (. .)),simple,i m very disappointed in tom .,aku sangat kecewa dengan tom .
3755,"You plan to go out dancing with Mary, don't you?",Bukankah kamu berencana untuk pergi berdansa dengan Mary?,"(SQ (S (NP (PRP You)) (VP (VBP plan) (S (VP (TO to) (VP (VB go) (ADVP (RP out)) (S (VP (VBG dancing) (PP (IN with) (NP (NNP Mary)))))))))) (, ,) (VBP do) (RB n't) (NP (PRP you)) (. ?))",simple,you plan to go out dancing with mary don t you ?,bukankah kamu berencana untuk pergi berdansa dengan mary ?
1903,She set it aside for future use.,Dia menyimpannya agar bisa digunakan nanti.,(S (NP (PRP She)) (VP (VBD set) (NP (PRP it)) (ADVP (RB aside)) (PP (IN for) (NP (JJ future) (NN use)))) (. .)),simple,she set it aside for future use .,dia menyimpannya agar bisa digunakan nanti .
595,I want him in my office.,Saya ingin dia ada di kantorku.,(S (NP (PRP I)) (VP (VBP want) (NP (PRP him)) (PP (IN in) (NP (PRP$ my) (NN office)))) (. .)),simple,i want him in my office .,saya ingin dia ada di kantorku .
2109,Tom isn't interested in anything.,Tom tidak tertarik dengan apa pun.,(S (NP (NNP Tom)) (VP (VBZ is) (RB n't) (ADJP (JJ interested) (PP (IN in) (NP (NN anything))))) (. .)),simple,tom isn t interested in anything .,tom tidak tertarik dengan apa pun .
1296,Do you ever work on weekends?,Pernahkah kamu bekerja di akhir pekan?,(SQ (VBP Do) (NP (PRP you)) (ADVP (RB ever)) (VP (VB work) (PP (IN on) (NP (NNS weekends)))) (. ?)),simple,do you ever work on weekends ?,pernahkah kamu bekerja di akhir pekan ?
1821,Do you know who this belongs to?,Apakah kamu tahu ini milik siapa?,(SQ (VBP Do) (NP (PRP you)) (VP (VB know) (SBAR (WHNP (WP who)) (S (NP (DT this)) (VP (VBZ belongs) (PP (IN to)))))) (. ?)),complex,do you know who this belongs to ?,apakah kamu tahu ini milik siapa ?
872,I kept walking to the car.,Saya terus berjalan ke mobil.,(S (NP (PRP I)) (VP (VBD kept) (S (VP (VBG walking) (PP (IN to) (NP (DT the) (NN car)))))) (. .)),simple,i kept walking to the car .,saya terus berjalan ke mobil .
3905,I want you to tell me everything you know about Tom.,Saya ingin kamu memberitahu saya semua yang kamu tahu mengenai Tom.,(S (NP (PRP I)) (VP (VBP want) (S (NP (PRP you)) (VP (TO to) (VP (VB tell) (NP (PRP me)) (NP (NP (NN everything)) (SBAR (S (NP (PRP you)) (VP (VBP know) (PP (IN about) (NP (NNP Tom))))))))))) (. .)),complex,i want you to tell me everything you know about tom .,saya ingin kamu memberitahu saya semua yang kamu tahu mengenai tom .
2264,This river runs into Lake Ontario.,Sungai ini mengalir ke Danau Ontario,(S (NP (DT This) (NN river)) (VP (VBZ runs) (PP (IN into) (NP (NNP Lake) (NNP Ontario)))) (. .)),simple,this river runs into lake ontario .,sungai ini mengalir ke danau ontario
2326,Does this drink have alcohol in it?,Apakah minuman ini mengandung alkohol?,(SQ (VBZ Does) (NP (DT this) (NN drink)) (VP (VB have) (NP (NN alcohol)) (PP (IN in) (NP (PRP it)))) (. ?)),simple,does this drink have alcohol in it ?,apakah minuman ini mengandung alkohol ?
1548,She married him for his money.,Dia menikahi cowo itu karena uangnya,(S (NP (PRP She)) (VP (VBD married) (NP (PRP him)) (PP (IN for) (NP (PRP$ his) (NN money)))) (. .)),simple,she married him for his money .,dia menikahi cowo itu karena uangnya
3440,I'd like to put something in the hotel safe.,Aku mau menyimpan sesuatu di brankas hotel.,(S (NP (PRP I)) (VP (MD 'd) (VP (VB like) (S (VP (TO to) (VP (VB put) (NP (NN something)) (PP (IN in) (NP (DT the) (NN hotel))) (ADVP (JJ safe))))))) (. .)),simple,i d like to put something in the hotel safe .,aku mau menyimpan sesuatu di brankas hotel .
36,Just go for it.,Lakukan saja.,(S (ADVP (RB Just)) (VP (VB go) (PP (IN for) (NP (PRP it)))) (. .)),simple,just go for it .,lakukan saja .
3935,It took a lot of time and money to build the machine.,Banyak waktu dan biaya telah dihabiskan untuk membuat mesin itu.,(S (NP (NP (PRP It))) (VP (VBD took) (NP (NP (DT a) (NN lot)) (PP (IN of) (NP (NN time) (CC and) (NN money)))) (S (VP (TO to) (VP (VB build) (NP (DT the) (NN machine)))))) (. .)),simple,it took a lot of time and money to build the machine .,banyak waktu dan biaya telah dihabiskan untuk membuat mesin itu .
2710,This is the worst storm in ten years.,Ini adalah badai terburuk dalam sepuluh tahun terakhir.,(S (NP (DT This)) (VP (VBZ is) (NP (NP (DT the) (JJS worst) (NN storm)) (PP (IN in) (NP (CD ten) (NNS years))))) (. .)),simple,this is the worst storm in ten years .,ini adalah badai terburuk dalam sepuluh tahun terakhir .
3800,Tom seems to have changed his mind about staying.,Tom sepertinya tidak lagi berniat untuk tinggal.,(S (NP (NNP Tom)) (VP (VBZ seems) (S (VP (TO to) (VP (VB have) (VP (VBN changed) (NP (PRP$ his) (NN mind)) (PP (IN about) (S (VP (VBG staying))))))))) (. .)),simple,tom seems to have changed his mind about staying .,tom sepertinya tidak lagi berniat untuk tinggal .
2143,When is the next train to Boston?,Kapankah kereta tujuan Boston selanjutnya?,(SBARQ (WHADVP (WRB When)) (SQ (VBZ is) (NP (NP (DT the) (JJ next) (NN train)) (PP (IN to) (NP (NNP Boston))))) (. ?)),simple,when is the next train to boston ?,kapankah kereta tujuan boston selanjutnya ?
3844,How long does it take to the train station by taxi?,Berapa lama menuju stasiun dengan taksi?,(SBARQ (WHADVP (WRB How) (RB long)) (SQ (VBZ does) (NP (PRP it)) (VP (VB take) (PP (IN to) (NP (DT the) (NN train) (NN station))) (PP (IN by) (NP (NN taxi))))) (. ?)),simple,how long does it take to the train station by taxi ?,berapa lama menuju stasiun dengan taksi ?
977,You'd better listen to me.,Ada baiknya kamu mendengarkanku.,(S (NP (PRP You)) (VP (MD 'd) (ADVP (RBR better)) (VP (VB listen) (PP (IN to) (NP (PRP me))))) (. .)),simple,you d better listen to me .,ada baiknya kamu mendengarkanku .
1571,The keys were under the couch.,Kuncinya ada di bawah sofa.,(S (NP (DT The) (NNS keys)) (VP (VBD were) (PP (IN under) (NP (DT the) (NN couch)))) (. .)),simple,the keys were under the couch .,kuncinya ada di bawah sofa .
1122,"You lied to me, didn't you?","Kau berbohong, kan?","(SQ (S (NP (PRP You)) (VP (VBD lied) (PP (IN to) (NP (PRP me))))) (, ,) (VBD did) (RB n't) (NP (PRP you)) (. ?))",simple,you lied to me didn t you ?,kau berbohong kan ?
2786,I know that Tom was born in Australia.,Saya tahu kalau Tom lahir di Australia.,(S (NP (PRP I)) (VP (VBP know) (SBAR (IN that) (S (NP (NNP Tom)) (VP (VBD was) (VP (VBN born) (PP (IN in) (NP (NNP Australia)))))))) (. .)),complex,i know that tom was born in australia .,saya tahu kalau tom lahir di australia .
2239,Take your hand out of your pocket.,Keluarkan tanganmu dari sakumu.,(S (VP (VB Take) (NP (PRP$ your) (NN hand)) (PP (IN out) (PP (IN of) (NP (PRP$ your) (NN pocket))))) (. .)),simple,take your hand out of your pocket .,keluarkan tanganmu dari sakumu .
2967,Tom currently teaches English in Japan.,Tom sekarang mengajar bahasa Inggris di Jepang.,(S (NP (NNP Tom)) (ADVP (RB currently)) (VP (VBZ teaches) (NP (NNP English)) (PP (IN in) (NP (NNP Japan)))) (. .)),simple,tom currently teaches english in japan .,tom sekarang mengajar bahasa inggris di jepang .
2504,How much does a bottle of beer cost?,Berapa harga satu botol bir.,(SBARQ (WHNP (WRB How) (JJ much)) (SQ (VBZ does) (NP (NP (DT a) (NN bottle)) (PP (IN of) (NP (NN beer)))) (VP (VB cost))) (. ?)),simple,how much does a bottle of beer cost ?,berapa harga satu botol bir .
1892,My refrigerator is out of order.,Kulkas saya rusak.,(S (NP (PRP$ My) (NN refrigerator)) (VP (VBZ is) (PP (IN out) (PP (IN of) (NP (NN order))))) (. .)),simple,my refrigerator is out of order .,kulkas saya rusak .
3465,The language spoken in Australia is English.,Bahasa yang digunakan di Australia adalah bahasa Inggris.,(S (NP (NP (DT The) (NN language)) (VP (VBN spoken) (PP (IN in) (NP (NNP Australia))))) (VP (VBZ is) (NP (NNP English))) (. .)),simple,the language spoken in australia is english .,bahasa yang digunakan di australia adalah bahasa inggris .
675,What'll you write about?,Kamu akan menulis tentang apa?,(SBARQ (WHNP (WP What)) (SQ (MD 'll) (NP (PRP you)) (VP (VB write) (PP (IN about)))) (. ?)),simple,what ll you write about ?,kamu akan menulis tentang apa ?
2808,"Once a month, I go to the hairdresser.","Satu kali dalam satu bulan, aku pergi ke salon.","(S (ADVP (RB Once) (NP (DT a) (NN month))) (, ,) (NP (PRP I)) (VP (VBP go) (PP (IN to) (NP (DT the) (NN hairdresser)))) (. .))",simple,once a month i go to the hairdresser .,satu kali dalam satu bulan aku pergi ke salon .
3068,Tom and Mary played in the park all day.,Tom dan Mary bermain di taman seharian.,(S (NP (NNP Tom) (CC and) (NNP Mary)) (VP (VBD played) (PP (IN in) (NP (DT the) (NN park))) (NP (DT all) (NN day))) (. .)),simple,tom and mary played in the park all day .,tom dan mary bermain di taman seharian .
4044,Do you know why Tom wasn't at the meeting this afternoon?,Apa kamu tahu kenapa Tom tidak hadir pada rapat tadi siang?,(SQ (VBP Do) (NP (PRP you)) (VP (VB know) (SBAR (WHADVP (WRB why)) (S (NP (NNP Tom)) (VP (VBD was) (RB n't) (PP (IN at) (NP (DT the) (NN meeting))) (NP (DT this) (NN afternoon)))))) (. ?)),complex,do you know why tom wasn t at the meeting this afternoon ?,apa kamu tahu kenapa tom tidak hadir pada rapat tadi siang ?
728,I don't like all of them.,Aku tidak menyukai kesemuanya.,(S (NP (PRP I)) (VP (VBP do) (RB n't) (VP (VB like) (NP (NP (DT all)) (PP (IN of) (NP (PRP them)))))) (. .)),simple,i don t like all of them .,aku tidak menyukai kesemuanya .
3491,We have to take advantage of this situation.,Kita harus memanfaatkan situasi ini.,(S (NP (PRP We)) (VP (VBP have) (S (VP (TO to) (VP (VB take) (NP (NN advantage)) (PP (IN of) (NP (DT this) (NN situation))))))) (. .)),simple,we have to take advantage of this situation .,kita harus memanfaatkan situasi ini .
3447,"If the weather is good, I'll go to the park.","Kalau cuacanya bagus, aku akan pergi ke taman.","(S (SBAR (IN If) (S (NP (DT the) (NN weather)) (VP (VBZ is) (ADJP (JJ good))))) (, ,) (NP (PRP I)) (VP (MD 'll) (VP (VB go) (PP (IN to) (NP (DT the) (NN park))))) (. .))",complex,if the weather is good i ll go to the park .,kalau cuacanya bagus aku akan pergi ke taman .
412,Tom sleeps in his car.,Tom tidur di dalam mobilnya.,(S (NP (NNP Tom)) (VP (VBZ sleeps) (PP (IN in) (NP (PRP$ his) (NN car)))) (. .)),simple,tom sleeps in his car .,tom tidur di dalam mobilnya .
3146,I know that you lied to me the other day.,Aku tahu kamu berbohong kapan hari.,(S (NP (PRP I)) (VP (VBP know) (SBAR (IN that) (S (NP (PRP you)) (VP (VBD lied) (PP (IN to) (NP (PRP me))) (NP (DT the) (JJ other) (NN day)))))) (. .)),complex,i know that you lied to me the other day .,aku tahu kamu berbohong kapan hari .
1516,I was caught in a traffic jam.,Aku terjebak dalam kemacetan lalu lintas.,(S (NP (PRP I)) (VP (VBD was) (VP (VBN caught) (PP (IN in) (NP (DT a) (NN traffic) (NN jam))))) (. .)),simple,i was caught in a traffic jam .,aku terjebak dalam kemacetan lalu lintas .
1649,He dropped in at the bookstore.,Dia mampir ke toko buku.,(S (NP (PRP He)) (VP (VBD dropped) (PRT (RP in)) (PP (IN at) (NP (DT the) (NN bookstore)))) (. .)),simple,he dropped in at the bookstore .,dia mampir ke toko buku .
3572,Do you think that really matters to any of us?,Apa kau pikir itu penting bagi kami?,(SQ (VBP Do) (NP (PRP you)) (VP (VB think) (SBAR (S (NP (IN that)) (ADVP (RB really)) (VP (VBZ matters) (PP (IN to) (NP (NP (DT any)) (PP (IN of) (NP (PRP us))))))))) (. ?)),complex,do you think that really matters to any of us ?,apa kau pikir itu penting bagi kami ?
825,What are you up to today?,Apa yang ingin kamu lakukan hari ini?,(SBARQ (WHNP (WP What)) (SQ (VBP are) (NP (PRP you)) (PP (IN up) (PP (IN to) (NP (NN today))))) (. ?)),simple,what are you up to today ?,apa yang ingin kamu lakukan hari ini ?
3267,The plane took off at exactly ten o'clock.,Pesawat itu lepas landas pada pukul sepuluh tepat.,(S (NP (DT The) (NN plane)) (VP (VBD took) (ADVP (RP off)) (PP (IN at) (NP (QP (RB exactly) (CD ten)) (NN o'clock)))) (. .)),simple,the plane took off at exactly ten o clock .,pesawat itu lepas landas pada pukul sepuluh tepat .
616,She took care of my dog.,Dia merawat anjing saya.,(S (NP (PRP She)) (VP (VBD took) (NP (NN care)) (PP (IN of) (NP (PRP$ my) (NN dog)))) (. .)),simple,she took care of my dog .,dia merawat anjing saya .
114,Let's go to sleep.,Mari kita pergi tidur.,(S (VP (VB Let) (S (NP (PRP 's)) (VP (VB go) (PP (IN to) (NP (NN sleep)))))) (. .)),simple,let s go to sleep .,mari kita pergi tidur .
417,We landed on the moon.,Kami mendarat di bulan.,(S (NP (PRP We)) (VP (VBD landed) (PP (IN on) (NP (DT the) (NN moon)))) (. .)),simple,we landed on the moon .,kami mendarat di bulan .
3069,Tom and Mary were talking to each other.,Tom dan Mary saling berbicara.,(S (NP (NNP Tom) (CC and) (NNP Mary)) (VP (VBD were) (VP (VBG talking) (PP (IN to) (NP (DT each) (JJ other))))) (. .)),simple,tom and mary were talking to each other .,tom dan mary saling berbicara .
1625,What kind of cars do you like?,Oto apo nan katuju?,(SBARQ (WHNP (WHNP (WP What) (NN kind)) (PP (IN of) (NP (NNS cars)))) (SQ (VBP do) (NP (PRP you)) (VP (VB like))) (. ?)),simple,what kind of cars do you like ?,oto apo nan katuju ?
3017,I don't want Tom singing at our wedding.,Aku tidak mau Tom bernyanyi di pernikahan kita.,(S (NP (PRP I)) (VP (VBP do) (RB n't) (VP (VB want) (S (NP (NNP Tom)) (VP (VBG singing) (PP (IN at) (NP (PRP$ our) (NN wedding))))))) (. .)),simple,i don t want tom singing at our wedding .,aku tidak mau tom bernyanyi di pernikahan kita .
2652,I can't decide what to eat for lunch.,Aku tidak bisa memutuskan akan makan apa untuk makan siang.,(S (NP (PRP I)) (VP (MD ca) (RB n't) (VP (VB decide) (SBAR (WHNP (WP what)) (S (VP (TO to) (VP (VB eat) (PP (IN for) (NP (NN lunch))))))))) (. .)),complex,i can t decide what to eat for lunch .,aku tidak bisa memutuskan akan makan apa untuk makan siang .
4252,"If my house were a mansion, I would invite everyone I know to my birthday party.","Bila rumahku besar/luas, aku ingin mengundang ke pesta ulang tahunku semua orang yang aku kenal.","(S (SBAR (IN If) (S (NP (PRP$ my) (NN house)) (VP (VBD were) (NP (DT a) (NN mansion))))) (, ,) (NP (PRP I)) (VP (MD would) (VP (VB invite) (NP (NP (NN everyone)) (SBAR (S (NP (PRP I)) (VP (VBP know))))) (PP (IN to) (NP (PRP$ my) (NN birthday) (NN party))))) (. .))",complex,if my house were a mansion i would invite everyone i know to my birthday party .,bila rumahku besar luas aku ingin mengundang ke pesta ulang tahunku semua orang yang aku kenal .
89,Come sing with me.,Mari menyanyi bersamaku.,(S (VP (VB Come) (VP (VB sing) (PP (IN with) (NP (PRP me))))) (. .)),simple,come sing with me .,mari menyanyi bersamaku .
2896,He never returned from that expedition.,Dia tidak pernah kembali dari ekspedisi itu.,(S (NP (PRP He)) (ADVP (RB never)) (VP (VBD returned) (PP (IN from) (NP (DT that) (NN expedition)))) (. .)),simple,he never returned from that expedition .,dia tidak pernah kembali dari ekspedisi itu .
3942,"Seen from the plane, the island looks very beautiful.","Dilihat dari pesawat, pulau itu terlihat indah sekali.","(S (S (VP (VBN Seen) (PP (IN from) (NP (DT the) (NN plane))))) (, ,) (NP (DT the) (NN island)) (VP (VBZ looks) (ADJP (RB very) (JJ beautiful))) (. .))",simple,seen from the plane the island looks very beautiful .,dilihat dari pesawat pulau itu terlihat indah sekali .
2082,That job takes a lot of strength.,Pekerjaan itu memerlukan banyak tenaga.,(S (NP (DT That) (NN job)) (VP (VBZ takes) (NP (NP (DT a) (NN lot)) (PP (IN of) (NP (NN strength))))) (. .)),simple,that job takes a lot of strength .,pekerjaan itu memerlukan banyak tenaga .
753,"I'm in trouble, aren't I?","Aku dalam masalah, ya?","(S (S (NP (PRP I)) (VP (VBP 'm) (PP (IN in) (NP (NN trouble))))) (, ,) (VBP are) (RB n't) (NP (PRP I)) (. ?))",simple,i m in trouble aren t i ?,aku dalam masalah ya ?
2546,Keep an eye on the baby for a while.,Awasi bayinya sebentar.,(S (VP (VB Keep) (NP (DT an) (NN eye)) (PP (IN on) (NP (DT the) (NN baby))) (PP (IN for) (NP (DT a) (NN while)))) (. .)),simple,keep an eye on the baby for a while .,awasi bayinya sebentar .
3324,I am ashamed about what happened yesterday.,Saya malu dengan kejadian kemarin.,(S (NP (PRP I)) (VP (VBP am) (ADJP (JJ ashamed) (PP (IN about) (SBAR (WHNP (WP what)) (S (VP (VBD happened) (NP (NN yesterday)))))))) (. .)),complex,i am ashamed about what happened yesterday .,saya malu dengan kejadian kemarin .
3373,The beginning of the story was interesting.,Permulaan ceritanya menarik.,(S (NP (NP (DT The) (NN beginning)) (PP (IN of) (NP (DT the) (NN story)))) (VP (VBD was) (ADJP (JJ interesting))) (. .)),simple,the beginning of the story was interesting .,permulaan ceritanya menarik .
1630,You must conform to the rules.,Kalian harus mematuhi aturan.,(S (NP (PRP You)) (VP (MD must) (VP (VB conform) (PP (IN to) (NP (DT the) (NNS rules))))) (. .)),simple,you must conform to the rules .,kalian harus mematuhi aturan .
11,Listen to me.,Dengarkan aku.,(S (VP (VB Listen) (PP (IN to) (NP (PRP me)))) (. .)),simple,listen to me .,dengarkan aku .
2444,Tom pleaded with Mary not to leave.,Tom memohon kepada Mary untuk tidak pergi.,(S (NP (NNP Tom)) (VP (VBD pleaded) (PP (IN with) (NP (NNP Mary))) (S (RB not) (VP (TO to) (VP (VB leave))))) (. .)),simple,tom pleaded with mary not to leave .,tom memohon kepada mary untuk tidak pergi .
284,It looks like an egg.,Itu nampak seperti telor.,(S (NP (PRP It)) (VP (VBZ looks) (PP (IN like) (NP (DT an) (NN egg)))) (. .)),simple,it looks like an egg .,itu nampak seperti telor .
4184,"After the summer holidays, the children have to go back to school.","Setelah libur musim panas, anak-anak harus kembali ke sekolah.","(S (PP (IN After) (NP (DT the) (NN summer) (NNS holidays))) (, ,) (NP (DT the) (NNS children)) (VP (VBP have) (S (VP (TO to) (VP (VB go) (ADVP (RB back)) (PP (IN to) (NP (NN school))))))) (. .))",simple,after the summer holidays the children have to go back to school .,setelah libur musim panas anak anak harus kembali ke sekolah .
1066,She is playing with a doll.,Dia bermain dengan boneka.,(S (NP (PRP She)) (VP (VBZ is) (VP (VBG playing) (PP (IN with) (NP (DT a) (NN doll))))) (. .)),simple,she is playing with a doll .,dia bermain dengan boneka .
1191,Let's go back to the office.,Mari kembali ke kantor.,(S (VP (VB Let) (S (NP (PRP 's)) (VP (VB go) (ADVP (RB back)) (PP (IN to) (NP (DT the) (NN office)))))) (. .)),simple,let s go back to the office .,mari kembali ke kantor .
1440,Tom was out with his friends.,Tom sedang pergi bersama dengan temannya.,(S (NP (NNP Tom)) (VP (VBD was) (ADVP (RP out)) (PP (IN with) (NP (PRP$ his) (NNS friends)))) (. .)),simple,tom was out with his friends .,tom sedang pergi bersama dengan temannya .
3648,All the apples that fall are eaten by the pigs.,Semua apel yang jatuh dimakan oleh babi.,(S (NP (NP (PDT All) (DT the) (NNS apples)) (SBAR (WHNP (WDT that)) (S (VP (VBP fall))))) (VP (VBP are) (VP (VBN eaten) (PP (IN by) (NP (DT the) (NNS pigs))))) (. .)),complex,all the apples that fall are eaten by the pigs .,semua apel yang jatuh dimakan oleh babi .
4162,At that altitude the weather can change rapidly without warning.,Pada ketinggian itu cuaca dapat berubah secara cepat tanpa peringatan.,(S (PP (IN At) (NP (DT that) (NN altitude))) (NP (DT the) (NN weather)) (VP (MD can) (VP (VB change) (ADVP (RB rapidly)) (PP (IN without) (NP (NN warning))))) (. .)),simple,at that altitude the weather can change rapidly without warning .,pada ketinggian itu cuaca dapat berubah secara cepat tanpa peringatan .
4159,The police found a dead body in an abandoned car near the park.,Polisi menemukan mayat di dalam mobil yang terlantar di dekat taman.,(S (NP (DT The) (NNS police)) (VP (VBD found) (NP (DT a) (JJ dead) (NN body)) (PP (IN in) (NP (NP (DT an) (VBN abandoned) (NN car)) (PP (IN near) (NP (DT the) (NN park)))))) (. .)),simple,the police found a dead body in an abandoned car near the park .,polisi menemukan mayat di dalam mobil yang terlantar di dekat taman .
3498,"You made the mistake on purpose, didn't you?","Kamu membuat kesalahan dengan sengaja, kan?","(SQ (S (NP (PRP You)) (VP (VBD made) (NP (DT the) (NN mistake)) (PP (IN on) (NP (NN purpose))))) (, ,) (VBD did) (RB n't) (NP (PRP you)) (. ?))",simple,you made the mistake on purpose didn t you ?,kamu membuat kesalahan dengan sengaja kan ?
2738,We cannot live without air and water.,Kita tidak bisa hidup tanpa udara dan air.,(S (NP (PRP We)) (VP (MD can) (RB not) (VP (VB live) (PP (IN without) (NP (NN air) (CC and) (NN water))))) (. .)),simple,we cannot live without air and water .,kita tidak bisa hidup tanpa udara dan air .
4080,"The student answered, ""The square root of 256 is sixteen.""","Siswa tersebut menjawab, ""Akar kuadrat dari 256 adalah 16.""","(S (NP (DT The) (NN student)) (VP (VBD answered) (, ,) (`` "") (S (NP (NP (DT The) (JJ square) (NN root)) (PP (IN of) (NP (CD 256)))) (VP (VBZ is) (NP (CD sixteen))))) (. .) ('' ""))",simple,the student answered the square root of is sixteen . ,siswa tersebut menjawab akar kuadrat dari adalah . 
1568,The desk is covered with dust.,Mejanya tertutup oleh debu.,(S (NP (DT The) (NN desk)) (VP (VBZ is) (VP (VBN covered) (PP (IN with) (NP (NN dust))))) (. .)),simple,the desk is covered with dust .,mejanya tertutup oleh debu .
2427,This song is very popular in Japan.,Lagu ini sangat populer di Jepang.,(S (NP (DT This) (NN song)) (VP (VBZ is) (ADJP (RB very) (JJ popular)) (PP (IN in) (NP (NNP Japan)))) (. .)),simple,this song is very popular in japan .,lagu ini sangat populer di jepang .
3746,Tom doesn't know when Mary got back from Boston.,Tom tidak tahu kapan Mary kembali dari Boston.,(S (NP (NNP Tom)) (VP (VBZ does) (RB n't) (VP (VB know) (SBAR (WHADVP (WRB when)) (S (NP (NNP Mary)) (VP (VBD got) (ADVP (RB back)) (PP (IN from) (NP (NNP Boston)))))))) (. .)),complex,tom doesn t know when mary got back from boston .,tom tidak tahu kapan mary kembali dari boston .
2737,Tom's house was damaged by the flood.,Rumah Tom mengalami kerusakan akibat banjir.,(S (NP (NP (NNP Tom) (POS 's)) (NN house)) (VP (VBD was) (VP (VBN damaged) (PP (IN by) (NP (DT the) (NN flood))))) (. .)),simple,tom s house was damaged by the flood .,rumah tom mengalami kerusakan akibat banjir .
3879,Tom boarded the ship along with his three children.,Tom menaiki kapal itu bersama ketiga anaknya.,(S (NP (NNP Tom)) (VP (VBD boarded) (NP (DT the) (NN ship)) (PP (IN along) (PP (IN with) (NP (PRP$ his) (CD three) (NNS children))))) (. .)),simple,tom boarded the ship along with his three children .,tom menaiki kapal itu bersama ketiga anaknya .
1687,I never go to places like that.,Saya tidak pernah pergi ke tempat-tempat seperti itu.,(S (NP (PRP I)) (ADVP (RB never)) (VP (VBP go) (PP (IN to) (NP (NP (NNS places)) (PP (IN like) (NP (DT that)))))) (. .)),simple,i never go to places like that .,saya tidak pernah pergi ke tempat tempat seperti itu .
851,He seems to be in trouble.,Dia sepertinya dalam masalah.,(S (NP (PRP He)) (VP (VBZ seems) (S (VP (TO to) (VP (VB be) (PP (IN in) (NP (NN trouble))))))) (. .)),simple,he seems to be in trouble .,dia sepertinya dalam masalah .
3546,This one is cheaper than that one over there.,Yang ini lebih murah daripada yang itu.,(S (NP (DT This) (CD one)) (VP (VBZ is) (ADJP (ADJP (JJR cheaper)) (PP (IN than) (NP (NP (DT that) (CD one)) (ADVP (IN over) (RB there)))))) (. .)),simple,this one is cheaper than that one over there .,yang ini lebih murah daripada yang itu .
2207,I'm quite interested in astronomy.,Aku agak tertarik dengan astronomi.,(S (NP (PRP I)) (VP (VBP 'm) (ADJP (RB quite) (JJ interested) (PP (IN in) (NP (NN astronomy))))) (. .)),simple,i m quite interested in astronomy .,aku agak tertarik dengan astronomi .
895,I'm tired of hearing that.,Saya bosan mendengar hal itu.,(S (NP (PRP I)) (VP (VBP 'm) (ADJP (JJ tired) (PP (IN of) (S (VP (VBG hearing) (NP (DT that))))))) (. .)),simple,i m tired of hearing that .,saya bosan mendengar hal itu .
496,Tell me about your job.,Beri tahu aku mengenai pekerjaanmu.,(S (VP (VB Tell) (NP (PRP me)) (PP (IN about) (NP (PRP$ your) (NN job)))) (. .)),simple,tell me about your job .,beri tahu aku mengenai pekerjaanmu .
2305,When are you going back to Boston?,Kapan kita pergi ke Boston lagi?,(SBARQ (WHADVP (WRB When)) (SQ (VBP are) (NP (PRP you)) (VP (VBG going) (ADVP (RB back)) (PP (IN to) (NP (NNP Boston))))) (. ?)),simple,when are you going back to boston ?,kapan kita pergi ke boston lagi ?
1782,Tom went to Boston to see Mary.,Tom pergi ke Boston untuk menemui Mary.,(S (NP (NNP Tom)) (VP (VBD went) (PP (IN to) (NP (NNP Boston))) (S (VP (TO to) (VP (VB see) (NP (NNP Mary)))))) (. .)),simple,tom went to boston to see mary .,tom pergi ke boston untuk menemui mary .
335,Don't point at others.,Jangan menuduh orang lain.,(S (VP (VBP Do) (RB n't) (VP (VB point) (PP (IN at) (NP (NNS others))))) (. .)),simple,don t point at others .,jangan menuduh orang lain .
2839,They are very interested in astronomy.,Mereka sangat tertarik dengan astronomi.,(S (NP (PRP They)) (VP (VBP are) (ADJP (RB very) (JJ interested) (PP (IN in) (NP (NN astronomy))))) (. .)),simple,they are very interested in astronomy .,mereka sangat tertarik dengan astronomi .
3087,Tom stood up and walked out of the room.,Tom berdiri dan berjalan keluar ruangan.,(S (NP (NNP Tom)) (VP (VP (VBD stood) (ADVP (RB up))) (CC and) (VP (VBD walked) (PP (IN out) (PP (IN of) (NP (DT the) (NN room)))))) (. .)),simple,tom stood up and walked out of the room .,tom berdiri dan berjalan keluar ruangan .
515,Tom is afraid of dying.,Tom takut mati.,(S (NP (NNP Tom)) (VP (VBZ is) (ADJP (JJ afraid) (PP (IN of) (S (VP (VBG dying)))))) (. .)),simple,tom is afraid of dying .,tom takut mati .
1348,I really want to go with you.,Saya sangat ingin pergi bersama kamu.,(S (NP (PRP I)) (ADVP (RB really)) (VP (VBP want) (S (VP (TO to) (VP (VB go) (PP (IN with) (NP (PRP you))))))) (. .)),simple,i really want to go with you .,saya sangat ingin pergi bersama kamu .
1015,I feel like having a drink.,Aku merasa ingin minum.,(S (NP (PRP I)) (VP (VBP feel) (PP (IN like) (S (VP (VBG having) (NP (DT a) (NN drink)))))) (. .)),simple,i feel like having a drink .,aku merasa ingin minum .
2816,She has taught music for thirty years.,Dia telah mengajar musik selama 30 tahun.,(S (NP (PRP She)) (VP (VBZ has) (VP (VBN taught) (NP (NN music)) (PP (IN for) (NP (CD thirty) (NNS years))))) (. .)),simple,she has taught music for thirty years .,dia telah mengajar musik selama tahun .
1631,You're as tall as your father.,Kamu setinggi Ayah kamu.,(S (NP (PRP You)) (VP (VBP 're) (ADJP (ADJP (RB as) (JJ tall)) (PP (IN as) (NP (PRP$ your) (NN father))))) (. .)),simple,you re as tall as your father .,kamu setinggi ayah kamu .
2489,Don't go to sleep with the light on.,Jangan tidur dengan lampu menyala.,(S (VP (VBP Do) (RB n't) (VP (VB go) (PP (IN to) (NP (VB sleep))) (PP (IN with) (NP (NP (DT the) (NN light)) (PRT (RP on)))))) (. .)),simple,don t go to sleep with the light on .,jangan tidur dengan lampu menyala .
3730,"In Japan, we drive on the left side of the road.",Di jepang kami menyetir kendaraan pada sisi kiri jalan.,"(S (PP (IN In) (NP (NNP Japan))) (, ,) (NP (PRP we)) (VP (VBP drive) (PP (IN on) (NP (NP (DT the) (JJ left) (NN side)) (PP (IN of) (NP (DT the) (NN road)))))) (. .))",simple,in japan we drive on the left side of the road .,di jepang kami menyetir kendaraan pada sisi kiri jalan .
2809,One of the students didn't come today.,Salah seorang murid tidak datang hari ini.,(S (NP (NP (CD One)) (PP (IN of) (NP (DT the) (NNS students)))) (VP (VBD did) (RB n't) (VP (VB come) (NP (NN today)))) (. .)),simple,one of the students didn t come today .,salah seorang murid tidak datang hari ini .
3294,Tom's mouth was taped shut with duct tape.,Mulut Tom diplester dengan lakban.,(S (NP (NP (NNP Tom) (POS 's)) (NN mouth)) (VP (VBD was) (VP (VBN taped) (ADVP (RB shut)) (PP (IN with) (NP (NN duct) (NN tape))))) (. .)),simple,tom s mouth was taped shut with duct tape .,mulut tom diplester dengan lakban .
3251,I've been friends with Tom for many years.,Saya sudah berteman dengan Tom selama bertahun-tahun.,(S (NP (PRP I)) (VP (VBP 've) (VP (VBN been) (NP (NP (NNS friends)) (PP (IN with) (NP (NNP Tom)))) (PP (IN for) (NP (JJ many) (NNS years))))) (. .)),simple,i ve been friends with tom for many years .,saya sudah berteman dengan tom selama bertahun tahun .
3872,The thief ran away and the policeman ran after him.,Maling itu kabur dan polisi itu mengejarnya.,(S (S (NP (DT The) (NN thief)) (VP (VBD ran) (ADVP (RB away)))) (CC and) (S (NP (DT the) (NN policeman)) (VP (VBD ran) (PP (IN after) (NP (PRP him))))) (. .)),compound,the thief ran away and the policeman ran after him .,maling itu kabur dan polisi itu mengejarnya .
4293,Tom felt the stiffness in his joints as he stood up after sitting in the same position for a long time.,Tom merasa persendiannya kaku ketika berdiri setelah lama duduk dalam posisi yang sama.,(S (NP (NNP Tom)) (VP (VBD felt) (NP (NP (DT the) (NN stiffness)) (PP (IN in) (NP (PRP$ his) (NNS joints)))) (SBAR (IN as) (S (NP (PRP he)) (VP (VBD stood) (ADVP (RP up)) (PP (IN after) (S (VP (VBG sitting) (PP (IN in) (NP (DT the) (JJ same) (NN position))) (PP (IN for) (NP (DT a) (JJ long) (NN time)))))))))) (. .)),complex,tom felt the stiffness in his joints as he stood up after sitting in the same position for a long time .,tom merasa persendiannya kaku ketika berdiri setelah lama duduk dalam posisi yang sama .
1781,Tom went shopping for dog food.,Tom pergi membeli makanan anjing.,(S (NP (NNP Tom)) (VP (VBD went) (NP (NN shopping)) (PP (IN for) (NP (NN dog) (NN food)))) (. .)),simple,tom went shopping for dog food .,tom pergi membeli makanan anjing .
2569,The old man was almost hit by a car.,Pria tua itu hampir tertabrak sebuah mobil.,(S (NP (DT The) (JJ old) (NN man)) (VP (VBD was) (ADVP (RB almost)) (VP (VBN hit) (PP (IN by) (NP (DT a) (NN car))))) (. .)),simple,the old man was almost hit by a car .,pria tua itu hampir tertabrak sebuah mobil .
1785,We compared his work with hers.,Kami membandingkan pekerjaan dia dengan pekerjaan dia.,(S (NP (PRP We)) (VP (VBD compared) (NP (PRP$ his) (NN work)) (PP (IN with) (NP (NNS hers)))) (. .)),simple,we compared his work with hers .,kami membandingkan pekerjaan dia dengan pekerjaan dia .
2070,Nobody can do two things at once.,Tidak ada yang bisa melakukan dua hal bersamaan.,(S (NP (NN Nobody)) (VP (MD can) (VP (VB do) (NP (CD two) (NNS things)) (PP (IN at) (RB once)))) (. .)),simple,nobody can do two things at once .,tidak ada yang bisa melakukan dua hal bersamaan .
356,I must hurry to class.,Aku harus segera pergi ke kelas.,(S (NP (PRP I)) (VP (MD must) (VP (VB hurry) (PP (IN to) (NP (NN class))))) (. .)),simple,i must hurry to class .,aku harus segera pergi ke kelas .
4196,It was because he was injured that he decided to return to America.,"Karena terluka, dia memutuskan untuk kembali ke Amerika.",(S (NP (PRP It)) (VP (VBD was) (SBAR (IN because) (S (NP (PRP he)) (VP (VBD was) (VP (VBN injured))))) (SBAR (WHADVP (WDT that)) (S (NP (PRP he)) (VP (VBD decided) (S (VP (TO to) (VP (VB return) (PP (IN to) (NP (NNP America)))))))))) (. .)),complex,it was because he was injured that he decided to return to america .,karena terluka dia memutuskan untuk kembali ke amerika .
3325,I can pay no more than $50 a week for rent.,Aku tidak bisa membayar lebih dari $50 seminggu untuk sewa.,(S (NP (PRP I)) (VP (MD can) (VP (VB pay) (NP (NP (QP (DT no) (JJR more) (IN than) ($ $) (CD 50))) (NP (DT a) (NN week))) (PP (IN for) (NP (NN rent))))) (. .)),simple,i can pay no more than a week for rent .,aku tidak bisa membayar lebih dari seminggu untuk sewa .
1312,Have you ever been to Mexico?,Apakah Anda pernah ke Meksiko?,(SQ (VBP Have) (NP (PRP you)) (ADVP (RB ever)) (VP (VBN been) (PP (IN to) (NP (NNP Mexico)))) (. ?)),simple,have you ever been to mexico ?,apakah anda pernah ke meksiko ?
1635,Are you going to school by bus?,Apa kau pergi ke sekolah dengan bus?,(SQ (VBP Are) (NP (PRP you)) (VP (VBG going) (PP (IN to) (NP (NN school))) (PP (IN by) (NP (NN bus)))) (. ?)),simple,are you going to school by bus ?,apa kau pergi ke sekolah dengan bus ?
550,Do I look like an idiot?,Apakah aku terlihat seperti seorang idiot?,(SQ (VBP Do) (NP (PRP I)) (VP (VB look) (PP (IN like) (NP (DT an) (NN idiot)))) (. ?)),simple,do i look like an idiot ?,apakah aku terlihat seperti seorang idiot ?
2388,Land prices are very high in Japan.,Harga tanah di Jepang mahal sekali.,(S (NP (NN Land) (NNS prices)) (VP (VBP are) (ADJP (RB very) (JJ high)) (PP (IN in) (NP (NNP Japan)))) (. .)),simple,land prices are very high in japan .,harga tanah di jepang mahal sekali .
2479,Are you completely out of your mind?,Apa kamu benar-benar sudah kehilangan akalmu?,(SQ (VBP Are) (NP (PRP you)) (PP (ADVP (RB completely)) (IN out) (PP (IN of) (NP (PRP$ your) (NN mind)))) (. ?)),simple,are you completely out of your mind ?,apa kamu benar benar sudah kehilangan akalmu ?
2521,I made use of this good opportunity.,Aku mempergunakan kesempatan yang baik ini.,(S (NP (PRP I)) (VP (VBD made) (NP (NN use)) (PP (IN of) (NP (DT this) (JJ good) (NN opportunity)))) (. .)),simple,i made use of this good opportunity .,aku mempergunakan kesempatan yang baik ini .
2265,Those are nice gloves you have on.,Sarung tanganmu bagus ya.,(S (NP (DT Those)) (VP (VBP are) (NP (NP (JJ nice) (NNS gloves)) (SBAR (S (NP (PRP you)) (VP (VBP have) (PP (IN on))))))) (. .)),complex,those are nice gloves you have on .,sarung tanganmu bagus ya .
2959,They suggested to him that he go alone.,Mereka menyarankannya untuk pergi sendirian.,(S (NP (PRP They)) (VP (VBD suggested) (PP (IN to) (NP (PRP him))) (SBAR (IN that) (S (NP (PRP he)) (VP (VB go) (ADVP (RB alone)))))) (. .)),complex,they suggested to him that he go alone .,mereka menyarankannya untuk pergi sendirian .
1227,Tom did most of the talking.,Tom yang paling banyak berbicara.,(S (NP (NNP Tom)) (VP (VBD did) (NP (NP (JJS most)) (PP (IN of) (NP (DT the) (NN talking))))) (. .)),simple,tom did most of the talking .,tom yang paling banyak berbicara .
4037,She makes it a rule to read a newspaper after breakfast.,Dijadikan peraturan baginya untuk membaca surat kabar setelah sarapan.,(S (NP (PRP She)) (VP (VBZ makes) (S (NP (NP (PRP it))) (NP (DT a) (NN rule)) (S (VP (TO to) (VP (VB read) (NP (DT a) (NN newspaper)) (PP (IN after) (NP (NN breakfast)))))))) (. .)),simple,she makes it a rule to read a newspaper after breakfast .,dijadikan peraturan baginya untuk membaca surat kabar setelah sarapan .
3059,There are hardly any books in this room.,Hampir tidak ada buku di ruangan ini.,(S (NP (EX There)) (VP (VBP are) (NP (RB hardly) (NP (DT any) (NNS books))) (PP (IN in) (NP (DT this) (NN room)))) (. .)),simple,there are hardly any books in this room .,hampir tidak ada buku di ruangan ini .
957,We have a lot of homework.,Pekerjaan rumah kami sangat banyak.,(S (NP (PRP We)) (VP (VBP have) (NP (NP (DT a) (NN lot)) (PP (IN of) (NP (NN homework))))) (. .)),simple,we have a lot of homework .,pekerjaan rumah kami sangat banyak .
1773,Tom offered me a cup of coffee.,Tom menawarkanku secangkir kopi.,(S (NP (NNP Tom)) (VP (VBD offered) (NP (PRP me)) (NP (NP (DT a) (NN cup)) (PP (IN of) (NP (NN coffee))))) (. .)),simple,tom offered me a cup of coffee .,tom menawarkanku secangkir kopi .
2141,What's your favorite kind of art?,Jenis seni apa yang menjadi favorit Anda?,(SBARQ (WHNP (WP What)) (SQ (VP (VBZ 's) (NP (NP (PRP$ your) (JJ favorite) (NN kind)) (PP (IN of) (NP (NN art)))))) (. ?)),simple,what s your favorite kind of art ?,jenis seni apa yang menjadi favorit anda ?
1008,I ate three pieces of cake.,Aku makan tiga potong kue.,(S (NP (PRP I)) (VP (VBD ate) (NP (NP (CD three) (NNS pieces)) (PP (IN of) (NP (NN cake))))) (. .)),simple,i ate three pieces of cake .,aku makan tiga potong kue .
3118,Have you ever gone to the beach with Tom?,Pernahkah kamu pergi ke pantai bersama Tom?,(SQ (VBP Have) (NP (PRP you)) (ADVP (RB ever)) (VP (VBN gone) (PP (IN to) (NP (DT the) (NN beach))) (PP (IN with) (NP (NNP Tom)))) (. ?)),simple,have you ever gone to the beach with tom ?,pernahkah kamu pergi ke pantai bersama tom ?
1092,Tom lives near the airport.,Tom tinggal di dekat bandara.,(S (NP (NNP Tom)) (VP (VBZ lives) (PP (IN near) (NP (DT the) (NN airport)))) (. .)),simple,tom lives near the airport .,tom tinggal di dekat bandara .
4025,He took a chance investing his money in the new company.,Dia mencoba berinvestasi di perusahaan baru tersebut.,(S (NP (PRP He)) (VP (VBD took) (NP (NP (DT a) (NN chance)) (S (VP (VBG investing) (NP (PRP$ his) (NN money)) (PP (IN in) (NP (DT the) (JJ new) (NN company))))))) (. .)),simple,he took a chance investing his money in the new company .,dia mencoba berinvestasi di perusahaan baru tersebut .
3356,My grandfather died shortly after my birth.,Kakek saya meninggal tidak lama setelah saya lahir.,(S (NP (PRP$ My) (NN grandfather)) (VP (VBD died) (PP (ADVP (RB shortly)) (IN after) (NP (PRP$ my) (NN birth)))) (. .)),simple,my grandfather died shortly after my birth .,kakek saya meninggal tidak lama setelah saya lahir .
2744,What was the name of that restaurant?,Apa nama restoran itu?,(SBARQ (WHNP (WP What)) (SQ (VBD was) (NP (NP (DT the) (NN name)) (PP (IN of) (NP (DT that) (NN restaurant))))) (. ?)),simple,what was the name of that restaurant ?,apa nama restoran itu ?
4190,There was a yellow school bus parked in front of the fire hydrant.,Ada sebuah bus sekolah berwarna kuning yang diparkir di depan hidran.,(S (NP (EX There)) (VP (VBD was) (NP (NP (DT a) (JJ yellow) (NN school) (NN bus)) (VP (VBN parked) (PP (IN in) (NP (NP (NN front)) (PP (IN of) (NP (DT the) (NN fire) (NN hydrant)))))))) (. .)),simple,there was a yellow school bus parked in front of the fire hydrant .,ada sebuah bus sekolah berwarna kuning yang diparkir di depan hidran .
996,Fill the bottle with water.,Isi botolnya dengan air.,(S (VP (VB Fill) (NP (DT the) (NN bottle)) (PP (IN with) (NP (NN water)))) (. .)),simple,fill the bottle with water .,isi botolnya dengan air .
3506,All the flights to Boston have been canceled.,Semua penerbangan ke Boston telah dibatalkan.,(S (NP (NP (PDT All) (DT the) (NNS flights)) (PP (IN to) (NP (NNP Boston)))) (VP (VBP have) (VP (VBN been) (VP (VBN canceled)))) (. .)),simple,all the flights to boston have been canceled .,semua penerbangan ke boston telah dibatalkan .
1679,I hear my uncle died of cancer.,Saya dengar paman saya meninggal karena kanker.,(S (NP (PRP I)) (VP (VBP hear) (SBAR (S (NP (PRP$ my) (NN uncle)) (VP (VBD died) (PP (IN of) (NP (NN cancer))))))) (. .)),complex,i hear my uncle died of cancer .,saya dengar paman saya meninggal karena kanker .
153,I waited for hours.,Aku telah menunggu berjam-jam.,(S (NP (PRP I)) (VP (VBD waited) (PP (IN for) (NP (NNS hours)))) (. .)),simple,i waited for hours .,aku telah menunggu berjam jam .
3147,I think I can help Tom with his homework.,Aku pikir aku bisa membantu Tom mengerjakan PRnya.,(S (NP (PRP I)) (VP (VBP think) (SBAR (S (NP (PRP I)) (VP (MD can) (VP (VB help) (NP (NNP Tom)) (PP (IN with) (NP (PRP$ his) (NN homework)))))))) (. .)),complex,i think i can help tom with his homework .,aku pikir aku bisa membantu tom mengerjakan prnya .
2294,Tom wrote a book about his family.,Tom menulis buku tentang keluarganya.,(S (NP (NNP Tom)) (VP (VBD wrote) (NP (NP (DT a) (NN book)) (PP (IN about) (NP (PRP$ his) (NN family))))) (. .)),simple,tom wrote a book about his family .,tom menulis buku tentang keluarganya .
2908,I don't know how to put it in Japanese.,Aku tidak tahu bagaimana cara mengatakannya dalam bahasa Jepang.,(S (NP (PRP I)) (VP (VBP do) (RB n't) (VP (VB know) (SBAR (WHADVP (WRB how)) (S (VP (TO to) (VP (VB put) (NP (PRP it)) (PP (IN in) (NP (NNP Japanese))))))))) (. .)),complex,i don t know how to put it in japanese .,aku tidak tahu bagaimana cara mengatakannya dalam bahasa jepang .
2837,There's no use crying over spilt milk.,Nasi sudah menjadi bubur.,(S (NP (EX There)) (VP (VBZ 's) (NP (NP (DT no) (NN use)) (S (VP (VBG crying) (PP (IN over) (NP (JJ spilt) (NN milk))))))) (. .)),simple,there s no use crying over spilt milk .,nasi sudah menjadi bubur .
580,I like talking with Tom.,Saya suka mengobrol dengan Tom.,(S (NP (PRP I)) (VP (VBP like) (S (VP (VBG talking) (PP (IN with) (NP (NNP Tom)))))) (. .)),simple,i like talking with tom .,saya suka mengobrol dengan tom .
1470,Don't worry too much about it.,Jangan terlalu mengkhawatirkannya.,(S (VP (VBP Do) (RB n't) (VP (VB worry) (ADVP (RB too) (RB much)) (PP (IN about) (NP (PRP it))))) (. .)),simple,don t worry too much about it .,jangan terlalu mengkhawatirkannya .
703,Don't smoke in this room.,Jangan merokok di ruangan ini.,(S (VP (VBP Do) (RB n't) (VP (VB smoke) (PP (IN in) (NP (DT this) (NN room))))) (. .)),simple,don t smoke in this room .,jangan merokok di ruangan ini .
1212,That looks suspicious to me.,Itu tampak mencurigakan bagiku.,(S (NP (DT That)) (VP (VBZ looks) (ADJP (JJ suspicious)) (PP (IN to) (NP (PRP me)))) (. .)),simple,that looks suspicious to me .,itu tampak mencurigakan bagiku .
3343,Is this computer connected to the Internet?,Apa komputer ini terhubung pada internet?,(SQ (VBZ Is) (NP (DT this) (NN computer)) (VP (VBN connected) (PP (IN to) (NP (DT the) (NNP Internet)))) (. ?)),simple,is this computer connected to the internet ?,apa komputer ini terhubung pada internet ?
896,I've never been to Europe.,Saya belum pernah ke Eropa.,(S (NP (PRP I)) (VP (VBP 've) (ADVP (RB never)) (VP (VBN been) (PP (IN to) (NP (NNP Europe))))) (. .)),simple,i ve never been to europe .,saya belum pernah ke eropa .
3308,Astronomy deals with the stars and planets.,Astronomi membahas tentang bintang-bintang dan planet-planet.,(S (NP (NN Astronomy)) (VP (VBZ deals) (PP (IN with) (NP (DT the) (NNS stars) (CC and) (NNS planets)))) (. .)),simple,astronomy deals with the stars and planets .,astronomi membahas tentang bintang bintang dan planet planet .
487,She fell from the tree.,Dia jatuh dari pohon.,(S (NP (PRP She)) (VP (VBD fell) (PP (IN from) (NP (DT the) (NN tree)))) (. .)),simple,she fell from the tree .,dia jatuh dari pohon .
3672,Please feel free to eat anything in the fridge.,Silahkan nikmati segala macam makanan yang ada di dalam lemari es.,(S (ADVP (RB Please)) (VP (VB feel) (ADJP (JJ free) (S (VP (TO to) (VP (VB eat) (NP (NN anything)) (PP (IN in) (NP (DT the) (NN fridge)))))))) (. .)),simple,please feel free to eat anything in the fridge .,silahkan nikmati segala macam makanan yang ada di dalam lemari es .
559,Don't swim in the river.,Jangan berenang di sungai.,(S (VP (VBP Do) (RB n't) (VP (VB swim) (PP (IN in) (NP (DT the) (NN river))))) (. .)),simple,don t swim in the river .,jangan berenang di sungai .
1141,France is in Western Europe.,Perancis ada di Eropa Barat.,(S (NP (NNP France)) (VP (VBZ is) (PP (IN in) (NP (NNP Western) (NNP Europe)))) (. .)),simple,france is in western europe .,perancis ada di eropa barat .
3709,Five years have passed since they came to Japan.,"Sudah lima tahun berlalu, semenjak mereka datang ke Jepang.",(S (NP (CD Five) (NNS years)) (VP (VBP have) (VP (VBN passed) (SBAR (IN since) (S (NP (PRP they)) (VP (VBD came) (PP (IN to) (NP (NNP Japan)))))))) (. .)),complex,five years have passed since they came to japan .,sudah lima tahun berlalu semenjak mereka datang ke jepang .
1119,Why should I listen to you?,Mengapa saya harus mendengarkan Anda?,(SBARQ (WHADVP (WRB Why)) (SQ (MD should) (NP (PRP I)) (VP (VB listen) (PP (IN to) (NP (PRP you))))) (. ?)),simple,why should i listen to you ?,mengapa saya harus mendengarkan anda ?
2849,Tom has no intention of marrying Mary.,Tom tidak memiliki keinginan untuk menikahi Mary.,(S (NP (NNP Tom)) (VP (VBZ has) (NP (NP (DT no) (NN intention)) (PP (IN of) (S (VP (VBG marrying) (NP (NNP Mary))))))) (. .)),simple,tom has no intention of marrying mary .,tom tidak memiliki keinginan untuk menikahi mary .
3822,Let's approach the problem from a different angle.,Mari melakukan pendekatan terhadap masalah ini dari sudut yang berbeda.,(S (VP (VB Let) (S (NP (PRP 's)) (VP (VB approach) (NP (DT the) (NN problem)) (PP (IN from) (NP (DT a) (JJ different) (NN angle)))))) (. .)),simple,let s approach the problem from a different angle .,mari melakukan pendekatan terhadap masalah ini dari sudut yang berbeda .
512,Tom got stung by a bee.,Tom disengat lebah.,(S (NP (NNP Tom)) (VP (VBD got) (VP (VBN stung) (PP (IN by) (NP (DT a) (NN bee))))) (. .)),simple,tom got stung by a bee .,tom disengat lebah .
633,This is a movie for men.,Ini adalah film untuk laki-laki.,(S (NP (DT This)) (VP (VBZ is) (NP (NP (DT a) (NN movie)) (PP (IN for) (NP (NNS men))))) (. .)),simple,this is a movie for men .,ini adalah film untuk laki laki .
3889,You can't enter that bookstore with your shirt off.,Kamu tidak bisa memasuki toko buku tanpa mengenakan pakaian.,(S (NP (PRP You)) (VP (MD ca) (RB n't) (VP (VB enter) (NP (DT that) (NN bookstore)) (PP (IN with) (NP (NP (PRP$ your) (NN shirt)) (ADVP (RP off)))))) (. .)),simple,you can t enter that bookstore with your shirt off .,kamu tidak bisa memasuki toko buku tanpa mengenakan pakaian .
1664,How do you say that in Italian?,Bagaimana kamu mengatakan itu dalam bahasa Italia?,(SBARQ (WHADVP (WRB How)) (SQ (VBP do) (NP (PRP you)) (VP (VB say) (NP (DT that)) (PP (IN in) (NP (NNP Italian))))) (. ?)),simple,how do you say that in italian ?,bagaimana kamu mengatakan itu dalam bahasa italia ?
1012,I can't remember any of it.,Aku tidak dapat mengingat apapun tentang hal itu.,(S (NP (PRP I)) (VP (MD ca) (RB n't) (VP (VB remember) (NP (NP (DT any)) (PP (IN of) (NP (PRP it)))))) (. .)),simple,i can t remember any of it .,aku tidak dapat mengingat apapun tentang hal itu .
1931,Tom ate only one slice of bread.,Tom cuma makan satu potong roti.,(S (NP (NNP Tom)) (VP (VBD ate) (NP (NP (QP (RB only) (CD one)) (NN slice)) (PP (IN of) (NP (NN bread))))) (. .)),simple,tom ate only one slice of bread .,tom cuma makan satu potong roti .
3976,I wouldn't allow Tom to go to Australia if I were you.,"Kalau jadi kamu, saya tidak akan mengizinkan Tom pergi ke Australia.",(S (NP (PRP I)) (VP (MD would) (RB n't) (VP (VB allow) (S (NP (NNP Tom)) (VP (TO to) (VP (VB go) (PP (IN to) (NP (NNP Australia)))))) (SBAR (IN if) (S (NP (PRP I)) (VP (VBD were) (NP (PRP you))))))) (. .)),complex,i wouldn t allow tom to go to australia if i were you .,kalau jadi kamu saya tidak akan mengizinkan tom pergi ke australia .
1150,I don't use words like that.,Saya tidak menggunakan kata-kata seperti itu.,(S (NP (PRP I)) (VP (VBP do) (RB n't) (VP (VB use) (NP (NP (NNS words)) (PP (IN like) (NP (DT that)))))) (. .)),simple,i don t use words like that .,saya tidak menggunakan kata kata seperti itu .
2838,There's still some beer in the fridge.,Masih ada sedikit bir di kulkas.,(S (NP (EX There)) (VP (VBZ 's) (ADVP (RB still)) (NP (DT some) (NN beer)) (PP (IN in) (NP (DT the) (NN fridge)))) (. .)),simple,there s still some beer in the fridge .,masih ada sedikit bir di kulkas .
4163,I changed my mind about dinner. I'm not really hungry right now.,"Soal makan malam, aku berubah pikiran. Aku tidak begitu lapar saat ini.",(S (NP (PRP I)) (VP (VBD changed) (NP (PRP$ my) (NN mind)) (PP (IN about) (NP (NN dinner)))) (. .)),simple,i changed my mind about dinner . i m not really hungry right now .,soal makan malam aku berubah pikiran . aku tidak begitu lapar saat ini .
116,May I go with you?,Boleh saya pergi denganmu?,(SQ (MD May) (NP (PRP I)) (VP (VB go) (PP (IN with) (NP (PRP you)))) (. ?)),simple,may i go with you ?,boleh saya pergi denganmu ?
3545,This novel was written by an American writer.,Novel ini ditulis oleh penulis asal Amerika.,(S (NP (DT This) (NN novel)) (VP (VBD was) (VP (VBN written) (PP (IN by) (NP (DT an) (JJ American) (NN writer))))) (. .)),simple,this novel was written by an american writer .,novel ini ditulis oleh penulis asal amerika .
740,I saw Tom in the hallway.,Aku melihat Tom di lorong.,(S (NP (PRP I)) (VP (VBD saw) (NP (NNP Tom)) (PP (IN in) (NP (DT the) (NN hallway)))) (. .)),simple,i saw tom in the hallway .,aku melihat tom di lorong .
4130,The liver and the pancreas form part of the digestive system.,Hati dan pankreas termasuk bagian dari sistem pencernaan.,(S (NP (NP (DT The) (NN liver)) (CC and) (NP (DT the) (NNS pancreas))) (VP (VBP form) (NP (NP (NN part)) (PP (IN of) (NP (DT the) (JJ digestive) (NN system))))) (. .)),simple,the liver and the pancreas form part of the digestive system .,hati dan pankreas termasuk bagian dari sistem pencernaan .
1974,We've known each other for ages.,Sudah lama kami saling kenal.,(S (NP (PRP We)) (VP (VBP 've) (VP (VBN known) (NP (DT each) (JJ other)) (PP (IN for) (NP (NNS ages))))) (. .)),simple,we ve known each other for ages .,sudah lama kami saling kenal .
1081,They asked after my father.,Mereka menanyakan ayah saya.,(S (NP (PRP They)) (VP (VBD asked) (PP (IN after) (NP (PRP$ my) (NN father)))) (. .)),simple,they asked after my father .,mereka menanyakan ayah saya .
3675,She has tried various methods of slimming down.,Dia telah mencoba berbagai cara melangsingkan badan.,(S (NP (PRP She)) (VP (VBZ has) (VP (VBN tried) (NP (NP (JJ various) (NNS methods)) (PP (IN of) (S (VP (VBG slimming) (PRT (RB down)))))))) (. .)),simple,she has tried various methods of slimming down .,dia telah mencoba berbagai cara melangsingkan badan .
1810,A woman asked me for directions.,Seorang wanita bertanya kepadaku tentang arah.,(S (NP (DT A) (NN woman)) (VP (VBD asked) (NP (PRP me)) (PP (IN for) (NP (NNS directions)))) (. .)),simple,a woman asked me for directions .,seorang wanita bertanya kepadaku tentang arah .
830,Who was behind the wheel?,Siapa yang menyetir?,(SBARQ (WHNP (WP Who)) (SQ (VP (VBD was) (PP (IN behind) (NP (DT the) (NN wheel))))) (. ?)),simple,who was behind the wheel ?,siapa yang menyetir ?
119,Take both of them.,Ambil keduanya.,(S (VP (VB Take) (NP (NP (DT both)) (PP (IN of) (NP (PRP them))))) (. .)),simple,take both of them .,ambil keduanya .
656,Tom's father is in jail.,Ayah Tom di penjara.,(S (NP (NP (NNP Tom) (POS 's)) (NN father)) (VP (VBZ is) (PP (IN in) (NP (NN jail)))) (. .)),simple,tom s father is in jail .,ayah tom di penjara .
4105,"Zamenhof, the creator of Esperanto, was an ophthalmologist.","Zamenhof, pencipta bahasa Esperanto, adalah seorang pakar oftalmologi.","(S (NP (NP (NNP Zamenhof)) (, ,) (NP (NP (DT the) (NN creator)) (PP (IN of) (NP (NNP Esperanto)))) (, ,)) (VP (VBD was) (NP (DT an) (NN ophthalmologist))) (. .))",simple,zamenhof the creator of esperanto was an ophthalmologist .,zamenhof pencipta bahasa esperanto adalah seorang pakar oftalmologi .
4054,Japan is trying to cope with the aging of its population.,Jepang berusahan mengatasi penuaan pada populasinya.,(S (NP (NNP Japan)) (VP (VBZ is) (VP (VBG trying) (S (VP (TO to) (VP (VB cope) (PP (IN with) (NP (NP (DT the) (NN aging)) (PP (IN of) (NP (PRP$ its) (NN population)))))))))) (. .)),simple,japan is trying to cope with the aging of its population .,jepang berusahan mengatasi penuaan pada populasinya .
1129,"By the way, how old are you?","Ngomong-ngomong,berapa umurmu?","(SQ (PP (IN By) (NP (DT the) (NN way))) (, ,) (WHADJP (WRB how) (JJ old)) (SQ (VBP are) (NP (PRP you))) (. ?))",simple,by the way how old are you ?,ngomong ngomong berapa umurmu ?
635,Tom died of an overdose.,Tom meninggal karena overdosis.,(S (NP (NNP Tom)) (VP (VBD died) (PP (IN of) (NP (DT an) (NN overdose)))) (. .)),simple,tom died of an overdose .,tom meninggal karena overdosis .
369,I was born in October.,Aku lahir di bulan Oktober.,(S (NP (PRP I)) (VP (VBD was) (VP (VBN born) (PP (IN in) (NP (NNP October))))) (. .)),simple,i was born in october .,aku lahir di bulan oktober .
268,I hate cops like him.,Aku benci polisi seperti dia.,(S (NP (PRP I)) (VP (VBP hate) (NP (NP (NNS cops)) (PP (IN like) (NP (PRP him))))) (. .)),simple,i hate cops like him .,aku benci polisi seperti dia .
2703,There was almost nothing in the room.,Hampir tidak ada apa-apa di kamar tersebut.,(S (NP (EX There)) (VP (VBD was) (NP (RB almost) (NN nothing)) (PP (IN in) (NP (DT the) (NN room)))) (. .)),simple,there was almost nothing in the room .,hampir tidak ada apa apa di kamar tersebut .
3891,"By the time she gets there, she will be happy again.",Dia akan kembali senang setelah sampai di sana.,"(S (PP (IN By) (NP (NP (DT the) (NN time)) (SBAR (S (NP (PRP she)) (VP (VBZ gets) (ADVP (RB there))))))) (, ,) (NP (PRP she)) (VP (MD will) (VP (VB be) (ADJP (JJ happy)) (ADVP (RB again)))) (. .))",complex,by the time she gets there she will be happy again .,dia akan kembali senang setelah sampai di sana .
2983,Tom showed up early for practice today.,Tom datang lebih awal untuk berlatih hari ini.,(S (NP (NNP Tom)) (VP (VBD showed) (PRT (RP up)) (ADVP (RB early)) (PP (IN for) (NP (NN practice))) (NP (NN today))) (. .)),simple,tom showed up early for practice today .,tom datang lebih awal untuk berlatih hari ini .
2870,Who's the richest person in Australia?,Siapa orang terkaya di Australia?,(SBARQ (WHNP (WP Who)) (SQ (VP (VBZ 's) (NP (NP (DT the) (JJS richest) (NN person)) (PP (IN in) (NP (NNP Australia)))))) (. ?)),simple,who s the richest person in australia ?,siapa orang terkaya di australia ?
2914,I haven't talked to Tom in a long time.,Sudah lama saya tidak berbicara dengan Tom.,(S (NP (PRP I)) (VP (VBP have) (RB n't) (VP (VBN talked) (PP (IN to) (NP (NNP Tom))) (PP (IN in) (NP (DT a) (JJ long) (NN time))))) (. .)),simple,i haven t talked to tom in a long time .,sudah lama saya tidak berbicara dengan tom .
46,I work with him.,Saya bekerja dengannya.,(S (NP (PRP I)) (VP (VBP work) (PP (IN with) (NP (PRP him)))) (. .)),simple,i work with him .,saya bekerja dengannya .
3421,Few treasures are worth as much as a friend.,Seorang teman sama berharganya dengan harta.,(S (NP (JJ Few) (NNS treasures)) (VP (VBP are) (ADJP (JJ worth) (NP (NP (ADJP (RB as) (JJ much))) (PP (IN as) (NP (DT a) (NN friend)))))) (. .)),simple,few treasures are worth as much as a friend .,seorang teman sama berharganya dengan harta .
4142,"I was the one who taught Tom how to say ""thank you"" in French.","Akulah yang mengajarkan Tom cara mengucapkan ""terima kasih"" dalam bahasa Prancis.","(S (NP (PRP I)) (VP (VBD was) (NP (NP (DT the) (NN one)) (SBAR (WHNP (WP who)) (S (VP (VBD taught) (NP (NNP Tom)) (SBAR (WHADVP (WRB how)) (S (VP (TO to) (VP (VB say) (`` "") (S (VP (VB thank) (NP (PRP you)))) ('' "") (PP (IN in) (NP (NNP French)))))))))))) (. .))",complex,i was the one who taught tom how to say thank you in french .,akulah yang mengajarkan tom cara mengucapkan terima kasih dalam bahasa prancis .
991,Do you go to school by bus?,Apa kau pergi ke sekolah dengan bus?,(SQ (VBP Do) (NP (PRP you)) (VP (VB go) (PP (IN to) (NP (NN school))) (PP (IN by) (NP (NN bus)))) (. ?)),simple,do you go to school by bus ?,apa kau pergi ke sekolah dengan bus ?
876,I saw it with my own eyes.,Aku melihatnya dengan mataku sendiri.,(S (NP (PRP I)) (VP (VBD saw) (NP (PRP it)) (PP (IN with) (NP (PRP$ my) (JJ own) (NNS eyes)))) (. .)),simple,i saw it with my own eyes .,aku melihatnya dengan mataku sendiri .
773,The train got in on time.,Keretanya datang tepat waktu.,(S (NP (DT The) (NN train)) (VP (VBD got) (ADVP (RB in)) (PP (IN on) (NP (NN time)))) (. .)),simple,the train got in on time .,keretanya datang tepat waktu .
1219,The roof of my house is red.,Atap rumahku merah.,(S (NP (NP (DT The) (NN roof)) (PP (IN of) (NP (PRP$ my) (NN house)))) (VP (VBZ is) (ADJP (JJ red))) (. .)),simple,the roof of my house is red .,atap rumahku merah .
1126,Your work is below average.,Pekerjaanmu di bawah rata-rata.,(S (NP (PRP$ Your) (NN work)) (VP (VBZ is) (PP (IN below) (ADJP (JJ average)))) (. .)),simple,your work is below average .,pekerjaanmu di bawah rata rata .
4,Step on it!,Cepatlah!,(S (VP (VB Step) (PP (IN on) (NP (PRP it)))) (. !)),simple,step on it !,cepatlah !
3691,Tom said that he liked the color of my T-shirt.,Tom berkata bahwa dia menyukai warna kausku.,(S (NP (NNP Tom)) (VP (VBD said) (SBAR (IN that) (S (NP (PRP he)) (VP (VBD liked) (NP (NP (DT the) (NN color)) (PP (IN of) (NP (PRP$ my) (NNP T) (HYPH -) (NN shirt)))))))) (. .)),complex,tom said that he liked the color of my t shirt .,tom berkata bahwa dia menyukai warna kausku .
3051,Tell her that I am looking for the keys.,"Bilang ke dia, saya sedang mencari kunci.",(S (VP (VB Tell) (NP (PRP her)) (SBAR (IN that) (S (NP (PRP I)) (VP (VBP am) (VP (VBG looking) (PP (IN for) (NP (DT the) (NNS keys)))))))) (. .)),complex,tell her that i am looking for the keys .,bilang ke dia saya sedang mencari kunci .
1595,This table is made of plastic.,Meja ini terbuat dari plastik.,(S (NP (DT This) (NN table)) (VP (VBZ is) (VP (VBN made) (PP (IN of) (NP (NN plastic))))) (. .)),simple,this table is made of plastic .,meja ini terbuat dari plastik .
3124,He worked hard to provide for his family.,Dia bekerja keras untuk menafkahi keluarganya.,(S (NP (PRP He)) (VP (VBD worked) (ADVP (RB hard)) (S (VP (TO to) (VP (VB provide) (PP (IN for) (NP (PRP$ his) (NN family))))))) (. .)),simple,he worked hard to provide for his family .,dia bekerja keras untuk menafkahi keluarganya .
2311,Why don't we hide in the basement?,Kenapa kita tidak sembunyi di lantai bawah tanah?,(SBARQ (WHADVP (WRB Why)) (SQ (VBP do) (RB n't) (NP (PRP we)) (VP (VB hide) (PP (IN in) (NP (DT the) (NN basement))))) (. ?)),simple,why don t we hide in the basement ?,kenapa kita tidak sembunyi di lantai bawah tanah ?
3040,My parents always speak to me in French.,Orang tuaku selalu berbicara kepadaku dalam bahasa Prancis.,(S (NP (PRP$ My) (NNS parents)) (ADVP (RB always)) (VP (VBP speak) (PP (IN to) (NP (PRP me))) (PP (IN in) (NP (NNP French)))) (. .)),simple,my parents always speak to me in french .,orang tuaku selalu berbicara kepadaku dalam bahasa prancis .
2660,I know that you still think about me.,Aku tahu bahwa kau masih memikirkanku.,(S (NP (PRP I)) (VP (VBP know) (SBAR (IN that) (S (NP (PRP you)) (ADVP (RB still)) (VP (VBP think) (PP (IN about) (NP (PRP me))))))) (. .)),complex,i know that you still think about me .,aku tahu bahwa kau masih memikirkanku .
2491,Everybody was thrilled by his story.,Semua orang merasa tegang karena ceritanya.,(S (NP (NN Everybody)) (VP (VBD was) (ADJP (VBN thrilled) (PP (IN by) (NP (PRP$ his) (NN story))))) (. .)),simple,everybody was thrilled by his story .,semua orang merasa tegang karena ceritanya .
3050,Strange things happened on her birthday.,Hal yang aneh telah terjadi di hari ulang tahunnya.,(S (NP (JJ Strange) (NNS things)) (VP (VBD happened) (PP (IN on) (NP (PRP$ her) (NN birthday)))) (. .)),simple,strange things happened on her birthday .,hal yang aneh telah terjadi di hari ulang tahunnya .
1077,The meeting started at ten.,Rapatnya dimulai pada pukul sepuluh.,(S (NP (DT The) (NN meeting)) (VP (VBD started) (PP (IN at) (NP (CD ten)))) (. .)),simple,the meeting started at ten .,rapatnya dimulai pada pukul sepuluh .
3854,Mercury is the smallest planet in our solar system.,Merkurius adalah planet terkecil dalam tata surya kita.,(S (NP (NNP Mercury)) (VP (VBZ is) (NP (NP (DT the) (JJS smallest) (NN planet)) (PP (IN in) (NP (PRP$ our) (JJ solar) (NN system))))) (. .)),simple,mercury is the smallest planet in our solar system .,merkurius adalah planet terkecil dalam tata surya kita .
837,A gun might come in handy.,Senapan mungkin akan berguna.,(S (NP (DT A) (NN gun)) (VP (MD might) (VP (VB come) (PP (IN in) (ADJP (JJ handy))))) (. .)),simple,a gun might come in handy .,senapan mungkin akan berguna .
681,Who are you waiting for?,Siapa yang sedang anda tunggu l,(SBARQ (WHNP (WP Who)) (SQ (VBP are) (NP (PRP you)) (VP (VBG waiting) (PP (IN for)))) (. ?)),simple,who are you waiting for ?,siapa yang sedang anda tunggu l
1715,Our school is across the river.,Sekolah kami ada di seberang sungai.,(S (NP (PRP$ Our) (NN school)) (VP (VBZ is) (PP (IN across) (NP (DT the) (NN river)))) (. .)),simple,our school is across the river .,sekolah kami ada di seberang sungai .
2352,I don't usually sing in the shower.,Aku biasanya tidak bernyanyi di kamar mandi.,(S (NP (PRP I)) (VP (VBP do) (RB n't) (ADVP (RB usually)) (VP (VB sing) (PP (IN in) (NP (DT the) (NN shower))))) (. .)),simple,i don t usually sing in the shower .,aku biasanya tidak bernyanyi di kamar mandi .
3413,A number of people die in traffic accidents.,Sejumlah orang meninggal dalam kecelakaan lalu-lintas.,(S (NP (NP (DT A) (NN number)) (PP (IN of) (NP (NNS people)))) (VP (VBP die) (PP (IN in) (NP (NN traffic) (NNS accidents)))) (. .)),simple,a number of people die in traffic accidents .,sejumlah orang meninggal dalam kecelakaan lalu lintas .
2617,We can't sleep because of the noise.,Kami tak bisa tidur karena suara ribut itu.,(S (NP (PRP We)) (VP (MD ca) (RB n't) (VP (VB sleep) (PP (IN because) (IN of) (NP (DT the) (NN noise))))) (. .)),simple,we can t sleep because of the noise .,kami tak bisa tidur karena suara ribut itu .
2361,I love hanging out with my friends.,Aku suka pergi berkumpul dengan teman-temanku.,(S (NP (PRP I)) (VP (VBP love) (S (VP (VBG hanging) (PRT (RP out)) (PP (IN with) (NP (PRP$ my) (NNS friends)))))) (. .)),simple,i love hanging out with my friends .,aku suka pergi berkumpul dengan teman temanku .
2197,I like white wine better than red.,Aku lebih suka anggur putih daripada merah.,(S (NP (PRP I)) (VP (VBP like) (NP (JJ white) (NN wine)) (ADVP (ADVP (RBR better)) (PP (IN than) (NP (JJ red))))) (. .)),simple,i like white wine better than red .,aku lebih suka anggur putih daripada merah .
1148,I bought a hat at the store.,Aku membeli topi di toko itu.,(S (NP (PRP I)) (VP (VBD bought) (NP (DT a) (NN hat)) (PP (IN at) (NP (DT the) (NN store)))) (. .)),simple,i bought a hat at the store .,aku membeli topi di toko itu .
3261,Some people still cut grass with a scythe.,Beberapa orang masih memotong rumput dengan sabit.,(S (NP (DT Some) (NNS people)) (ADVP (RB still)) (VP (VBD cut) (NP (NN grass)) (PP (IN with) (NP (DT a) (NN scythe)))) (. .)),simple,some people still cut grass with a scythe .,beberapa orang masih memotong rumput dengan sabit .
574,I got an F in chemistry.,Aku mendapat nilai F di pelajaran kimia.,(S (NP (PRP I)) (VP (VBD got) (NP (NP (DT an) (NN F)) (PP (IN in) (NP (NN chemistry))))) (. .)),simple,i got an f in chemistry .,aku mendapat nilai f di pelajaran kimia .
3769,I know that you were looking for me this morning.,Saya tahu Anda mencari saya pagi ini.,(S (NP (PRP I)) (VP (VBP know) (SBAR (IN that) (S (NP (PRP you)) (VP (VBD were) (VP (VBG looking) (PP (IN for) (NP (PRP me))) (NP (DT this) (NN morning))))))) (. .)),complex,i know that you were looking for me this morning .,saya tahu anda mencari saya pagi ini .
3736,That mountain is five times as high as this one.,Gunung itu lima kali lipat lebih tinggi dari gunung ini.,(S (NP (DT That) (NN mountain)) (VP (VBZ is) (ADJP (ADJP (QP (CD five) (NNS times)) (RB as) (JJ high)) (PP (IN as) (NP (DT this) (CD one))))) (. .)),simple,that mountain is five times as high as this one .,gunung itu lima kali lipat lebih tinggi dari gunung ini .
50,It's past eight.,Sekarang jam delapan lebih.,(S (NP (PRP It)) (VP (VBZ 's) (PP (JJ past) (NP (CD eight)))) (. .)),simple,it s past eight .,sekarang jam delapan lebih .
853,He was blue from the cold.,Dia menjadi pucat karena kedinginan.,(S (NP (PRP He)) (VP (VBD was) (ADJP (JJ blue)) (PP (IN from) (NP (DT the) (NN cold)))) (. .)),simple,he was blue from the cold .,dia menjadi pucat karena kedinginan .
1982,What have you learned about Tom?,Apa yang kamu ketahui tentang Tom?,(SBARQ (WHNP (WP What)) (SQ (VBP have) (NP (PRP you)) (VP (VBN learned) (PP (IN about) (NP (NNP Tom))))) (. ?)),simple,what have you learned about tom ?,apa yang kamu ketahui tentang tom ?
2774,How many books are there on the table?,Ada berapa buku di atas meja?,(SBARQ (WHNP (WHADJP (WRB How) (JJ many)) (NNS books)) (SQ (VBP are) (NP (EX there)) (PP (IN on) (NP (DT the) (NN table)))) (. ?)),simple,how many books are there on the table ?,ada berapa buku di atas meja ?
1823,Don't sit too close to the fire.,Jangan duduk terlalu dekat dengan api.,(S (VP (VBP Do) (RB n't) (VP (VB sit) (ADVP (RB too) (RB close) (PP (IN to) (NP (DT the) (NN fire)))))) (. .)),simple,don t sit too close to the fire .,jangan duduk terlalu dekat dengan api .
833,You shouldn't go to work.,Kau sebaiknya tidak pergi bekerja.,(S (NP (PRP You)) (VP (MD should) (RB n't) (VP (VB go) (PP (IN to) (NP (NN work))))) (. .)),simple,you shouldn t go to work .,kau sebaiknya tidak pergi bekerja .
3425,He was scared when the monkey jumped at him.,Dia ketakutan ketika monyet itu melompat ke arahnya.,(S (NP (PRP He)) (VP (VBD was) (ADJP (VBN scared)) (SBAR (WHADVP (WRB when)) (S (NP (DT the) (NN monkey)) (VP (VBD jumped) (PP (IN at) (NP (PRP him))))))) (. .)),complex,he was scared when the monkey jumped at him .,dia ketakutan ketika monyet itu melompat ke arahnya .
1115,What's always on your mind?,Apa yang selalu membuatmu khawatir?,(SBARQ (WHNP (WP What)) (SQ (VBZ 's) (ADVP (RB always)) (PP (IN on) (NP (PRP$ your) (NN mind)))) (. ?)),simple,what s always on your mind ?,apa yang selalu membuatmu khawatir ?
1166,I wonder what it feels like.,Aku penasaran bagaimana rasanya.,(S (NP (PRP I)) (VP (VBP wonder) (SBAR (WHNP (WP what)) (S (NP (PRP it)) (VP (VBZ feels) (PP (IN like)))))) (. .)),complex,i wonder what it feels like .,aku penasaran bagaimana rasanya .
2518,I have a large collection of stamps.,Aku memiliki banyak koleksi perangko.,(S (NP (PRP I)) (VP (VBP have) (NP (NP (DT a) (JJ large) (NN collection)) (PP (IN of) (NP (NNS stamps))))) (. .)),simple,i have a large collection of stamps .,aku memiliki banyak koleksi perangko .
1906,She's worried about your safety.,Dia khawatir akan keselamatanmu.,(S (NP (PRP She)) (VP (VBZ 's) (ADJP (VBN worried) (PP (IN about) (NP (PRP$ your) (NN safety))))) (. .)),simple,she s worried about your safety .,dia khawatir akan keselamatanmu .
971,Who buys this type of art?,Siapa yang membeli seni macam ini?,(SBARQ (WHNP (WP Who)) (SQ (VP (VBZ buys) (NP (NP (DT this) (NN type)) (PP (IN of) (NP (NN art)))))) (. ?)),simple,who buys this type of art ?,siapa yang membeli seni macam ini ?
2701,The world doesn't revolve around you.,Dunia tidak berputar mengelilingimu.,(S (NP (DT The) (NN world)) (VP (VBZ does) (RB n't) (VP (VB revolve) (PP (IN around) (NP (PRP you))))) (. .)),simple,the world doesn t revolve around you .,dunia tidak berputar mengelilingimu .
399,She's still under age.,Dia masih di bawah umur.,(S (NP (PRP She)) (VP (VBZ 's) (ADVP (RB still)) (PP (IN under) (NP (NN age)))) (. .)),simple,she s still under age .,dia masih di bawah umur .
2559,She was educated by her grandfather.,Dia dididik oleh kakeknya.,(S (NP (PRP She)) (VP (VBD was) (VP (VBN educated) (PP (IN by) (NP (PRP$ her) (NN grandfather))))) (. .)),simple,she was educated by her grandfather .,dia dididik oleh kakeknya .
3847,I frequently think about my mother who passed away.,Aku sering kali memikirkan ibuku yang telah meninggal.,(S (NP (PRP I)) (ADVP (RB frequently)) (VP (VBP think) (PP (IN about) (NP (NP (PRP$ my) (NN mother)) (SBAR (WHNP (WP who)) (S (VP (VBD passed) (PRT (RB away)))))))) (. .)),complex,i frequently think about my mother who passed away .,aku sering kali memikirkan ibuku yang telah meninggal .
2368,I tried to write with my left hand.,Saya mencoba untuk menulisnya dengan tangan kiri.,(S (NP (PRP I)) (VP (VBD tried) (S (VP (TO to) (VP (VB write) (PP (IN with) (NP (PRP$ my) (JJ left) (NN hand))))))) (. .)),simple,i tried to write with my left hand .,saya mencoba untuk menulisnya dengan tangan kiri .
19,Let go of Tom.,Lepaskan Tom!,(S (VP (VB Let) (VP (VB go) (PP (IN of) (NP (NNP Tom))))) (. .)),simple,let go of tom .,lepaskan tom !
684,You can't live on Venus.,Kamu tidak bisa hidup di Venus.,(S (NP (PRP You)) (VP (MD ca) (RB n't) (VP (VB live) (PP (IN on) (NP (NNP Venus))))) (. .)),simple,you can t live on venus .,kamu tidak bisa hidup di venus .
35,It's up to you.,Terserah padamu.,(S (NP (PRP It)) (VP (VBZ 's) (PP (IN up) (PP (IN to) (NP (PRP you))))) (. .)),simple,it s up to you .,terserah padamu .
3896,He was found lying unconscious on the kitchen floor.,Dia ditemukan terbaring tidak sadar di lantai dapur.,(S (NP (PRP He)) (VP (VBD was) (VP (VBN found) (S (VP (VBG lying) (ADJP (JJ unconscious)) (PP (IN on) (NP (DT the) (NN kitchen) (NN floor))))))) (. .)),simple,he was found lying unconscious on the kitchen floor .,dia ditemukan terbaring tidak sadar di lantai dapur .
2950,There is a restaurant in this building.,Ada sebuah restoran di gedung ini.,(S (NP (EX There)) (VP (VBZ is) (NP (DT a) (NN restaurant)) (PP (IN in) (NP (DT this) (NN building)))) (. .)),simple,there is a restaurant in this building .,ada sebuah restoran di gedung ini .
4180,Why don't you go fishing with us this weekend if you aren't busy?,"Mengapa kamu tidak ikut memancing dengan kami akhir minggu ini, jika kamu tidak sibuk?",(SBARQ (WHADVP (WRB Why)) (SQ (VBP do) (RB n't) (NP (PRP you)) (VP (VB go) (VBG fishing) (PP (IN with) (NP (PRP us))) (NP (DT this) (NN weekend)) (SBAR (IN if) (S (NP (PRP you)) (VP (VBP are) (RB n't) (ADJP (JJ busy))))))) (. ?)),complex,why don t you go fishing with us this weekend if you aren t busy ?,mengapa kamu tidak ikut memancing dengan kami akhir minggu ini jika kamu tidak sibuk ?
2875,You should've paid your bills on time.,Kau seharusnya membayar tagihanmu tepat waktu.,(S (NP (PRP You)) (VP (MD should) (VP (VB 've) (VP (VBN paid) (NP (PRP$ your) (NNS bills)) (PP (IN on) (NP (NN time)))))) (. .)),simple,you should ve paid your bills on time .,kau seharusnya membayar tagihanmu tepat waktu .
524,Tom stayed for a while.,Tom tinggal selama beberapa waktu.,(S (NP (NNP Tom)) (VP (VBD stayed) (PP (IN for) (NP (DT a) (NN while)))) (. .)),simple,tom stayed for a while .,tom tinggal selama beberapa waktu .
2455,Tom wants to go shopping with Mary.,Tom ingin pergi berbelanja dengan Mary.,(S (NP (NNP Tom)) (VP (VBZ wants) (S (VP (TO to) (VP (VB go) (NP (NN shopping)) (PP (IN with) (NP (NNP Mary))))))) (. .)),simple,tom wants to go shopping with mary .,tom ingin pergi berbelanja dengan mary .
920,She's pregnant with twins.,Kandungannya kembar.,(S (NP (PRP She)) (VP (VBZ 's) (ADJP (JJ pregnant) (PP (IN with) (NP (NNS twins))))) (. .)),simple,she s pregnant with twins .,kandungannya kembar .
1841,"How do you feel about this, Tom?","Apa yang kamu rasakan tentang ini, Tom?","(SBARQ (WHADVP (WRB How)) (SQ (VBP do) (NP (PRP you)) (VP (VB feel) (PP (IN about) (NP (DT this))) (, ,) (NP (NNP Tom)))) (. ?))",simple,how do you feel about this tom ?,apa yang kamu rasakan tentang ini tom ?
1890,Millions of men lost their jobs.,Jutaan pria kehilangan pekerjaan mereka.,(S (NP (NP (NNS Millions)) (PP (IN of) (NP (NNS men)))) (VP (VBD lost) (NP (PRP$ their) (NNS jobs))) (. .)),simple,millions of men lost their jobs .,jutaan pria kehilangan pekerjaan mereka .
537,Where do you come from?,Dari mana asalmu?,(SBARQ (WHADVP (WRB Where)) (SQ (VBP do) (NP (PRP you)) (VP (VB come) (PP (IN from)))) (. ?)),simple,where do you come from ?,dari mana asalmu ?
2806,No one is to leave without permission.,Tidak ada yang boleh keluar tanpa permisi.,(S (NP (DT No) (NN one)) (VP (VBZ is) (S (VP (TO to) (VP (VB leave) (PP (IN without) (NP (NN permission))))))) (. .)),simple,no one is to leave without permission .,tidak ada yang boleh keluar tanpa permisi .
1705,I've been up most of the night.,Aku telah terjaga sepanjang malam.,(S (NP (PRP I)) (VP (VBP 've) (VP (VBN been) (ADVP (RB up)) (NP (NP (JJS most)) (PP (IN of) (NP (DT the) (NN night)))))) (. .)),simple,i ve been up most of the night .,aku telah terjaga sepanjang malam .
4240,I'll be away for a while and expect to be back towards the end of next month.,Saya akan pergi sebentar dan mungkin akan kembali akhir bulan depan.,(S (NP (PRP I)) (VP (MD 'll) (VP (VP (VB be) (ADVP (RB away)) (PP (IN for) (NP (DT a) (NN while)))) (CC and) (VP (VB expect) (S (VP (TO to) (VP (VB be) (ADVP (RB back)) (PP (IN towards) (NP (NP (DT the) (NN end)) (PP (IN of) (NP (JJ next) (NN month))))))))))) (. .)),simple,i ll be away for a while and expect to be back towards the end of next month .,saya akan pergi sebentar dan mungkin akan kembali akhir bulan depan .
3110,Do you have a similar saying in Japanese?,Apakah ada pepatah yang mirip dalam bahasa Jepang?,(SQ (VBP Do) (NP (PRP you)) (VP (VB have) (NP (DT a) (JJ similar) (NN saying)) (PP (IN in) (NP (NNP Japanese)))) (. ?)),simple,do you have a similar saying in japanese ?,apakah ada pepatah yang mirip dalam bahasa jepang ?
3247,I used to dream about being a millionaire.,Aku dulu bermimpi menjadi miliuner.,(S (NP (PRP I)) (VP (VBD used) (S (VP (TO to) (VP (VB dream) (PP (IN about) (S (VP (VBG being) (NP (DT a) (NN millionaire))))))))) (. .)),simple,i used to dream about being a millionaire .,aku dulu bermimpi menjadi miliuner .
245,Birds fly in the sky.,Burung-burung terbang di langit.,(S (NP (NNS Birds)) (VP (VBP fly) (PP (IN in) (NP (DT the) (NN sky)))) (. .)),simple,birds fly in the sky .,burung burung terbang di langit .
3882,Tom has been told not to try to do that by himself.,Tom sudah diberi tahu untuk tidak melakukan itu sendiri.,(S (NP (NNP Tom)) (VP (VBZ has) (VP (VBN been) (VP (VBN told) (S (RB not) (VP (TO to) (VP (VB try) (S (VP (TO to) (VP (VB do) (NP (DT that)) (PP (IN by) (NP (PRP himself)))))))))))) (. .)),simple,tom has been told not to try to do that by himself .,tom sudah diberi tahu untuk tidak melakukan itu sendiri .
3464,The island is about two miles off the coast.,Pulau itu terletak dua mil dari pantai.,(S (NP (DT The) (NN island)) (VP (VBZ is) (PP (NP (QP (RB about) (CD two)) (NNS miles)) (IN off) (NP (DT the) (NN coast)))) (. .)),simple,the island is about two miles off the coast .,pulau itu terletak dua mil dari pantai .
3175,The drinks were served in coconut shells.,Minumannya disajikan dalam tempurung kelapa.,(S (NP (DT The) (NNS drinks)) (VP (VBD were) (VP (VBN served) (PP (IN in) (NP (NN coconut) (NNS shells))))) (. .)),simple,the drinks were served in coconut shells .,minumannya disajikan dalam tempurung kelapa .
784,Tom died on October 20th.,Tom meninggal pada tanggal 20 Oktober.,(S (NP (NNP Tom)) (VP (VBD died) (PP (IN on) (NP (NNP October) (NNP 20th)))) (. .)),simple,tom died on october th .,tom meninggal pada tanggal oktober .
1409,There is no clock in my room.,Tidak ada jam di kamarku.,(S (NP (EX There)) (VP (VBZ is) (NP (DT no) (NN clock)) (PP (IN in) (NP (PRP$ my) (NN room)))) (. .)),simple,there is no clock in my room .,tidak ada jam di kamarku .
2537,I'm writing a letter to my daughter.,Aku menulis surat untuk putriku.,(S (NP (PRP I)) (VP (VBP 'm) (VP (VBG writing) (NP (DT a) (NN letter)) (PP (IN to) (NP (PRP$ my) (NN daughter))))) (. .)),simple,i m writing a letter to my daughter .,aku menulis surat untuk putriku .
154,I'll be in my room.,Aku akan berada di kamarku.,(S (NP (PRP I)) (VP (MD 'll) (VP (VB be) (PP (IN in) (NP (PRP$ my) (NN room))))) (. .)),simple,i ll be in my room .,aku akan berada di kamarku .
3710,He came across this old coin in an antique shop.,Dia tidak sengaja menemukan koin tua ini di toko barang antik.,(S (NP (PRP He)) (VP (VBD came) (PP (IN across) (NP (DT this) (JJ old) (NN coin))) (PP (IN in) (NP (DT an) (JJ antique) (NN shop)))) (. .)),simple,he came across this old coin in an antique shop .,dia tidak sengaja menemukan koin tua ini di toko barang antik .
3009,He can count up to ten with his fingers.,Dia bisa menghitung sampai sepuluh dengan jarinya.,(S (NP (PRP He)) (VP (MD can) (VP (VB count) (NP (QP (IN up) (IN to) (CD ten))) (PP (IN with) (NP (PRP$ his) (NNS fingers))))) (. .)),simple,he can count up to ten with his fingers .,dia bisa menghitung sampai sepuluh dengan jarinya .
1686,I love the taste of watermelon.,Aku sangat suka rasanya semangka.,(S (NP (PRP I)) (VP (VBP love) (NP (NP (DT the) (NN taste)) (PP (IN of) (NP (NN watermelon))))) (. .)),simple,i love the taste of watermelon .,aku sangat suka rasanya semangka .
2901,How many countries are there in Europe?,Ada berapa negara di Eropa?,(SBARQ (WHNP (WHADJP (WRB How) (JJ many)) (NNS countries)) (SQ (VBP are) (ADVP (RB there)) (PP (IN in) (NP (NNP Europe)))) (. ?)),simple,how many countries are there in europe ?,ada berapa negara di eropa ?
3359,Nearly 80 percent of the land is mountains.,Hampir 80 persen daerah ini adalah pegunungan.,(S (NP (NP (QP (RB Nearly) (CD 80)) (NN percent)) (PP (IN of) (NP (DT the) (NN land)))) (VP (VBZ is) (NP (NNS mountains))) (. .)),simple,nearly percent of the land is mountains .,hampir persen daerah ini adalah pegunungan .
625,The box is on the table.,Kotak itu ada di atas meja.,(S (NP (DT The) (NN box)) (VP (VBZ is) (PP (IN on) (NP (DT the) (NN table)))) (. .)),simple,the box is on the table .,kotak itu ada di atas meja .
3863,She has made up her mind to go to America to study.,Dia memutuskan untuk pergi ke Amerika untuk belajar.,(S (NP (PRP She)) (VP (VBZ has) (VP (VBN made) (PRT (RP up)) (NP (PRP$ her) (NN mind)) (S (VP (TO to) (VP (VB go) (PP (IN to) (NP (NNP America))) (S (VP (TO to) (VP (VB study))))))))) (. .)),simple,she has made up her mind to go to america to study .,dia memutuskan untuk pergi ke amerika untuk belajar .
2733,Tom walked in through the front door.,Tom melangkah masuk melalui pintu depan.,(S (NP (NNP Tom)) (VP (VBD walked) (ADVP (RB in)) (PP (IN through) (NP (DT the) (JJ front) (NN door)))) (. .)),simple,tom walked in through the front door .,tom melangkah masuk melalui pintu depan .
1895,One of my horses died yesterday.,Salah satu kudaku mati kemarin.,(S (NP (NP (CD One)) (PP (IN of) (NP (PRP$ my) (NNS horses)))) (VP (VBD died) (NP (NN yesterday))) (. .)),simple,one of my horses died yesterday .,salah satu kudaku mati kemarin .
1346,I need to go to the bathroom.,Saya harus pergi ke kamar mandi.,(S (NP (PRP I)) (VP (VBP need) (S (VP (TO to) (VP (VB go) (PP (IN to) (NP (DT the) (NN bathroom))))))) (. .)),simple,i need to go to the bathroom .,saya harus pergi ke kamar mandi .
569,I am disgusted with you.,Aku sudah muak denganmu.,(S (NP (PRP I)) (VP (VBP am) (ADJP (VBN disgusted) (PP (IN with) (NP (PRP you))))) (. .)),simple,i am disgusted with you .,aku sudah muak denganmu .
4242,Seeing a rat run across the floor made me never ever want to eat there again.,Melihat tikus berlari di lantai membuatku tidak pernah ingin lagi makan di sana.,(S (S (VP (VBG Seeing) (S (NP (DT a) (NN rat)) (VP (VB run) (PP (IN across) (NP (DT the) (NN floor))))))) (VP (VBD made) (S (NP (PRP me)) (ADVP (RB never)) (ADVP (RB ever)) (VP (VB want) (S (VP (TO to) (VP (VB eat) (ADVP (RB there)) (ADVP (RB again)))))))) (. .)),simple,seeing a rat run across the floor made me never ever want to eat there again .,melihat tikus berlari di lantai membuatku tidak pernah ingin lagi makan di sana .
1758,Tom didn't complain about that.,Tom tidak mengeluh tentang itu.,(S (NP (NNP Tom)) (VP (VBD did) (RB n't) (VP (VB complain) (PP (IN about) (NP (DT that))))) (. .)),simple,tom didn t complain about that .,tom tidak mengeluh tentang itu .
1816,Contact me for more information.,Hubungi saya untuk informasi lebih lanjut,(S (VP (VB Contact) (NP (PRP me)) (PP (IN for) (NP (JJR more) (NN information)))) (. .)),simple,contact me for more information .,hubungi saya untuk informasi lebih lanjut
2065,Mary is the perfect girl for you.,Mary adalah gadis yang sempurna untukmu.,(S (NP (NNP Mary)) (VP (VBZ is) (NP (NP (DT the) (JJ perfect) (NN girl)) (PP (IN for) (NP (PRP you))))) (. .)),simple,mary is the perfect girl for you .,mary adalah gadis yang sempurna untukmu .
127,Turn to the right.,Belok ke kanan.,(S (VP (VB Turn) (PP (IN to) (NP (DT the) (NN right)))) (. .)),simple,turn to the right .,belok ke kanan .
3394,Tom doesn't want a ukulele made of plastic.,Tom tidak ingin ukulele yang terbuat dari plastik.,(S (NP (NNP Tom)) (VP (VBZ does) (RB n't) (VP (VB want) (NP (NP (DT a) (NN ukulele)) (VP (VBN made) (PP (IN of) (NP (NN plastic))))))) (. .)),simple,tom doesn t want a ukulele made of plastic .,tom tidak ingin ukulele yang terbuat dari plastik .
3327,I don't know who those suitcases belong to.,Saya tidak tahu koper-koper itu milik siapa.,(S (NP (PRP I)) (VP (VBP do) (RB n't) (VP (VB know) (SBAR (WHNP (WP who)) (S (NP (DT those) (NNS suitcases)) (VP (VBP belong) (PP (IN to))))))) (. .)),complex,i don t know who those suitcases belong to .,saya tidak tahu koper koper itu milik siapa .
4285,"There are three different types of people in the world: those who can count, and those who can't.",Ada tiga jenis orang di dunia ini: yang bisa menghitung dan yang tidak.,"(S (NP (EX There)) (VP (VBP are) (NP (NP (CD three) (JJ different) (NNS types)) (PP (IN of) (NP (NNS people)))) (PP (IN in) (NP (DT the) (NN world))) (: :) (NP (NP (NP (DT those)) (SBAR (WHNP (WP who)) (S (VP (MD can) (VP (VB count)))))) (, ,) (CC and) (NP (NP (DT those)) (SBAR (WHNP (WP who)) (S (VP (MD ca) (RB n't))))))) (. .))",complex,there are three different types of people in the world those who can count and those who can t .,ada tiga jenis orang di dunia ini yang bisa menghitung dan yang tidak .
2006,Cats can see even in dark places.,Kucing bisa melihat meskipun di tempat gelap.,(S (NP (NNS Cats)) (VP (MD can) (VP (VB see) (PP (ADVP (RB even)) (IN in) (NP (JJ dark) (NNS places))))) (. .)),simple,cats can see even in dark places .,kucing bisa melihat meskipun di tempat gelap .
2975,Tom is writing a book about his father.,Tom sedang menulis sebuah buku tentang ayahnya.,(S (NP (NNP Tom)) (VP (VBZ is) (VP (VBG writing) (NP (NP (DT a) (NN book)) (PP (IN about) (NP (PRP$ his) (NN father)))))) (. .)),simple,tom is writing a book about his father .,tom sedang menulis sebuah buku tentang ayahnya .
980,Are you certain about this?,Apa kau yakin dengan hal ini?,(SQ (VBP Are) (NP (PRP you)) (ADJP (JJ certain) (PP (IN about) (NP (DT this)))) (. ?)),simple,are you certain about this ?,apa kau yakin dengan hal ini ?
2300,We thank you for your cooperation.,Kami berterima kasih atas kerja sama Anda.,(S (NP (PRP We)) (VP (VBP thank) (NP (PRP you)) (PP (IN for) (NP (PRP$ your) (NN cooperation)))) (. .)),simple,we thank you for your cooperation .,kami berterima kasih atas kerja sama anda .
190,He slept in the car.,Dia tidur di dalam mobil.,(S (NP (PRP He)) (VP (VBD slept) (PP (IN in) (NP (DT the) (NN car)))) (. .)),simple,he slept in the car .,dia tidur di dalam mobil .
1139,Don't walk alone after dark.,Jangan berjalan seorang diri setelah hari menjadi gelap.,(S (VP (VB Do) (RB n't) (VP (VB walk) (ADVP (RB alone)) (PP (IN after) (NP (JJ dark))))) (. .)),simple,don t walk alone after dark .,jangan berjalan seorang diri setelah hari menjadi gelap .
992,Don't beat around the bush.,Jangan bicara berputar-putar.,(S (VP (VBP Do) (RB n't) (VP (VB beat) (PP (IN around) (NP (DT the) (NN bush))))) (. .)),simple,don t beat around the bush .,jangan bicara berputar putar .
699,Don't be late for school.,Jangan terlambat datang ke sekolah.,(S (VP (VB Do) (RB n't) (VP (VB be) (ADJP (JJ late) (PP (IN for) (NP (NN school)))))) (. .)),simple,don t be late for school .,jangan terlambat datang ke sekolah .
4106,A time bomb went off in the airport killing thirteen people.,Bom waktu yang meledak di dalam bandara itu menewaskan tiga belas orang.,(S (NP (DT A) (NN time) (NN bomb)) (VP (VBD went) (PRT (RP off)) (PP (IN in) (NP (DT the) (NN airport))) (S (VP (VBG killing) (NP (CD thirteen) (NNS people))))) (. .)),simple,a time bomb went off in the airport killing thirteen people .,bom waktu yang meledak di dalam bandara itu menewaskan tiga belas orang .
606,Keep an eye on the bags.,Awasilah tas-tas itu.,(S (VP (VB Keep) (NP (DT an) (NN eye)) (PP (IN on) (NP (DT the) (NNS bags)))) (. .)),simple,keep an eye on the bags .,awasilah tas tas itu .
180,We're out of money.,Uang kami habis.,(S (NP (PRP We)) (VP (VBP 're) (PP (IN out) (PP (IN of) (NP (NN money))))) (. .)),simple,we re out of money .,uang kami habis .
301,Tom got into the car.,Tom masuk ke mobil.,(S (NP (NNP Tom)) (VP (VBD got) (PP (IN into) (NP (DT the) (NN car)))) (. .)),simple,tom got into the car .,tom masuk ke mobil .
2544,It's because of me that Tom is here.,Karena akulah Tom di sini.,(S (NP (PRP It)) (VP (VBZ 's) (PP (IN because) (IN of) (NP (PRP me))) (SBAR (WHADVP (WDT that)) (S (NP (NNP Tom)) (VP (VBZ is) (ADVP (RB here)))))) (. .)),complex,it s because of me that tom is here .,karena akulah tom di sini .
3420,Do you think you could make it before lunch?,Kamu kira bisa selesai sebelum makan siang?,(SQ (VBP Do) (NP (PRP you)) (VP (VB think) (SBAR (S (NP (PRP you)) (VP (MD could) (VP (VB make) (NP (PRP it)) (PP (IN before) (NP (NN lunch)))))))) (. ?)),complex,do you think you could make it before lunch ?,kamu kira bisa selesai sebelum makan siang ?
4143,I wouldn't have been able to finish the job without your help.,Aku tidak akan bisa menyelesaikan pekerjaan ini tanpa bantuanmu.,(S (NP (PRP I)) (VP (MD would) (RB n't) (VP (VB have) (VP (VBN been) (ADJP (JJ able) (S (VP (TO to) (VP (VB finish) (NP (DT the) (NN job)) (PP (IN without) (NP (PRP$ your) (NN help)))))))))) (. .)),simple,i wouldn t have been able to finish the job without your help .,aku tidak akan bisa menyelesaikan pekerjaan ini tanpa bantuanmu .
1060,My sister is fond of music.,Adikku suka musik.,(S (NP (PRP$ My) (NN sister)) (VP (VBZ is) (ADJP (JJ fond) (PP (IN of) (NP (NN music))))) (. .)),simple,my sister is fond of music .,adikku suka musik .
1768,Tom likes to travel by himself.,Tom suka berpergian sendiri.,(S (NP (NNP Tom)) (VP (VBZ likes) (S (VP (TO to) (VP (VB travel) (PP (IN by) (NP (PRP himself))))))) (. .)),simple,tom likes to travel by himself .,tom suka berpergian sendiri .
3963,You should pack a couple of extra changes of clothes.,Kamu harus menyiapkan pakaian ganti lebih.,(S (NP (PRP You)) (VP (MD should) (VP (VB pack) (NP (NP (DT a) (NN couple)) (PP (IN of) (NP (NP (JJ extra) (NNS changes)) (PP (IN of) (NP (NNS clothes)))))))) (. .)),simple,you should pack a couple of extra changes of clothes .,kamu harus menyiapkan pakaian ganti lebih .
2146,You and Tom have a lot in common.,Kamu dan Tom punya banyak kesamaan.,(S (NP (PRP You) (CC and) (NNP Tom)) (VP (VBP have) (NP (NP (DT a) (NN lot)) (PP (IN in) (ADJP (JJ common))))) (. .)),simple,you and tom have a lot in common .,kamu dan tom punya banyak kesamaan .
2565,The calendar is hanging on the wall.,Kalender itu menggantung di dinding.,(S (NP (DT The) (NN calendar)) (VP (VBZ is) (VP (VBG hanging) (PP (IN on) (NP (DT the) (NN wall))))) (. .)),simple,the calendar is hanging on the wall .,kalender itu menggantung di dinding .
4294,"Tom didn't read the fine print on his insurance policy, and was shocked to find that his claim wasn't covered.","Tom tidak membaca cetakan kecil pada kebijakan asuransinya, dan terkejut setelah mengetahui tuntutannya tidak disertakan.","(S (NP (NNP Tom)) (VP (VP (VBD did) (RB n't) (VP (VB read) (NP (NP (DT the) (JJ fine) (NN print)) (PP (IN on) (NP (PRP$ his) (NN insurance) (NN policy)))))) (, ,) (CC and) (VP (VBD was) (ADJP (JJ shocked) (S (VP (TO to) (VP (VB find) (SBAR (IN that) (S (NP (PRP$ his) (NN claim)) (VP (VBD was) (RB n't) (VP (VBN covered))))))))))) (. .))",complex,tom didn t read the fine print on his insurance policy and was shocked to find that his claim wasn t covered .,tom tidak membaca cetakan kecil pada kebijakan asuransinya dan terkejut setelah mengetahui tuntutannya tidak disertakan .
1069,She was invited to a party.,Dia telah diundang untuk sebuah pesta,(S (NP (PRP She)) (VP (VBD was) (VP (VBN invited) (PP (IN to) (NP (DT a) (NN party))))) (. .)),simple,she was invited to a party .,dia telah diundang untuk sebuah pesta
2524,I tried to imagine life on the moon.,Aku mencoba membayangkan kehidupan di bulan.,(S (NP (PRP I)) (VP (VBD tried) (S (VP (TO to) (VP (VB imagine) (NP (NP (NN life)) (PP (IN on) (NP (DT the) (NN moon)))))))) (. .)),simple,i tried to imagine life on the moon .,aku mencoba membayangkan kehidupan di bulan .
2205,I wonder why Tom is staring at me.,Aku penasaran kenapa Tom memandangiku.,(S (NP (PRP I)) (VP (VBP wonder) (SBAR (WHADVP (WRB why)) (S (NP (NNP Tom)) (VP (VBZ is) (VP (VBG staring) (PP (IN at) (NP (PRP me)))))))) (. .)),complex,i wonder why tom is staring at me .,aku penasaran kenapa tom memandangiku .
1243,Tom let go of Mary's wrists.,Tom melepaskan pergelangan tangan Mary.,(S (NP (NNP Tom)) (VP (VBD let) (PRT (RP go)) (PP (IN of) (NP (NP (NNP Mary) (POS 's)) (NNS wrists)))) (. .)),simple,tom let go of mary s wrists .,tom melepaskan pergelangan tangan mary .
3243,I don't want to say that to my girlfriend.,Aku tidak mau mengatakan itu pada pacarku.,(S (NP (PRP I)) (VP (VBP do) (RB n't) (VP (VB want) (S (VP (TO to) (VP (VB say) (NP (DT that)) (PP (IN to) (NP (PRP$ my) (NN girlfriend)))))))) (. .)),simple,i don t want to say that to my girlfriend .,aku tidak mau mengatakan itu pada pacarku .
16,I'm on a diet.,Aku sedang melakukan diet.,(S (NP (PRP I)) (VP (VBP 'm) (PP (IN on) (NP (DT a) (NN diet)))) (. .)),simple,i m on a diet .,aku sedang melakukan diet .
3583,I fall asleep in the class every now and then.,Aku kadang-kadang tertidur di kelas.,(S (NP (PRP I)) (VP (VBP fall) (ADJP (JJ asleep)) (PP (IN in) (NP (DT the) (NN class))) (ADVP (DT every) (RB now) (CC and) (RB then))) (. .)),simple,i fall asleep in the class every now and then .,aku kadang kadang tertidur di kelas .
3120,He is on the point of leaving for Canada.,Dia akan segera berangkat menuju ke Kanada.,(S (NP (PRP He)) (VP (VBZ is) (PP (IN on) (NP (NP (DT the) (NN point)) (PP (IN of) (S (VP (VBG leaving) (PP (IN for) (NP (NNP Canada))))))))) (. .)),simple,he is on the point of leaving for canada .,dia akan segera berangkat menuju ke kanada .
1215,The fish tasted like salmon.,Ikan itu rasanya seperti salmon.,(S (NP (DT The) (NN fish)) (VP (VBD tasted) (PP (IN like) (NP (NN salmon)))) (. .)),simple,the fish tasted like salmon .,ikan itu rasanya seperti salmon .
546,Are you sure about that?,Apa kau yakin dengan hal itu?,(SQ (VBP Are) (NP (PRP you)) (ADJP (JJ sure) (PP (IN about) (NP (DT that)))) (. ?)),simple,are you sure about that ?,apa kau yakin dengan hal itu ?
3587,I need to look that word up in the dictionary.,Aku harus mencari kata itu di kamus.,(S (NP (PRP I)) (VP (VBP need) (S (VP (TO to) (VP (VB look) (NP (DT that) (NN word)) (PRT (RP up)) (PP (IN in) (NP (DT the) (NN dictionary))))))) (. .)),simple,i need to look that word up in the dictionary .,aku harus mencari kata itu di kamus .
658,We never work on Sunday.,Kami tidak pernah bekerja di hari Minggu.,(S (NP (PRP We)) (ADVP (RB never)) (VP (VBP work) (PP (IN on) (NP (NNP Sunday)))) (. .)),simple,we never work on sunday .,kami tidak pernah bekerja di hari minggu .
4072,I was the only one who didn't know Tom had been in prison.,Saya satu-satunya orang yang tidak tahu Tom telah dipenjara.,(S (NP (PRP I)) (VP (VBD was) (NP (NP (DT the) (JJ only) (NN one)) (SBAR (WHNP (WP who)) (S (VP (VBD did) (RB n't) (VP (VB know) (SBAR (S (NP (NNP Tom)) (VP (VBD had) (VP (VBN been) (PP (IN in) (NP (NN prison))))))))))))) (. .)),complex,i was the only one who didn t know tom had been in prison .,saya satu satunya orang yang tidak tahu tom telah dipenjara .
3900,I had a room with a beautiful view of the mountains.,Aku punya kamar dengan pemandangan gunung-gunung yang indah.,(S (NP (PRP I)) (VP (VBD had) (NP (NP (DT a) (NN room)) (PP (IN with) (NP (NP (DT a) (JJ beautiful) (NN view)) (PP (IN of) (NP (DT the) (NNS mountains))))))) (. .)),simple,i had a room with a beautiful view of the mountains .,aku punya kamar dengan pemandangan gunung gunung yang indah .
3067,This train runs between Tokyo and Osaka.,Kereta ini berjalan antara Tokyo dan Osaka.,(S (NP (DT This) (NN train)) (VP (VBZ runs) (PP (IN between) (NP (NNP Tokyo) (CC and) (NNP Osaka)))) (. .)),simple,this train runs between tokyo and osaka .,kereta ini berjalan antara tokyo dan osaka .
452,I can't give it to you.,Aku tidak bisa memberikannya kepadamu.,(S (NP (PRP I)) (VP (MD ca) (RB n't) (VP (VB give) (NP (PRP it)) (PP (IN to) (NP (PRP you))))) (. .)),simple,i can t give it to you .,aku tidak bisa memberikannya kepadamu .
1504,I don't want to live with Tom.,Aku tidak ingin tinggal bersama Tom.,(S (NP (PRP I)) (VP (VBP do) (RB n't) (VP (VB want) (S (VP (TO to) (VP (VB live) (PP (IN with) (NP (NNP Tom)))))))) (. .)),simple,i don t want to live with tom .,aku tidak ingin tinggal bersama tom .
959,We prepared for an attack.,Kami bersiap untuk melancarkan serangan.,(S (NP (PRP We)) (VP (VBD prepared) (PP (IN for) (NP (DT an) (NN attack)))) (. .)),simple,we prepared for an attack .,kami bersiap untuk melancarkan serangan .
2926,Is hitchhiking prohibited in Australia?,Apakah mencari tumpangan dilarang di Australia?,(SQ (VBZ Is) (NP (NN hitchhiking)) (VP (VBN prohibited) (PP (IN in) (NP (NNP Australia)))) (. ?)),simple,is hitchhiking prohibited in australia ?,apakah mencari tumpangan dilarang di australia ?
2331,Halloween is celebrated in October.,Halloween dirayakan pada bulan Oktober.,(S (NP (NNP Halloween)) (VP (VBZ is) (VP (VBN celebrated) (PP (IN in) (NP (NNP October))))) (. .)),simple,halloween is celebrated in october .,halloween dirayakan pada bulan oktober .
3680,The table takes up a lot of space in this room.,Meja itu makan banyak tempat di ruangan ini.,(S (NP (DT The) (NN table)) (VP (VBZ takes) (PRT (RP up)) (NP (NP (DT a) (NN lot)) (PP (IN of) (NP (NN space)))) (PP (IN in) (NP (DT this) (NN room)))) (. .)),simple,the table takes up a lot of space in this room .,meja itu makan banyak tempat di ruangan ini .
797,Tom reached for his cane.,Tom meraih tongkatnya.,(S (NP (NNP Tom)) (VP (VBD reached) (PP (IN for) (NP (PRP$ his) (NN cane)))) (. .)),simple,tom reached for his cane .,tom meraih tongkatnya .
3348,Let's discuss these problems one at a time.,Mari kita diskusikan masalah-masalah ini satu demi satu.,(S (VP (VB Let) (S (NP (PRP 's)) (VP (VB discuss) (NP (DT these) (NNS problems)) (NP (NP (CD one)) (PP (IN at) (NP (DT a) (NN time))))))) (. .)),simple,let s discuss these problems one at a time .,mari kita diskusikan masalah masalah ini satu demi satu .
225,Tom is here with us.,Tom di sini bersama kami.,(S (NP (NNP Tom)) (VP (VBZ is) (ADVP (RB here)) (PP (IN with) (NP (PRP us)))) (. .)),simple,tom is here with us .,tom di sini bersama kami .
2074,Please move your car out of here.,Tolong pindahkan mobil Anda dari sini.,(S (VB Please) (VP (VB move) (NP (PRP$ your) (NN car)) (PP (IN out) (PP (IN of) (ADVP (RB here))))) (. .)),simple,please move your car out of here .,tolong pindahkan mobil anda dari sini .
3354,My brother is holding a camera in his hand.,Kakakku memegang sebuah kamera di tangannya.,(S (NP (PRP$ My) (NN brother)) (VP (VBZ is) (VP (VBG holding) (NP (DT a) (NN camera)) (PP (IN in) (NP (PRP$ his) (NN hand))))) (. .)),simple,my brother is holding a camera in his hand .,kakakku memegang sebuah kamera di tangannya .
1799,Who will take care of the baby?,Siapa yang akan merawat bayinya?,(SBARQ (WHNP (WP Who)) (SQ (MD will) (VP (VB take) (NP (NN care)) (PP (IN of) (NP (DT the) (NN baby))))) (. ?)),simple,who will take care of the baby ?,siapa yang akan merawat bayinya ?
2485,Did you go to your high school prom?,Apakah kamu pergi ke pesta perpisahan SMA-mu?,(SQ (VBD Did) (NP (PRP you)) (VP (VB go) (PP (IN to) (NP (PRP$ your) (NML (JJ high) (NN school)) (NN prom)))) (. ?)),simple,did you go to your high school prom ?,apakah kamu pergi ke pesta perpisahan sma mu ?
562,He asked for more money.,Dia meminta lebih banyak uang.,(S (NP (PRP He)) (VP (VBD asked) (PP (IN for) (NP (JJR more) (NN money)))) (. .)),simple,he asked for more money .,dia meminta lebih banyak uang .
3436,I stopped smoking for the sake of my health.,Aku berhenti merokok demi kesehatanku.,(S (NP (PRP I)) (VP (VBD stopped) (S (VP (VBG smoking))) (PP (IN for) (NP (NP (DT the) (NN sake)) (PP (IN of) (NP (PRP$ my) (NN health)))))) (. .)),simple,i stopped smoking for the sake of my health .,aku berhenti merokok demi kesehatanku .
2277,Tom is the head of our department.,Tom adalah kepala departemen kami.,(S (NP (NNP Tom)) (VP (VBZ is) (NP (NP (DT the) (NN head)) (PP (IN of) (NP (PRP$ our) (NN department))))) (. .)),simple,tom is the head of our department .,tom adalah kepala departemen kami .
2085,The planes flew over the village.,Pesawat-pesawat itu terbang di atas desa.,(S (NP (DT The) (NNS planes)) (VP (VBD flew) (PP (IN over) (NP (DT the) (NN village)))) (. .)),simple,the planes flew over the village .,pesawat pesawat itu terbang di atas desa .
1693,I wanted to get a lot of money.,Saya ingin mendapatkan uang yang banyak.,(S (NP (PRP I)) (VP (VBD wanted) (S (VP (TO to) (VP (VB get) (NP (NP (DT a) (NN lot)) (PP (IN of) (NP (NN money)))))))) (. .)),simple,i wanted to get a lot of money .,saya ingin mendapatkan uang yang banyak .
2797,I've just had new tires put on my car.,Aku baru saja memasang ban baru pada mobilku.,(S (NP (PRP I)) (VP (VBP 've) (ADVP (RB just)) (VP (VBN had) (S (NP (JJ new) (NNS tires)) (VP (VBN put) (PP (IN on) (NP (PRP$ my) (NN car))))))) (. .)),simple,i ve just had new tires put on my car .,aku baru saja memasang ban baru pada mobilku .
1045,I'm not afraid of the cops.,Aku tidak takut dengan polisi.,(S (NP (PRP I)) (VP (VBP 'm) (RB not) (ADJP (JJ afraid) (PP (IN of) (NP (DT the) (NNS cops))))) (. .)),simple,i m not afraid of the cops .,aku tidak takut dengan polisi .
3446,I've been waiting for you since two o'clock.,Aku sudah menunggumu sejak pukul dua.,(S (NP (PRP I)) (VP (VBP 've) (VP (VBN been) (VP (VBG waiting) (PP (IN for) (NP (PRP you))) (PP (IN since) (NP (CD two) (NN o'clock)))))) (. .)),simple,i ve been waiting for you since two o clock .,aku sudah menunggumu sejak pukul dua .
469,I'll be going with you.,Aku akan pergi denganmu.,(S (NP (PRP I)) (VP (MD 'll) (VP (VB be) (VP (VBG going) (PP (IN with) (NP (PRP you)))))) (. .)),simple,i ll be going with you .,aku akan pergi denganmu .
3954,There are still a lot of things that have to be done.,Masih ada banyak hal yang harus dilakukan.,(S (NP (EX There)) (VP (VBP are) (ADVP (RB still)) (NP (NP (DT a) (NN lot)) (PP (IN of) (NP (NP (NNS things)) (SBAR (WHNP (WDT that)) (S (VP (VBP have) (S (VP (TO to) (VP (VB be) (VP (VBN done)))))))))))) (. .)),complex,there are still a lot of things that have to be done .,masih ada banyak hal yang harus dilakukan .
954,We got on the wrong train.,Kita naik kereta yang salah.,(S (NP (PRP We)) (VP (VBD got) (PP (IN on) (NP (DT the) (JJ wrong) (NN train)))) (. .)),simple,we got on the wrong train .,kita naik kereta yang salah .
459,I saw it in a magazine.,Aku melihatnya pada sebuah majalah.,(S (NP (PRP I)) (VP (VBD saw) (NP (PRP it)) (PP (IN in) (NP (DT a) (NN magazine)))) (. .)),simple,i saw it in a magazine .,aku melihatnya pada sebuah majalah .
2735,Tom went back to Australia last week.,Tom kembali ke Australia minggu lalu.,(S (NP (NNP Tom)) (VP (VBD went) (ADVP (RB back) (PP (IN to) (NP (NNP Australia)))) (NP (JJ last) (NN week))) (. .)),simple,tom went back to australia last week .,tom kembali ke australia minggu lalu .
4214,Tom can meet you at the airport if you let him know your arrival time.,Tom bisa menemuimu di bandara jika kamu memberitahukannya waktu kedatanganmu.,(S (NP (NNP Tom)) (VP (MD can) (VP (VB meet) (NP (PRP you)) (PP (IN at) (NP (DT the) (NN airport))) (SBAR (IN if) (S (NP (PRP you)) (VP (VBP let) (S (NP (PRP him)) (VP (VB know) (NP (PRP$ your) (NN arrival) (NN time))))))))) (. .)),complex,tom can meet you at the airport if you let him know your arrival time .,tom bisa menemuimu di bandara jika kamu memberitahukannya waktu kedatanganmu .
639,Tom has been good to me.,Tom selalu baik kepadaku.,(S (NP (NNP Tom)) (VP (VBZ has) (VP (VBN been) (ADJP (JJ good)) (PP (IN to) (NP (PRP me))))) (. .)),simple,tom has been good to me .,tom selalu baik kepadaku .
400,Take care of yourself.,Jaga dirimu sendiri.,(S (VP (VB Take) (NP (NN care)) (PP (IN of) (NP (PRP yourself)))) (. .)),simple,take care of yourself .,jaga dirimu sendiri .
1218,The meeting begins at three.,Rapatnya akan dimulai pada pukul tiga.,(S (NP (DT The) (NN meeting)) (VP (VBZ begins) (PP (IN at) (NP (CD three)))) (. .)),simple,the meeting begins at three .,rapatnya akan dimulai pada pukul tiga .
1158,I usually go to bed at nine.,Aku biasanya pergi tidur jam sembilan.,(S (NP (PRP I)) (ADVP (RB usually)) (VP (VBP go) (PP (IN to) (NP (NN bed))) (PP (IN at) (NP (CD nine)))) (. .)),simple,i usually go to bed at nine .,aku biasanya pergi tidur jam sembilan .
1415,This fork is made of plastic.,Garpu ini terbuat dari plastik.,(S (NP (DT This) (NN fork)) (VP (VBZ is) (VP (VBN made) (PP (IN of) (NP (NN plastic))))) (. .)),simple,this fork is made of plastic .,garpu ini terbuat dari plastik .
4087,"While I was waiting for the bus, I saw a traffic accident.","Saat aku sedang menunggu bus, aku melihat kecelakaan lalu lintas.","(S (SBAR (IN While) (S (NP (PRP I)) (VP (VBD was) (VP (VBG waiting) (PP (IN for) (NP (DT the) (NN bus))))))) (, ,) (NP (PRP I)) (VP (VBD saw) (NP (DT a) (NN traffic) (NN accident))) (. .))",complex,while i was waiting for the bus i saw a traffic accident .,saat aku sedang menunggu bus aku melihat kecelakaan lalu lintas .
1527,I'm going to Europe next week.,aku akan pergi ke Eropa minggu depan,(S (NP (PRP I)) (VP (VBP 'm) (VP (VBG going) (PP (IN to) (NP (NNP Europe))) (NP (JJ next) (NN week)))) (. .)),simple,i m going to europe next week .,aku akan pergi ke eropa minggu depan
3987,Tom put off his wedding because of a traffic accident.,Tom membatalkan pernikahannya karena kecelakaan lalu-lintas.,(S (NP (NNP Tom)) (VP (VBD put) (PRT (RP off)) (NP (PRP$ his) (NN wedding)) (PP (IN because) (IN of) (NP (DT a) (NN traffic) (NN accident)))) (. .)),simple,tom put off his wedding because of a traffic accident .,tom membatalkan pernikahannya karena kecelakaan lalu lintas .
815,We talked over the phone.,Kami berbicara melalui telepon.,(S (NP (PRP We)) (VP (VBD talked) (PP (IN over) (NP (DT the) (NN phone)))) (. .)),simple,we talked over the phone .,kami berbicara melalui telepon .
1300,Do you want to dance with me?,Maukah kamu menari denganku?,(SQ (VBP Do) (NP (PRP you)) (VP (VB want) (S (VP (TO to) (VP (VB dance) (PP (IN with) (NP (PRP me))))))) (. ?)),simple,do you want to dance with me ?,maukah kamu menari denganku ?
397,She isn't at home now.,Dia sekarang tidak ada di rumah.,(S (NP (PRP She)) (VP (VBZ is) (RB n't) (PP (IN at) (NP (NN home))) (ADVP (RB now))) (. .)),simple,she isn t at home now .,dia sekarang tidak ada di rumah .
2848,Tom drinks black coffee without sugar.,Tom minum kopi hitam tanpa gula.,(S (NP (NNP Tom)) (VP (VBZ drinks) (NP (JJ black) (NN coffee)) (PP (IN without) (NP (NN sugar)))) (. .)),simple,tom drinks black coffee without sugar .,tom minum kopi hitam tanpa gula .
1603,Tom has a lot of screwdrivers.,Tom punya banyak obeng.,(S (NP (NNP Tom)) (VP (VBZ has) (NP (NP (DT a) (NN lot)) (PP (IN of) (NP (NNS screwdrivers))))) (. .)),simple,tom has a lot of screwdrivers .,tom punya banyak obeng .
160,I'm going with you.,Aku akan pergi denganmu.,(S (NP (PRP I)) (VP (VBP 'm) (VP (VBG going) (PP (IN with) (NP (PRP you))))) (. .)),simple,i m going with you .,aku akan pergi denganmu .
4067,You will save yourself a lot of time if you take the car.,Kau akan menghemat banyak waktu jika menggunakan mobil.,(S (NP (PRP You)) (VP (MD will) (VP (VB save) (NP (PRP yourself)) (NP (NP (DT a) (NN lot)) (PP (IN of) (NP (NN time)))) (SBAR (IN if) (S (NP (PRP you)) (VP (VBP take) (NP (DT the) (NN car))))))) (. .)),complex,you will save yourself a lot of time if you take the car .,kau akan menghemat banyak waktu jika menggunakan mobil .
1704,I'm waiting for you in the car.,Aku menunggumu di dalam mobil.,(S (NP (PRP I)) (VP (VBP 'm) (VP (VBG waiting) (PP (IN for) (NP (PRP you))) (PP (IN in) (NP (DT the) (NN car))))) (. .)),simple,i m waiting for you in the car .,aku menunggumu di dalam mobil .
956,We had a lot of furniture.,Kami memiliki banyak sekali furnitur.,(S (NP (PRP We)) (VP (VBD had) (NP (NP (DT a) (NN lot)) (PP (IN of) (NP (NN furniture))))) (. .)),simple,we had a lot of furniture .,kami memiliki banyak sekali furnitur .
3791,The bus rattled as it drove along the bumpy road.,Bus itu berderak-derak saat melaju di sepanjang jalan bergelombang itu.,(S (NP (DT The) (NN bus)) (VP (VBD rattled) (SBAR (IN as) (S (NP (PRP it)) (VP (VBD drove) (PP (IN along) (NP (DT the) (JJ bumpy) (NN road))))))) (. .)),complex,the bus rattled as it drove along the bumpy road .,bus itu berderak derak saat melaju di sepanjang jalan bergelombang itu .
3234,He thinks that his success is due to luck.,Dia menganggap kalau keberhasilannya adalah karena keberuntungan.,(S (NP (PRP He)) (VP (VBZ thinks) (SBAR (IN that) (S (NP (PRP$ his) (NN success)) (VP (VBZ is) (PP (IN due) (IN to) (NP (NN luck))))))) (. .)),complex,he thinks that his success is due to luck .,dia menganggap kalau keberhasilannya adalah karena keberuntungan .
2869,Who is the oldest person in the world?,Siapakah orang tertua di dunia?,(SBARQ (WHNP (WP Who)) (SQ (VP (VBZ is) (NP (NP (DT the) (JJS oldest) (NN person)) (PP (IN in) (NP (DT the) (NN world)))))) (. ?)),simple,who is the oldest person in the world ?,siapakah orang tertua di dunia ?
3777,Let's talk about what we're going to do about it.,Mari kita bicara tentang apa yang akan kita lakukan dengan hal itu.,(S (VP (VB Let) (S (NP (PRP 's)) (VP (VB talk) (PP (IN about) (SBAR (WHNP (WP what)) (S (NP (PRP we)) (VP (VBP 're) (VP (VBG going) (S (VP (TO to) (VP (VB do) (PP (IN about) (NP (PRP it)))))))))))))) (. .)),complex,let s talk about what we re going to do about it .,mari kita bicara tentang apa yang akan kita lakukan dengan hal itu .
4232,"I must have tried on everything in the shop, but nothing looked right on me.","Aku sudah mencoba semuanya yang ada di toko, tapi tidak ada yang cocok denganku.","(S (S (NP (PRP I)) (VP (MD must) (VP (VB have) (VP (VBN tried) (PP (IN on) (NP (NP (NN everything)) (PP (IN in) (NP (DT the) (NN shop))))))))) (, ,) (CC but) (S (NP (NN nothing)) (VP (VBD looked) (ADVP (RB right)) (PP (IN on) (NP (PRP me))))) (. .))",compound,i must have tried on everything in the shop but nothing looked right on me .,aku sudah mencoba semuanya yang ada di toko tapi tidak ada yang cocok denganku .
877,I saw you with a tall boy.,Aku melihatmu bersama anak laki-laki yang badannya tinggi.,(S (NP (PRP I)) (VP (VBD saw) (NP (PRP you)) (PP (IN with) (NP (DT a) (JJ tall) (NN boy)))) (. .)),simple,i saw you with a tall boy .,aku melihatmu bersama anak laki laki yang badannya tinggi .
1919,There isn't anything in the box.,Tidak ada apa-apa di dalam kotak.,(S (NP (EX There)) (VP (VBZ is) (RB n't) (NP (NN anything)) (PP (IN in) (NP (DT the) (NN box)))) (. .)),simple,there isn t anything in the box .,tidak ada apa apa di dalam kotak .
2961,This is the reason I disagree with you.,Ini adalah alasan kenapa saya kurang setuju dengan Anda.,(S (NP (DT This)) (VP (VBZ is) (NP (NP (DT the) (NN reason)) (SBAR (S (NP (PRP I)) (VP (VBP disagree) (PP (IN with) (NP (PRP you)))))))) (. .)),complex,this is the reason i disagree with you .,ini adalah alasan kenapa saya kurang setuju dengan anda .
1884,Is there a problem with my work?,Apakah ada masalah dengan pekerjaan saya?,(SQ (VBZ Is) (NP (EX there)) (NP (NP (DT a) (NN problem)) (PP (IN with) (NP (PRP$ my) (NN work)))) (. ?)),simple,is there a problem with my work ?,apakah ada masalah dengan pekerjaan saya ?
2200,I must get the book back from him.,Aku harus mengambil kembali bukuku darinya.,(S (NP (PRP I)) (VP (MD must) (VP (VB get) (NP (DT the) (NN book)) (ADVP (RB back)) (PP (IN from) (NP (PRP him))))) (. .)),simple,i must get the book back from him .,aku harus mengambil kembali bukuku darinya .
98,"Hey, listen to me.","Hei, dengarkan aku.","(S (INTJ (UH Hey)) (, ,) (VP (VB listen) (PP (IN to) (NP (PRP me)))) (. .))",simple,hey listen to me .,hei dengarkan aku .
1496,How did your date with Tom go?,Bagaimana kencanmu dengan Tom?,(SBARQ (WHADVP (WRB How)) (SQ (VBD did) (NP (NP (PRP$ your) (NN date)) (PP (IN with) (NP (NNP Tom)))) (VP (VB go))) (. ?)),simple,how did your date with tom go ?,bagaimana kencanmu dengan tom ?
2557,She starts her job at seven o'clock.,Dia mulai bekerja pada Pukul tujuh.,(S (NP (PRP She)) (VP (VBZ starts) (NP (PRP$ her) (NN job)) (PP (IN at) (NP (CD seven) (NN o'clock)))) (. .)),simple,she starts her job at seven o clock .,dia mulai bekerja pada pukul tujuh .
3183,There is too much furniture in this room.,Ada terlalu banyak perabotan di ruangan ini.,(S (NP (EX There)) (VP (VBZ is) (NP (ADJP (RB too) (JJ much)) (NN furniture)) (PP (IN in) (NP (DT this) (NN room)))) (. .)),simple,there is too much furniture in this room .,ada terlalu banyak perabotan di ruangan ini .
3298,What you're doing is just a waste of time.,Apa yang kau lakukan itu hanya membuang-buang waktu.,(S (SBAR (WHNP (WP What)) (S (NP (PRP you)) (VP (VBP 're) (VP (VBG doing))))) (VP (VBZ is) (NP (NP (RB just) (DT a) (NN waste)) (PP (IN of) (NP (NN time))))) (. .)),complex,what you re doing is just a waste of time .,apa yang kau lakukan itu hanya membuang buang waktu .
253,He has lots of money.,Dia punya banyak uang.,(S (NP (PRP He)) (VP (VBZ has) (NP (NP (NNS lots)) (PP (IN of) (NP (NN money))))) (. .)),simple,he has lots of money .,dia punya banyak uang .
3923,"After eating, the first thing I do is brush my teeth.","Setelah makan, hal pertama yang aku lakukan adalah menggosok gigi.","(S (PP (IN After) (S (VP (VBG eating)))) (, ,) (NP (NP (DT the) (JJ first) (NN thing)) (SBAR (S (NP (PRP I)) (VP (VBP do))))) (VP (VBZ is) (VP (VB brush) (NP (PRP$ my) (NNS teeth)))) (. .))",complex,after eating the first thing i do is brush my teeth .,setelah makan hal pertama yang aku lakukan adalah menggosok gigi .
1445,UN stands for United Nations.,PBB adalah singkatan dari Perserikatan Bangsa-Bangsa.,(S (NP (NNP UN)) (VP (VBZ stands) (PP (IN for) (NP (NNP United) (NNPS Nations)))) (. .)),simple,un stands for united nations .,pbb adalah singkatan dari perserikatan bangsa bangsa .
1648,He drank detergent by accident.,Dia tidak sengaja meminum detergen.,(S (NP (PRP He)) (VP (VBD drank) (NP (NN detergent)) (PP (IN by) (NP (NN accident)))) (. .)),simple,he drank detergent by accident .,dia tidak sengaja meminum detergen .
3991,What are the animals that you can see in this picture?,Hewan-hewan apa saja yang bisa Anda lihat di gambar ini?,(SBARQ (WHNP (WP What)) (SQ (VP (VBP are) (NP (NP (DT the) (NNS animals)) (SBAR (WHNP (WDT that)) (S (NP (PRP you)) (VP (MD can) (VP (VB see) (PP (IN in) (NP (DT this) (NN picture)))))))))) (. ?)),complex,what are the animals that you can see in this picture ?,hewan hewan apa saja yang bisa anda lihat di gambar ini ?
1696,I was born with twelve fingers.,Saya lahir dengan dua belas jari.,(S (NP (PRP I)) (VP (VBD was) (VP (VBN born) (PP (IN with) (NP (CD twelve) (NNS fingers))))) (. .)),simple,i was born with twelve fingers .,saya lahir dengan dua belas jari .
3191,Three people were killed in the accident.,Tiga orang tewas dalam kecelakaan tersebut.,(S (NP (CD Three) (NNS people)) (VP (VBD were) (VP (VBN killed) (PP (IN in) (NP (DT the) (NN accident))))) (. .)),simple,three people were killed in the accident .,tiga orang tewas dalam kecelakaan tersebut .
1154,I invited them to the party.,Aku mengundang mereka ke pesta.,(S (NP (PRP I)) (VP (VBD invited) (NP (PRP them)) (PP (IN to) (NP (DT the) (NN party)))) (. .)),simple,i invited them to the party .,aku mengundang mereka ke pesta .
2255,There are ten people in this room.,Ada sepuluh orang di ruangan ini.,(S (NP (EX There)) (VP (VBP are) (NP (CD ten) (NNS people)) (PP (IN in) (NP (DT this) (NN room)))) (. .)),simple,there are ten people in this room .,ada sepuluh orang di ruangan ini .
1682,I like the taste of watermelon.,Aku suka rasanya semangka.,(S (NP (PRP I)) (VP (VBP like) (NP (NP (DT the) (NN taste)) (PP (IN of) (NP (NN watermelon))))) (. .)),simple,i like the taste of watermelon .,aku suka rasanya semangka .
3170,The apple doesn't fall far from the tree.,Rebung tidak jauh dari rumpun,(S (NP (DT The) (NN apple)) (VP (VBZ does) (RB n't) (VP (VB fall) (ADVP (RB far) (PP (IN from) (NP (DT the) (NN tree)))))) (. .)),simple,the apple doesn t fall far from the tree .,rebung tidak jauh dari rumpun
2056,I'm sure that he'll come on time.,Aku yakin dia akan tiba tepat waktu.,(S (NP (PRP I)) (VP (VBP 'm) (ADJP (JJ sure) (SBAR (IN that) (S (NP (PRP he)) (VP (MD 'll) (VP (VB come) (PP (IN on) (NP (NN time))))))))) (. .)),complex,i m sure that he ll come on time .,aku yakin dia akan tiba tepat waktu .
4090,Are you going to tell Tom that you've spent time in prison?,Akankah kau katakan pada Tom bahwa kamu pernah dipenjara?,(SQ (VBP Are) (NP (PRP you)) (VP (VBG going) (S (VP (TO to) (VP (VB tell) (NP (NNP Tom)) (SBAR (IN that) (S (NP (PRP you)) (VP (VBP 've) (VP (VBN spent) (NP (NN time)) (PP (IN in) (NP (NN prison))))))))))) (. ?)),complex,are you going to tell tom that you ve spent time in prison ?,akankah kau katakan pada tom bahwa kamu pernah dipenjara ?
3108,Cats have the ability to see in the dark.,Kucing punya kemampuan melihat dalam gelap.,(S (NP (NNS Cats)) (VP (VBP have) (NP (DT the) (NN ability) (S (VP (TO to) (VP (VB see) (PP (IN in) (NP (DT the) (JJ dark)))))))) (. .)),simple,cats have the ability to see in the dark .,kucing punya kemampuan melihat dalam gelap .
3723,I remember hearing a very similar story to that.,Aku ingat pernah mendengar cerita yang sangat mirip dengan itu.,(S (NP (PRP I)) (VP (VBP remember) (S (VP (VBG hearing) (NP (NP (DT a) (ADJP (RB very) (JJ similar)) (NN story)) (PP (IN to) (NP (DT that))))))) (. .)),simple,i remember hearing a very similar story to that .,aku ingat pernah mendengar cerita yang sangat mirip dengan itu .
2049,I'll drop you off at the station.,Saya akan menurunkanmu di stasiun.,(S (NP (PRP I)) (VP (MD 'll) (VP (VB drop) (NP (PRP you)) (PRT (RP off)) (PP (IN at) (NP (DT the) (NN station))))) (. .)),simple,i ll drop you off at the station .,saya akan menurunkanmu di stasiun .
3643,Would it be OK if I discussed it with my wife?,Bolehkah kalau saya diskusikan dengan istri saya?,(SQ (MD Would) (NP (NP (PRP it))) (VP (VB be) (ADJP (JJ OK)) (SBAR (IN if) (S (NP (PRP I)) (VP (VBD discussed) (NP (PRP it)) (PP (IN with) (NP (PRP$ my) (NN wife))))))) (. ?)),complex,would it be ok if i discussed it with my wife ?,bolehkah kalau saya diskusikan dengan istri saya ?
4233,It would take me too much time to explain to you why it's not going to work.,Akan membutuhkan waktu yang terlalu lama untuk menjelaskan kepadamu mengapa hal ini tidak akan berhasil.,(S (NP (NP (PRP It))) (VP (MD would) (VP (VB take) (NP (PRP me)) (NP (NP (ADJP (RB too) (JJ much)) (NN time)) (S (VP (TO to) (VP (VB explain) (PP (IN to) (NP (PRP you))) (SBAR (WHADVP (WRB why)) (S (NP (PRP it)) (VP (VBZ 's) (RB not) (VP (VBG going) (S (VP (TO to) (VP (VB work)))))))))))))) (. .)),complex,it would take me too much time to explain to you why it s not going to work .,akan membutuhkan waktu yang terlalu lama untuk menjelaskan kepadamu mengapa hal ini tidak akan berhasil .
623,The bird is in its nest.,Burung itu ada di sarangnya.,(S (NP (DT The) (NN bird)) (VP (VBZ is) (PP (IN in) (NP (PRP$ its) (NN nest)))) (. .)),simple,the bird is in its nest .,burung itu ada di sarangnya .
262,I agree to this plan.,Saya setuju pada rencana ini.,(S (NP (PRP I)) (VP (VBP agree) (PP (IN to) (NP (DT this) (NN plan)))) (. .)),simple,i agree to this plan .,saya setuju pada rencana ini .
3369,She'll spend the next four years in prison.,Dia akan menghabiskan empat tahun berikutnya di dalam penjara.,(S (NP (PRP She)) (VP (MD 'll) (VP (VB spend) (NP (DT the) (JJ next) (CD four) (NNS years)) (PP (IN in) (NP (NN prison))))) (. .)),simple,she ll spend the next four years in prison .,dia akan menghabiskan empat tahun berikutnya di dalam penjara .
4061,Tom made a promise to Mary that he would never leave her.,Tom berjanji kepada Mary untuk tidak meninggalkannya.,(S (NP (NNP Tom)) (VP (VBD made) (NP (DT a) (NN promise)) (PP (IN to) (NP (NNP Mary))) (SBAR (IN that) (S (NP (PRP he)) (VP (MD would) (ADVP (RB never)) (VP (VB leave) (NP (PRP her))))))) (. .)),complex,tom made a promise to mary that he would never leave her .,tom berjanji kepada mary untuk tidak meninggalkannya .
1802,Will you stay here for a while?,Maukah kalian tinggal di sini sementara?,(SQ (MD Will) (NP (PRP you)) (VP (VB stay) (ADVP (RB here)) (PP (IN for) (NP (DT a) (NN while)))) (. ?)),simple,will you stay here for a while ?,maukah kalian tinggal di sini sementara ?
4292,"If you'd listen a little more carefully to what the teacher says, you'd probably be able to understand.","Jika kamu mendengarkan penjelasan pak guru dengan lebih baik lagi, kemungkinan kamu akan bisa memahaminya.","(S (SBAR (IN If) (S (NP (PRP you)) (VP (MD 'd) (VP (VB listen) (ADVP (NP (NP (DT a) (JJ little)) (RBR more)) (RB carefully)) (PP (IN to) (SBAR (WHNP (WP what)) (S (NP (DT the) (NN teacher)) (VP (VBZ says))))))))) (, ,) (NP (PRP you)) (VP (MD 'd) (ADVP (RB probably)) (VP (VB be) (ADJP (JJ able) (S (VP (TO to) (VP (VB understand))))))) (. .))",complex,if you d listen a little more carefully to what the teacher says you d probably be able to understand .,jika kamu mendengarkan penjelasan pak guru dengan lebih baik lagi kemungkinan kamu akan bisa memahaminya .
2385,Is your school far from your house?,Apakah sekolahmu jauh dari rumahmu?,(SQ (VBZ Is) (NP (PRP$ your) (NN school)) (ADVP (RB far) (PP (IN from) (NP (PRP$ your) (NN house)))) (. ?)),simple,is your school far from your house ?,apakah sekolahmu jauh dari rumahmu ?
1959,Tom thanked Mary for her advice.,Tom berterima kasih kepada Mary atas sarannya.,(S (NP (NNP Tom)) (VP (VBD thanked) (NP (NNP Mary)) (PP (IN for) (NP (PRP$ her) (NN advice)))) (. .)),simple,tom thanked mary for her advice .,tom berterima kasih kepada mary atas sarannya .
2976,Tom knocked on the door to Mary's room.,Tom mengetuk pintu kamar Mary.,(S (NP (NNP Tom)) (VP (VBD knocked) (PP (IN on) (NP (NP (DT the) (NN door)) (PP (IN to) (NP (NP (NNP Mary) (POS 's)) (NN room)))))) (. .)),simple,tom knocked on the door to mary s room .,tom mengetuk pintu kamar mary .
488,She got married to him.,Ia menikah dengannya.,(S (NP (PRP She)) (VP (VBD got) (VP (VBN married) (PP (IN to) (NP (PRP him))))) (. .)),simple,she got married to him .,ia menikah dengannya .
1843,How's it going with you and Tom?,Bagaimana hubunganmu dengan Tom?,(SBARQ (WHADVP (WRB How)) (SQ (VBZ 's) (NP (PRP it)) (VP (VBG going) (PP (IN with) (NP (NP (PRP you)) (CC and) (NP (NNP Tom)))))) (. ?)),simple,how s it going with you and tom ?,bagaimana hubunganmu dengan tom ?
1734,The custom originated in China.,Adat istiadat ini berasal dari Cina.,(S (NP (DT The) (NN custom)) (VP (VBD originated) (PP (IN in) (NP (NNP China)))) (. .)),simple,the custom originated in china .,adat istiadat ini berasal dari cina .
2911,I expand my knowledge by reading books.,Aku memperluas wawasanku dengan membaca buku.,(S (NP (PRP I)) (VP (VBP expand) (NP (PRP$ my) (NN knowledge)) (PP (IN by) (S (VP (VBG reading) (NP (NNS books)))))) (. .)),simple,i expand my knowledge by reading books .,aku memperluas wawasanku dengan membaca buku .
3219,"You were a soldier during the war, right?",Kau dulu seorang tentara kan waktu perang itu terjadi?,"(S (NP (PRP You)) (VP (VBD were) (NP (DT a) (NN soldier)) (PP (IN during) (NP (DT the) (NN war))) (, ,) (ADVP (RB right))) (. ?))",simple,you were a soldier during the war right ?,kau dulu seorang tentara kan waktu perang itu terjadi ?
146,Hold on one second.,Tunggu sebentar.,(S (VP (VB Hold) (PP (PRT (RP on)) (NP (CD one) (NN second)))) (. .)),simple,hold on one second .,tunggu sebentar .
1986,Who did you hear this news from?,Dari siapa kamu mendengar berita ini?,(SBARQ (WHNP (WP Who)) (SQ (VBD did) (NP (PRP you)) (VP (VB hear) (NP (DT this) (NN news)) (PP (IN from)))) (. ?)),simple,who did you hear this news from ?,dari siapa kamu mendengar berita ini ?
1369,Is there a hotel around here?,Apakah ada hotel di sekitar sini?,(SQ (VBZ Is) (NP (EX there)) (NP (DT a) (NN hotel)) (PP (IN around) (ADVP (RB here))) (. ?)),simple,is there a hotel around here ?,apakah ada hotel di sekitar sini ?
2811,Pick up that paper there on the floor.,Pungutlah kertas yang ada diatas lantai.,(S (VP (VB Pick) (PRT (RP up)) (NP (DT that) (NN paper)) (ADVP (RB there)) (PP (IN on) (NP (DT the) (NN floor)))) (. .)),simple,pick up that paper there on the floor .,pungutlah kertas yang ada diatas lantai .
659,We should wait for help.,Kita harus menunggu datangnya bantuan.,(S (NP (PRP We)) (VP (MD should) (VP (VB wait) (PP (IN for) (NP (NN help))))) (. .)),simple,we should wait for help .,kita harus menunggu datangnya bantuan .
1794,What did you do on the weekend?,Apa yang kau lakukan di akhir pekan?,(SBARQ (WHNP (WP What)) (SQ (VBD did) (NP (PRP you)) (VP (VB do) (PP (IN on) (NP (DT the) (NN weekend))))) (. ?)),simple,what did you do on the weekend ?,apa yang kau lakukan di akhir pekan ?
2511,I can't put up with this any longer.,Aku sudah tidak tahan dengan hal ini.,(S (NP (PRP I)) (VP (MD ca) (RB n't) (VP (VB put) (PRT (RP up)) (PP (IN with) (NP (DT this))) (ADVP (DT any) (RBR longer)))) (. .)),simple,i can t put up with this any longer .,aku sudah tidak tahan dengan hal ini .
3397,Tom hasn't had a fight with anybody lately.,Tom tidak berkelahi dengan siapa pun akhir-akhir ini.,(S (NP (NNP Tom)) (VP (VBZ has) (RB n't) (VP (VBD had) (NP (NP (DT a) (NN fight)) (PP (IN with) (NP (NN anybody)))) (ADVP (RB lately)))) (. .)),simple,tom hasn t had a fight with anybody lately .,tom tidak berkelahi dengan siapa pun akhir akhir ini .
1147,I arrived in Boston at 2:30.,Aku tiba di Boston pukul 2.30.,(S (NP (PRP I)) (VP (VBD arrived) (PP (IN in) (NP (NNP Boston))) (PP (IN at) (NP (CD 2:30)))) (. .)),simple,i arrived in boston at .,aku tiba di boston pukul . .
3272,There wasn't a single picture on the wall.,Tidak ada satu gambar pun di dinding.,(S (NP (EX There)) (VP (VBD was) (RB n't) (NP (DT a) (JJ single) (NN picture)) (PP (IN on) (NP (DT the) (NN wall)))) (. .)),simple,there wasn t a single picture on the wall .,tidak ada satu gambar pun di dinding .
608,My house is by the lake.,Rumah saya berada di tepi danau.,(S (NP (PRP$ My) (NN house)) (VP (VBZ is) (PP (IN by) (NP (DT the) (NN lake)))) (. .)),simple,my house is by the lake .,rumah saya berada di tepi danau .
3582,I don't know for certain when he'll come back.,Saya tidak tahu pasti kapan dia akan kembali.,(S (NP (PRP I)) (VP (VBP do) (RB n't) (VP (VB know) (PP (IN for) (ADJP (JJ certain))) (SBAR (WHADVP (WRB when)) (S (NP (PRP he)) (VP (MD 'll) (VP (VB come) (ADVP (RB back)))))))) (. .)),complex,i don t know for certain when he ll come back .,saya tidak tahu pasti kapan dia akan kembali .
1930,Tom answered in the affirmative.,Tom menyetujuinya.,(S (NP (NNP Tom)) (VP (VBD answered) (PP (IN in) (NP (DT the) (NN affirmative)))) (. .)),simple,tom answered in the affirmative .,tom menyetujuinya .
197,I grew up in Boston.,Aku besar di Boston.,(S (NP (PRP I)) (VP (VBD grew) (PRT (RP up)) (PP (IN in) (NP (NNP Boston)))) (. .)),simple,i grew up in boston .,aku besar di boston .
2931,"Look, Tom, we don't have time for this.","Sudahlah, Tom, kita tidak punya waktu untuk hal ini.","(S (VB Look) (, ,) (NP (NNP Tom)) (, ,) (NP (PRP we)) (VP (VBP do) (RB n't) (VP (VB have) (NP (NP (NN time)) (PP (IN for) (NP (DT this)))))) (. .))",simple,look tom we don t have time for this .,sudahlah tom kita tidak punya waktu untuk hal ini .
2327,Don't be afraid of making mistakes.,Jangan takut membuat kesalahan.,(S (VP (VB Do) (RB n't) (VP (VB be) (ADJP (JJ afraid) (PP (IN of) (S (VP (VBG making) (NP (NNS mistakes)))))))) (. .)),simple,don t be afraid of making mistakes .,jangan takut membuat kesalahan .
766,People like you scare me.,Orang-orang sepertimu membuatku takut.,(S (NP (NP (NNS People)) (PP (IN like) (NP (PRP you)))) (VP (VBP scare) (NP (PRP me))) (. .)),simple,people like you scare me .,orang orang sepertimu membuatku takut .
3255,Mail service in that country is not quick.,Pelayanan surat di negara itu tidak cepat.,(S (NP (NP (NN Mail) (NN service)) (PP (IN in) (NP (DT that) (NN country)))) (VP (VBZ is) (RB not) (ADJP (JJ quick))) (. .)),simple,mail service in that country is not quick .,pelayanan surat di negara itu tidak cepat .
202,I'll go home by cab.,Saya pulang ke rumah naik taksi.,(S (NP (PRP I)) (VP (MD 'll) (VP (VB go) (ADVP (RB home)) (PP (IN by) (NP (NN cab))))) (. .)),simple,i ll go home by cab .,saya pulang ke rumah naik taksi .
3510,Did you fall in love with her at first sight?,Apa kamu jatuh cinta padanya pada pandangan pertama?,(SQ (VBD Did) (NP (PRP you)) (VP (VB fall) (PP (IN in) (NP (NP (NN love)) (PP (IN with) (NP (PRP her))))) (PP (IN at) (NP (JJ first) (NN sight)))) (. ?)),simple,did you fall in love with her at first sight ?,apa kamu jatuh cinta padanya pada pandangan pertama ?
1733,The capital of Ukraine is Kyiv.,Ibu kota Ukraina adalah Kyiv.,(S (NP (NP (DT The) (NN capital)) (PP (IN of) (NP (NNP Ukraine)))) (VP (VBZ is) (NP (NNP Kyiv))) (. .)),simple,the capital of ukraine is kyiv .,ibu kota ukraina adalah kyiv .
2777,I don't know anything about astronomy.,Aku tidak tahu apa-apa tentang astronomi.,(S (NP (PRP I)) (VP (VBP do) (RB n't) (VP (VB know) (NP (NP (NN anything)) (PP (IN about) (NP (NN astronomy)))))) (. .)),simple,i don t know anything about astronomy .,aku tidak tahu apa apa tentang astronomi .
1707,Is there anything on the floor?,Apa ada sesuatu di atas lantai?,(SQ (VBZ Is) (NP (EX there)) (NP (NP (NN anything)) (PP (IN on) (NP (DT the) (NN floor)))) (. ?)),simple,is there anything on the floor ?,apa ada sesuatu di atas lantai ?
3474,There is a cherry tree in front of my house.,Ada pohon sakura di depan rumahku.,(S (NP (EX There)) (VP (VBZ is) (NP (DT a) (NN cherry) (NN tree)) (PP (IN in) (NP (NP (NN front)) (PP (IN of) (NP (PRP$ my) (NN house)))))) (. .)),simple,there is a cherry tree in front of my house .,ada pohon sakura di depan rumahku .
854,He was condemned to death.,Dia dijatuhi hukuman mati.,(S (NP (PRP He)) (VP (VBD was) (VP (VBN condemned) (PP (IN to) (NP (NN death))))) (. .)),simple,he was condemned to death .,dia dijatuhi hukuman mati .
4097,I thought we'd never get out of the burning building alive.,Kukira kita tidak akan pernah keluar dari bangunan yang terbakar itu hidup-hidup.,(S (NP (PRP I)) (VP (VBD thought) (SBAR (S (NP (PRP we)) (VP (MD 'd) (ADVP (RB never)) (VP (VB get) (PP (IN out) (PP (IN of) (NP (DT the) (VBG burning) (NN building)))) (ADVP (JJ alive))))))) (. .)),complex,i thought we d never get out of the burning building alive .,kukira kita tidak akan pernah keluar dari bangunan yang terbakar itu hidup hidup .
2160,Do you eat lunch in the classroom?,Apa kamu makan siang di kelas?,(SQ (VBP Do) (NP (PRP you)) (VP (VB eat) (NP (NN lunch)) (PP (IN in) (NP (DT the) (NN classroom)))) (. ?)),simple,do you eat lunch in the classroom ?,apa kamu makan siang di kelas ?
698,Cats can see in the dark.,Kucing bisa melihat dalam kegelapan.,(S (NP (NNS Cats)) (VP (MD can) (VP (VB see) (PP (IN in) (NP (DT the) (JJ dark))))) (. .)),simple,cats can see in the dark .,kucing bisa melihat dalam kegelapan .
4249,"Without your support, we probably won't be able to put this plan into practice.","Tanpa bantuanmu, kami mungkin tidak akan mampu menjalankan rencana ini.","(S (PP (IN Without) (NP (PRP$ your) (NN support))) (, ,) (NP (PRP we)) (ADVP (RB probably)) (VP (MD wo) (RB n't) (VP (VB be) (ADJP (JJ able) (S (VP (TO to) (VP (VB put) (NP (DT this) (NN plan)) (PP (IN into) (NP (NN practice))))))))) (. .))",simple,without your support we probably won t be able to put this plan into practice .,tanpa bantuanmu kami mungkin tidak akan mampu menjalankan rencana ini .
2999,Bauxite is the main source of aluminium.,Bauksit adalah sumber utama aluminium.,(S (NP (NNP Bauxite)) (VP (VBZ is) (NP (NP (DT the) (JJ main) (NN source)) (PP (IN of) (NP (NN aluminium))))) (. .)),simple,bauxite is the main source of aluminium .,bauksit adalah sumber utama aluminium .
3696,"What does the word ""get"" mean in this sentence?","Apa arti kata ""get"" dalam kalimat ini?","(SBARQ (WHNP (WP What)) (SQ (VBZ does) (NP (DT the) (NN word) (`` "") (VB get) ('' "")) (VP (VB mean) (PP (IN in) (NP (DT this) (NN sentence))))) (. ?))",simple,what does the word get mean in this sentence ?,apa arti kata get dalam kalimat ini ?
1636,Are you still living in Boston?,Apakah kamu masih tinggal di Boston?,(SQ (VBP Are) (NP (PRP you)) (ADVP (RB still)) (VP (VBG living) (PP (IN in) (NP (NNP Boston)))) (. ?)),simple,are you still living in boston ?,apakah kamu masih tinggal di boston ?
3457,She couldn't convince him to ask for a loan.,Dia tidak dapat membujuknya untuk memberinya pinjaman.,(S (NP (PRP She)) (VP (MD could) (RB n't) (VP (VB convince) (NP (PRP him)) (S (VP (TO to) (VP (VB ask) (PP (IN for) (NP (DT a) (NN loan)))))))) (. .)),simple,she couldn t convince him to ask for a loan .,dia tidak dapat membujuknya untuk memberinya pinjaman .
3581,I caught sight of him escaping from that shop.,Aku melihatnya melarikan diri dari toko itu.,(S (NP (PRP I)) (VP (VBD caught) (NP (NP (NN sight)) (PP (IN of) (S (NP (PRP him)) (VP (VBG escaping) (PP (IN from) (NP (DT that) (NN shop)))))))) (. .)),simple,i caught sight of him escaping from that shop .,aku melihatnya melarikan diri dari toko itu .
1291,Are you angry at what I said?,Apakah kamu marah pada apa yang aku katakan?,(SQ (VBP Are) (NP (PRP you)) (ADJP (JJ angry) (PP (IN at) (SBAR (WHNP (WP what)) (S (NP (PRP I)) (VP (VBD said)))))) (. ?)),complex,are you angry at what i said ?,apakah kamu marah pada apa yang aku katakan ?
1853,I fell asleep with a sweater on.,Aku tertidur dengan mengenakan sebuah sweter.,(S (NP (PRP I)) (VP (VBD fell) (ADVP (JJ asleep)) (PP (IN with) (NP (NP (DT a) (NN sweater)) (ADVP (IN on))))) (. .)),simple,i fell asleep with a sweater on .,aku tertidur dengan mengenakan sebuah sweter .
3763,He went to New York as soon as he got the letter.,Ia pergi ke New York segera setelah ia menerima surat itu.,(S (NP (PRP He)) (VP (VBD went) (PP (IN to) (NP (NNP New) (NNP York))) (ADVP (ADVP (RB as) (RB soon)) (SBAR (IN as) (S (NP (PRP he)) (VP (VBD got) (NP (DT the) (NN letter))))))) (. .)),complex,he went to new york as soon as he got the letter .,ia pergi ke new york segera setelah ia menerima surat itu .
3304,"""What did Tom have for lunch?"" ""Just soup.""","""Tom makan apa siang tadi?"" ""Hanya sup.""","(SBARQ (`` "") (WHNP (WP What)) (SQ (VBD did) (NP (NNP Tom)) (VP (VB have) (PP (IN for) (NP (NN lunch))))) (. ?) ('' "") ('' ""))",simple, what did tom have for lunch ? just soup . , tom makan apa siang tadi ? hanya sup . 
4220,I assume you're not interested in playing tennis with us this afternoon.,Saya beranggapan kamu tidak ingin bermain tenis dengan kami siang ini.,(S (NP (PRP I)) (VP (VBP assume) (SBAR (S (NP (PRP you)) (VP (VBP 're) (RB not) (ADJP (JJ interested) (PP (IN in) (S (VP (VBG playing) (NP (NN tennis)) (PP (IN with) (NP (PRP us))) (NP (DT this) (NN afternoon)))))))))) (. .)),complex,i assume you re not interested in playing tennis with us this afternoon .,saya beranggapan kamu tidak ingin bermain tenis dengan kami siang ini .
3743,This is a problem you have to solve by yourself.,Ini masalah yang harus kamu selesaikan sendiri.,(S (NP (DT This)) (VP (VBZ is) (NP (NP (DT a) (NN problem)) (SBAR (S (NP (PRP you)) (VP (VBP have) (S (VP (TO to) (VP (VB solve) (PP (IN by) (NP (PRP yourself))))))))))) (. .)),complex,this is a problem you have to solve by yourself .,ini masalah yang harus kamu selesaikan sendiri .
3445,"I'm sorry, there's nothing I can do for you.","Saya mohon maaf, saya tidak bisa membantu apa-apa.","(S (S (NP (PRP I)) (VP (VBP 'm) (ADJP (JJ sorry)))) (, ,) (S (NP (EX there)) (VP (VBZ 's) (NP (NP (NN nothing)) (SBAR (S (NP (PRP I)) (VP (MD can) (VP (VB do) (PP (IN for) (NP (PRP you)))))))))) (. .))",complex,i m sorry there s nothing i can do for you .,saya mohon maaf saya tidak bisa membantu apa apa .
1998,Add sixty grams of grated cheese.,Tambahkan enam puluh gram keju parut.,(S (VP (VB Add) (NP (NP (CD sixty) (NNS grams)) (PP (IN of) (NP (JJ grated) (NN cheese))))) (. .)),simple,add sixty grams of grated cheese .,tambahkan enam puluh gram keju parut .
663,What are the rooms like?,Seperti apa kamar-kamarnya?,(SBARQ (WHNP (WP What)) (SQ (VBP are) (NP (DT the) (NNS rooms)) (PP (IN like))) (. ?)),simple,what are the rooms like ?,seperti apa kamar kamarnya ?
3748,Tom is learning to write programs in JavaScript.,Tom sedang belajar membuat program dengan JavaScript.,(S (NP (NNP Tom)) (VP (VBZ is) (VP (VBG learning) (S (VP (TO to) (VP (VB write) (NP (NNS programs)) (PP (IN in) (NP (NNP JavaScript)))))))) (. .)),simple,tom is learning to write programs in javascript .,tom sedang belajar membuat program dengan javascript .
709,Give me a bottle of wine.,Berikan aku sebotol anggur.,(S (VP (VB Give) (NP (PRP me)) (NP (NP (DT a) (NN bottle)) (PP (IN of) (NP (NN wine))))) (. .)),simple,give me a bottle of wine .,berikan aku sebotol anggur .
1282,Why not have dinner with us?,Kenapa tidak makan malam bersama kami?,(SBARQ (WHADVP (WRB Why)) (RB not) (VP (VB have) (NP (NN dinner)) (PP (IN with) (NP (PRP us)))) (. ?)),simple,why not have dinner with us ?,kenapa tidak makan malam bersama kami ?
2675,I've played golf with Tom many times.,Aku sudah sering bermain golf dengan Tom.,(S (NP (PRP I)) (VP (VBP 've) (VP (VBN played) (NP (NN golf)) (PP (IN with) (NP (NNP Tom))) (NP (JJ many) (NNS times)))) (. .)),simple,i ve played golf with tom many times .,aku sudah sering bermain golf dengan tom .
4029,I plan to go to bed as soon as all these people go home.,Aku berencana pergi tidur segera setelah orang-orang ini pulang.,(S (NP (PRP I)) (VP (VBP plan) (S (VP (TO to) (VP (VB go) (PP (IN to) (NP (NN bed))) (ADVP (ADVP (RB as) (RB soon)) (SBAR (IN as) (S (NP (PDT all) (DT these) (NNS people)) (VP (VBP go) (ADVP (RB home)))))))))) (. .)),complex,i plan to go to bed as soon as all these people go home .,aku berencana pergi tidur segera setelah orang orang ini pulang .
1306,Don't read that kind of book.,Jangan baca buku seperti itu!,(S (VP (VBP Do) (RB n't) (VP (VB read) (NP (NP (DT that) (NN kind)) (PP (IN of) (NP (NN book)))))) (. .)),simple,don t read that kind of book .,jangan baca buku seperti itu !
2237,Someone is waiting for me at home.,Ada yang menungguku di rumah.,(S (NP (NN Someone)) (VP (VBZ is) (VP (VBG waiting) (PP (IN for) (NP (PRP me))) (PP (IN at) (NP (NN home))))) (. .)),simple,someone is waiting for me at home .,ada yang menungguku di rumah .
3302,You must not make noises in the classroom.,Di dalam kelas tidak boleh berisik.,(S (NP (PRP You)) (VP (MD must) (RB not) (VP (VB make) (NP (NNS noises)) (PP (IN in) (NP (DT the) (NN classroom))))) (. .)),simple,you must not make noises in the classroom .,di dalam kelas tidak boleh berisik .
2038,I don't want to get into trouble.,Aku tidak mau mendapat masalah.,(S (NP (PRP I)) (VP (VBP do) (RB n't) (VP (VB want) (S (VP (TO to) (VP (VB get) (PP (IN into) (NP (NN trouble)))))))) (. .)),simple,i don t want to get into trouble .,aku tidak mau mendapat masalah .
1529,I'm tired of eating fast food.,Aku sudah bosan memakan makanan siap saji.,(S (NP (PRP I)) (VP (VBP 'm) (ADJP (JJ tired) (PP (IN of) (S (VP (VBG eating) (NP (JJ fast) (NN food))))))) (. .)),simple,i m tired of eating fast food .,aku sudah bosan memakan makanan siap saji .
1663,Health is worth more than gold.,Kesehatan itu lebih berharga dibandingkan dengan emas.,(S (NP (NN Health)) (VP (VBZ is) (ADJP (JJ worth) (NP (NP (JJR more)) (PP (IN than) (NP (NN gold)))))) (. .)),simple,health is worth more than gold .,kesehatan itu lebih berharga dibandingkan dengan emas .
4238,You were the last person in the office. You should've turned off the lights.,Kamu orang terakhir yang ada di kantor. Kamu seharusnya mematikan lampunya.,(S (NP (PRP You)) (VP (VBD were) (NP (NP (DT the) (JJ last) (NN person)) (PP (IN in) (NP (DT the) (NN office))))) (. .)),simple,you were the last person in the office . you should ve turned off the lights .,kamu orang terakhir yang ada di kantor . kamu seharusnya mematikan lampunya .
4255,We can get a glimpse of the lifestyle of ancient people from this wall painting.,Kita bisa melihat sekilas gaya hidup orang-orang dulu dari lukisan dinding ini.,(S (NP (PRP We)) (VP (MD can) (VP (VB get) (NP (NP (DT a) (NN glimpse)) (PP (IN of) (NP (NP (DT the) (NN lifestyle)) (PP (IN of) (NP (JJ ancient) (NNS people)))))) (PP (IN from) (NP (DT this) (NN wall) (NN painting))))) (. .)),simple,we can get a glimpse of the lifestyle of ancient people from this wall painting .,kita bisa melihat sekilas gaya hidup orang orang dulu dari lukisan dinding ini .
3627,Tom asked Mary if she wanted to go for a walk.,Tom bertanya pada Mary apa ia ingin jalan-jalan.,(S (NP (NNP Tom)) (VP (VBD asked) (NP (NNP Mary)) (SBAR (IN if) (S (NP (PRP she)) (VP (VBD wanted) (S (VP (TO to) (VP (VB go) (PP (IN for) (NP (DT a) (NN walk)))))))))) (. .)),complex,tom asked mary if she wanted to go for a walk .,tom bertanya pada mary apa ia ingin jalan jalan .
2693,The addict died from a drug overdose.,Pencandu itu mati karena overdosis narkoba.,(S (NP (DT The) (NN addict)) (VP (VBD died) (PP (IN from) (NP (DT a) (NN drug) (NN overdose)))) (. .)),simple,the addict died from a drug overdose .,pencandu itu mati karena overdosis narkoba .
3060,There are large houses along the street.,Ada banyak rumah besar di sepanjang jalan itu.,(S (NP (EX There)) (VP (VBP are) (NP (JJ large) (NNS houses)) (PP (IN along) (NP (DT the) (NN street)))) (. .)),simple,there are large houses along the street .,ada banyak rumah besar di sepanjang jalan itu .
1597,Today is the last day of work.,Hari ini hari terakhir kerja.,(S (NP (NN Today)) (VP (VBZ is) (NP (NP (DT the) (JJ last) (NN day)) (PP (IN of) (NP (NN work))))) (. .)),simple,today is the last day of work .,hari ini hari terakhir kerja .
2729,Tom sat at his desk reading a report.,Tom duduk membaca laporan di mejanya.,(S (NP (NNP Tom)) (VP (VBD sat) (PP (IN at) (NP (PRP$ his) (NN desk))) (S (VP (VBG reading) (NP (DT a) (NN report))))) (. .)),simple,tom sat at his desk reading a report .,tom duduk membaca laporan di mejanya .
2625,What languages are spoken in Canada?,Bahasa apa yang digunakan di Kanada?,(SBARQ (WHNP (WP What) (NNS languages)) (SQ (VBP are) (VP (VBN spoken) (PP (IN in) (NP (NNP Canada))))) (. ?)),simple,what languages are spoken in canada ?,bahasa apa yang digunakan di kanada ?
3157,Languages are subject to constant change.,Bahasa adalah subjek dari perubahan yang konstan.,(S (NP (NNS Languages)) (VP (VBP are) (ADJP (JJ subject) (PP (IN to) (NP (JJ constant) (NN change))))) (. .)),simple,languages are subject to constant change .,bahasa adalah subjek dari perubahan yang konstan .
3314,Every part of the island has been explored.,Setiap jengkal pulau telah dijelajahi.,(S (NP (NP (DT Every) (NN part)) (PP (IN of) (NP (DT the) (NN island)))) (VP (VBZ has) (VP (VBN been) (VP (VBN explored)))) (. .)),simple,every part of the island has been explored .,setiap jengkal pulau telah dijelajahi .
1722,She left her gloves in the car.,Dia meninggalkan sarung tangannya di dalam mobil.,(S (NP (PRP She)) (VP (VBD left) (NP (PRP$ her) (NNS gloves)) (PP (IN in) (NP (DT the) (NN car)))) (. .)),simple,she left her gloves in the car .,dia meninggalkan sarung tangannya di dalam mobil .
1059,My pen just ran out of ink.,Pulpenku baru saja habis.,(S (NP (PRP$ My) (NN pen)) (ADVP (RB just)) (VP (VBD ran) (PP (IN out) (PP (IN of) (NP (NN ink))))) (. .)),simple,my pen just ran out of ink .,pulpenku baru saja habis .
3242,I don't like drinking out of plastic cups.,Aku gak suka minum dari gelas plastik.,(S (NP (PRP I)) (VP (VBP do) (RB n't) (VP (VB like) (S (VP (VBG drinking) (PP (IN out) (PP (IN of) (NP (JJ plastic) (NNS cups)))))))) (. .)),simple,i don t like drinking out of plastic cups .,aku gak suka minum dari gelas plastik .
1678,I have to go to the men's room.,Aku harus pergi ke kamar kecil.,(S (NP (PRP I)) (VP (VBP have) (S (VP (TO to) (VP (VB go) (PP (IN to) (NP (NP (DT the) (NNS men) (POS 's)) (NN room))))))) (. .)),simple,i have to go to the men s room .,aku harus pergi ke kamar kecil .
1757,Tom couldn't even look at Mary.,Tom sampai tidak sanggup melihat ke arah Mary.,(S (NP (NNP Tom)) (VP (MD could) (RB n't) (ADVP (RB even)) (VP (VB look) (PP (IN at) (NP (NNP Mary))))) (. .)),simple,tom couldn t even look at mary .,tom sampai tidak sanggup melihat ke arah mary .
4191,Tom can no longer afford to live in the style he is accustomed to.,Tom tidak lagi bisa hidup dengan gaya hidupnya yang biasa.,(S (NP (NNP Tom)) (VP (MD can) (ADVP (RB no) (RB longer)) (VP (VB afford) (S (VP (TO to) (VP (VB live) (PP (IN in) (NP (NP (DT the) (NN style)) (SBAR (S (NP (PRP he)) (VP (VBZ is) (VP (VBN accustomed) (PP (IN to))))))))))))) (. .)),complex,tom can no longer afford to live in the style he is accustomed to .,tom tidak lagi bisa hidup dengan gaya hidupnya yang biasa .
563,He came back from China.,Dia kembali dari Cina.,(S (NP (PRP He)) (VP (VBD came) (ADVP (RB back)) (PP (IN from) (NP (NNP China)))) (. .)),simple,he came back from china .,dia kembali dari cina .
2790,I saw three palm trees near the beach.,Aku melihat tiga pohon palem di dekat pantai.,(S (NP (PRP I)) (VP (VBD saw) (NP (CD three) (NN palm) (NNS trees)) (PP (IN near) (NP (DT the) (NN beach)))) (. .)),simple,i saw three palm trees near the beach .,aku melihat tiga pohon palem di dekat pantai .
863,I agree with your opinion.,Saya setuju dengan pendapat kamu.,(S (NP (PRP I)) (VP (VBP agree) (PP (IN with) (NP (PRP$ your) (NN opinion)))) (. .)),simple,i agree with your opinion .,saya setuju dengan pendapat kamu .
1484,He is no better than a beggar.,Dia tidak lebih baik daripada seorang pengemis.,(S (NP (PRP He)) (VP (VBZ is) (ADJP (ADJP (RB no) (JJR better)) (PP (IN than) (NP (DT a) (NN beggar))))) (. .)),simple,he is no better than a beggar .,dia tidak lebih baik daripada seorang pengemis .
206,I'm counting on you.,Aku mengandalkanmu.,(S (NP (PRP I)) (VP (VBP 'm) (VP (VBG counting) (PP (IN on) (NP (PRP you))))) (. .)),simple,i m counting on you .,aku mengandalkanmu .
870,I don't feel like talking.,Aku sedang tidak ingin berbicara.,(S (NP (PRP I)) (VP (VBP do) (RB n't) (VP (VB feel) (PP (IN like) (S (VP (VBG talking)))))) (. .)),simple,i don t feel like talking .,aku sedang tidak ingin berbicara .
502,The train came on time.,Keretanya datang tepat waktu.,(S (NP (DT The) (NN train)) (VP (VBD came) (PP (IN on) (NP (NN time)))) (. .)),simple,the train came on time .,keretanya datang tepat waktu .
1028,I like going to the movies.,Aku suka pergi ke bioskop.,(S (NP (PRP I)) (VP (VBP like) (S (VP (VBG going) (PP (IN to) (NP (DT the) (NNS movies)))))) (. .)),simple,i like going to the movies .,aku suka pergi ke bioskop .
3840,When was the last time you went to an art gallery?,Kapan terakhir kali Anda mengunjungi galeri seni?,(SBARQ (WHADVP (WRB When)) (SQ (VBD was) (NP (NP (DT the) (JJ last) (NN time)) (SBAR (S (NP (PRP you)) (VP (VBD went) (PP (IN to) (NP (DT an) (NN art) (NN gallery)))))))) (. ?)),complex,when was the last time you went to an art gallery ?,kapan terakhir kali anda mengunjungi galeri seni ?
2690,Something's happening on Park Street.,Sesuatu terjadi di jalan Park.,(S (NP (NN Something)) (VP (VBZ 's) (VP (VBG happening) (PP (IN on) (NP (NNP Park) (NNP Street))))) (. .)),simple,something s happening on park street .,sesuatu terjadi di jalan park .
1570,The guide led us to the hotel.,Pemandu mengantarkan kami ke hotel.,(S (NP (DT The) (NN guide)) (VP (VBD led) (NP (PRP us)) (PP (IN to) (NP (DT the) (NN hotel)))) (. .)),simple,the guide led us to the hotel .,pemandu mengantarkan kami ke hotel .
2773,How dare you talk to my son like that!,Berani-beraninya kau berbicara kepada anakku seperti itu!,(SBARQ (WHADVP (WRB How)) (SQ (VBP dare) (NP (PRP you)) (VP (VB talk) (PP (IN to) (NP (PRP$ my) (NN son))) (PP (IN like) (NP (DT that))))) (. !)),simple,how dare you talk to my son like that !,berani beraninya kau berbicara kepada anakku seperti itu !
2731,Tom says he's an old friend of yours.,Tom bilang dia teman lamamu.,(S (NP (NNP Tom)) (VP (VBZ says) (SBAR (S (NP (PRP he)) (VP (VBZ 's) (NP (NP (DT an) (JJ old) (NN friend)) (PP (IN of) (NP (PRP yours)))))))) (. .)),complex,tom says he s an old friend of yours .,tom bilang dia teman lamamu .
804,Tom was executed at dawn.,Tom dieksekusi saat subuh.,(S (NP (NNP Tom)) (VP (VBD was) (VP (VBN executed) (PP (IN at) (NP (NN dawn))))) (. .)),simple,tom was executed at dawn .,tom dieksekusi saat subuh .
3645,"You know Tom is a friend of Mary's, don't you?","Kamu tahu kalau Tom itu temannya Mary, kan?","(S (S (NP (PRP You)) (VP (VBP know) (SBAR (S (NP (NNP Tom)) (VP (VBZ is) (NP (NP (DT a) (NN friend)) (PP (IN of) (NP (NNP Mary) (POS 's))))))))) (, ,) (VBP do) (RB n't) (NP (PRP you)) (. ?))",complex,you know tom is a friend of mary s don t you ?,kamu tahu kalau tom itu temannya mary kan ?
2454,Tom sliced the banana with a knife.,Tom memotong pisang itu dengan pisau.,(S (NP (NNP Tom)) (VP (VBD sliced) (NP (DT the) (NN banana)) (PP (IN with) (NP (DT a) (NN knife)))) (. .)),simple,tom sliced the banana with a knife .,tom memotong pisang itu dengan pisau .
3104,A tourist died after falling off a cliff.,Seorang wisatawan tewas terjatuh dari tebing.,(S (NP (DT A) (NN tourist)) (VP (VBD died) (PP (IN after) (S (VP (VBG falling) (PP (IN off) (NP (DT a) (NN cliff))))))) (. .)),simple,a tourist died after falling off a cliff .,seorang wisatawan tewas terjatuh dari tebing .
200,I went to the beach.,Saya pergi ke pantai.,(S (NP (PRP I)) (VP (VBD went) (PP (IN to) (NP (DT the) (NN beach)))) (. .)),simple,i went to the beach .,saya pergi ke pantai .
3099,Why didn't you come to school yesterday?,Kenapa kamu tidak masuk sekolah kemarin?,(SBARQ (WHADVP (WRB Why)) (SQ (VBD did) (RB n't) (NP (PRP you)) (VP (VB come) (PP (IN to) (NP (NN school))) (NP (NN yesterday)))) (. ?)),simple,why didn t you come to school yesterday ?,kenapa kamu tidak masuk sekolah kemarin ?
2278,Tom isn't accustomed to city life.,Tom tidak terbiasa dengan kehidupan kota.,(S (NP (NNP Tom)) (VP (VBZ is) (RB n't) (ADJP (VBN accustomed) (PP (IN to) (NP (NN city) (NN life))))) (. .)),simple,tom isn t accustomed to city life .,tom tidak terbiasa dengan kehidupan kota .
3561,What on earth spurred them to such an action?,Sebenarnya apa yang mendorong mereka untuk melakukan tindakan seperti itu?,(SBARQ (WHNP (WHNP (WP What)) (PP (IN on) (NP (NN earth)))) (S (VP (VBD spurred) (NP (PRP them)) (PP (IN to) (NP (PDT such) (DT an) (NN action))))) (. ?)),simple,what on earth spurred them to such an action ?,sebenarnya apa yang mendorong mereka untuk melakukan tindakan seperti itu ?
391,My name's on the list.,Namaku ada di dalam daftar.,(S (NP (PRP$ My) (NN name)) (VP (VBZ 's) (PP (IN on) (NP (DT the) (NN list)))) (. .)),simple,my name s on the list .,namaku ada di dalam daftar .
1495,How did your date go with Tom?,Bagaimana kencanmu dengan Tom?,(SBARQ (WHADVP (WRB How)) (SQ (VBD did) (NP (PRP$ your) (NN date)) (VP (VB go) (PP (IN with) (NP (NNP Tom))))) (. ?)),simple,how did your date go with tom ?,bagaimana kencanmu dengan tom ?
2695,The island was struck by the typhoon.,Pulau itu dihantam topan.,(S (NP (DT The) (NN island)) (VP (VBD was) (VP (VBN struck) (PP (IN by) (NP (DT the) (NN typhoon))))) (. .)),simple,the island was struck by the typhoon .,pulau itu dihantam topan .
2027,I am tired of my monotonous life.,Aku lelah dengan kehidupanku yang monoton.,(S (NP (PRP I)) (VP (VBP am) (ADJP (JJ tired) (PP (IN of) (NP (PRP$ my) (JJ monotonous) (NN life))))) (. .)),simple,i am tired of my monotonous life .,aku lelah dengan kehidupanku yang monoton .
2568,The island is easy to reach by boat.,Pulau itu mudah dijangkau dengan perahu.,(S (NP (DT The) (NN island)) (VP (VBZ is) (ADJP (JJ easy) (SBAR (S (VP (SBAR (S (VP (TO to) (VB reach)))) (PP (IN by) (NP (NN boat)))))))) (. .)),complex,the island is easy to reach by boat .,pulau itu mudah dijangkau dengan perahu .
64,He laughed at me.,Dia menertawakan saya.,(S (NP (PRP He)) (VP (VBD laughed) (PP (IN at) (NP (PRP me)))) (. .)),simple,he laughed at me .,dia menertawakan saya .
3884,Tom has to stay home and take care of his children.,Tom harus tinggal di rumah dan merawat anak-anaknya.,(S (NP (NNP Tom)) (VP (VBZ has) (S (VP (TO to) (VP (VP (VB stay) (ADVP (RB home))) (CC and) (VP (VB take) (NP (NN care)) (PP (IN of) (NP (PRP$ his) (NNS children)))))))) (. .)),simple,tom has to stay home and take care of his children .,tom harus tinggal di rumah dan merawat anak anaknya .
2062,Keep children away from the pond.,Jauhkan anak-anak dari kolam.,(S (VP (VB Keep) (NP (NNS children)) (ADVP (RB away) (PP (IN from) (NP (DT the) (NN pond))))) (. .)),simple,keep children away from the pond .,jauhkan anak anak dari kolam .
492,Stop talking about Tom.,Berhenti berbicara tentang Tom.,(S (VP (VB Stop) (S (VP (VBG talking) (PP (IN about) (NP (NNP Tom)))))) (. .)),simple,stop talking about tom .,berhenti berbicara tentang tom .
379,I'm tired of all this.,Aku sudah muak dengan semua ini.,(S (NP (PRP I)) (VP (VBP 'm) (ADJP (JJ tired) (PP (IN of) (NP (PDT all) (DT this))))) (. .)),simple,i m tired of all this .,aku sudah muak dengan semua ini .
3993,Are you one of the people who had to be here yesterday?,Apakah kamu salah satu orang yang harus berada di sini kemarin?,(SQ (VBP Are) (NP (PRP you)) (NP (NP (CD one)) (PP (IN of) (NP (NP (DT the) (NNS people)) (SBAR (WHNP (WP who)) (S (VP (VBD had) (S (VP (TO to) (VP (VB be) (ADVP (RB here)) (NP (NN yesterday))))))))))) (. ?)),complex,are you one of the people who had to be here yesterday ?,apakah kamu salah satu orang yang harus berada di sini kemarin ?
1076,The key was under the sofa.,Kuncinya ada di bawah sofa.,(S (NP (DT The) (NN key)) (VP (VBD was) (PP (IN under) (NP (DT the) (NN sofa)))) (. .)),simple,the key was under the sofa .,kuncinya ada di bawah sofa .
878,I switched on my computer.,Aku menyalakan komputerku.,(S (NP (PRP I)) (VP (VBD switched) (PP (IN on) (NP (PRP$ my) (NN computer)))) (. .)),simple,i switched on my computer .,aku menyalakan komputerku .
337,Get a picture of this.,Coba pahami ini.,(S (VP (VB Get) (NP (NP (DT a) (NN picture)) (PP (IN of) (NP (DT this))))) (. .)),simple,get a picture of this .,coba pahami ini .
1016,I hardly ever run into Tom.,Aku hampir tidak pernah berpapasan dengan Tom.,(S (NP (PRP I)) (ADVP (RB hardly) (RB ever)) (VP (VBP run) (PP (IN into) (NP (NNP Tom)))) (. .)),simple,i hardly ever run into tom .,aku hampir tidak pernah berpapasan dengan tom .
1275,Which team are you a fan of?,Tim mana yang kamu gemari?,(SBARQ (WHNP (WDT Which) (NN team)) (SQ (VBP are) (NP (PRP you)) (NP (NP (DT a) (NN fan)) (PP (IN of)))) (. ?)),simple,which team are you a fan of ?,tim mana yang kamu gemari ?
3798,Tom likes the same kind of stuff that Mary likes.,Tom menyukai jenis barang yang sama dengan yang Mary suka.,(S (NP (NNP Tom)) (VP (VBZ likes) (NP (NP (NP (DT the) (JJ same) (NN kind)) (PP (IN of) (NP (NN stuff)))) (SBAR (WHNP (WDT that)) (S (NP (NNP Mary)) (VP (VBZ likes)))))) (. .)),complex,tom likes the same kind of stuff that mary likes .,tom menyukai jenis barang yang sama dengan yang mary suka .
3342,"In general, little girls are fond of dolls.","Umumnya, anak perempuan suka boneka.","(S (PP (IN In) (ADJP (JJ general))) (, ,) (NP (JJ little) (NNS girls)) (VP (VBP are) (ADJP (JJ fond) (PP (IN of) (NP (NNS dolls))))) (. .))",simple,in general little girls are fond of dolls .,umumnya anak perempuan suka boneka .
995,Everyone is looking at Tom.,Semua orang melihat Tom.,(S (NP (NN Everyone)) (VP (VBZ is) (VP (VBG looking) (PP (IN at) (NP (NNP Tom))))) (. .)),simple,everyone is looking at tom .,semua orang melihat tom .
1981,What do you have in your pocket?,Apa yang kau simpan di dalam kantongmu?,(SBARQ (WHNP (WP What)) (SQ (VBP do) (NP (PRP you)) (VP (VB have) (PP (IN in) (NP (PRP$ your) (NN pocket))))) (. ?)),simple,what do you have in your pocket ?,apa yang kau simpan di dalam kantongmu ?
161,I'm scared of cats.,Aku takut kucing.,(S (NP (PRP I)) (VP (VBP 'm) (ADJP (VBN scared) (PP (IN of) (NP (NNS cats))))) (. .)),simple,i m scared of cats .,aku takut kucing .
1500,I can see the house from here.,Saya bisa melihat rumahnya dari sini.,(S (NP (PRP I)) (VP (MD can) (VP (VB see) (NP (DT the) (NN house)) (PP (IN from) (ADVP (RB here))))) (. .)),simple,i can see the house from here .,saya bisa melihat rumahnya dari sini .
3843,Get back before midnight or you will be locked out.,Kembali sebelum tengah malam atau kau akan terkunci di luar.,(S (S (VP (VB Get) (ADVP (RB back)) (PP (IN before) (NP (NN midnight))))) (CC or) (S (NP (PRP you)) (VP (MD will) (VP (VB be) (VP (VBN locked) (PRT (RP out)))))) (. .)),compound,get back before midnight or you will be locked out .,kembali sebelum tengah malam atau kau akan terkunci di luar .
2613,Tom stirred his coffee with a spoon.,Tom mengaduk kopinya dengan sebuah sendok.,(S (NP (NNP Tom)) (VP (VBD stirred) (NP (PRP$ his) (NN coffee)) (PP (IN with) (NP (DT a) (NN spoon)))) (. .)),simple,tom stirred his coffee with a spoon .,tom mengaduk kopinya dengan sebuah sendok .
3461,The beach was closed due to shark sightings.,Pantainya tutup dikarenakan penampakan hiu.,(S (NP (DT The) (NN beach)) (VP (VBD was) (VP (VBN closed) (PP (IN due) (IN to) (NP (NN shark) (NNS sightings))))) (. .)),simple,the beach was closed due to shark sightings .,pantainya tutup dikarenakan penampakan hiu .
1021,I have to go to the toilet.,Aku harus pergi ke toilet.,(S (NP (PRP I)) (VP (VBP have) (S (VP (TO to) (VP (VB go) (PP (IN to) (NP (DT the) (NN toilet))))))) (. .)),simple,i have to go to the toilet .,aku harus pergi ke toilet .
3073,Tom didn't see any children in the park.,Tom tidak melihat anak-anak di taman itu.,(S (NP (NNP Tom)) (VP (VBD did) (RB n't) (VP (VB see) (NP (DT any) (NNS children)) (PP (IN in) (NP (DT the) (NN park))))) (. .)),simple,tom didn t see any children in the park .,tom tidak melihat anak anak di taman itu .
3943,Several gardeners look after the azaleas in the park.,Beberapa tukang kebun merawat bunga azalea in taman.,(S (NP (JJ Several) (NNS gardeners)) (VP (VBP look) (PP (IN after) (NP (NP (DT the) (NNS azaleas)) (PP (IN in) (NP (DT the) (NN park)))))) (. .)),simple,several gardeners look after the azaleas in the park .,beberapa tukang kebun merawat bunga azalea in taman .
1585,They are sure to fall in love.,Mereka benar-benar saling jatuh cinta.,(S (NP (PRP They)) (VP (VBP are) (ADJP (JJ sure) (S (VP (TO to) (VP (VB fall) (PP (IN in) (NP (NN love)))))))) (. .)),simple,they are sure to fall in love .,mereka benar benar saling jatuh cinta .
1955,Tom seldom speaks to us anymore.,Tom sudah jarang berbicara dengan kami.,(S (NP (NNP Tom)) (ADVP (RB seldom)) (VP (VBZ speaks) (PP (IN to) (NP (PRP us))) (ADVP (RB anymore))) (. .)),simple,tom seldom speaks to us anymore .,tom sudah jarang berbicara dengan kami .
3152,It was like watching a slow motion movie.,Tadi itu seperti menonton film gerak lambat.,(S (NP (PRP It)) (VP (VBD was) (PP (IN like) (S (VP (VBG watching) (NP (DT a) (NML (JJ slow) (NN motion)) (NN movie)))))) (. .)),simple,it was like watching a slow motion movie .,tadi itu seperti menonton film gerak lambat .
34,I'm sick of it.,Aku muak dengan hal itu.,(S (NP (PRP I)) (VP (VBP 'm) (ADJP (JJ sick) (PP (IN of) (NP (PRP it))))) (. .)),simple,i m sick of it .,aku muak dengan hal itu .
4014,When was the last time you rode your bicycle to school?,Kapan terakhir kali kamu pergi ke sekolah dengan sepeda?,(SBARQ (WHADVP (WRB When)) (SQ (VBD was) (NP (NP (DT the) (JJ last) (NN time)) (SBAR (S (NP (PRP you)) (VP (VBD rode) (NP (PRP$ your) (NN bicycle)) (PP (IN to) (NP (NN school)))))))) (. ?)),complex,when was the last time you rode your bicycle to school ?,kapan terakhir kali kamu pergi ke sekolah dengan sepeda ?
775,There is plenty of water.,Airnya banyak.,(S (NP (EX There)) (VP (VBZ is) (NP (NP (NN plenty)) (PP (IN of) (NP (NN water))))) (. .)),simple,there is plenty of water .,airnya banyak .
2556,She came to Japan to study Japanese.,Dia datang ke Jepang untuk belajar bahasa Jepang.,(S (NP (PRP She)) (VP (VBD came) (PP (IN to) (NP (NNP Japan))) (S (VP (TO to) (VP (VB study) (NP (NNP Japanese)))))) (. .)),simple,she came to japan to study japanese .,dia datang ke jepang untuk belajar bahasa jepang .
1478,Have you ever been to America?,Pernahkah kamu ke Amerika?,(SQ (VBP Have) (NP (PRP you)) (ADVP (RB ever)) (VP (VBN been) (PP (IN to) (NP (NNP America)))) (. ?)),simple,have you ever been to america ?,pernahkah kamu ke amerika ?
1363,I'm tired of your complaints.,Aku bosan dengan keluhanmu.,(S (NP (PRP I)) (VP (VBP 'm) (ADJP (JJ tired) (PP (IN of) (NP (PRP$ your) (NNS complaints))))) (. .)),simple,i m tired of your complaints .,aku bosan dengan keluhanmu .
2612,Tom showed Mary the scar on his leg.,Tom menunjukkan Mary bekas luka di kakinya.,(S (NP (NNP Tom)) (VP (VBD showed) (NP (NNP Mary)) (NP (NP (DT the) (NN scar)) (PP (IN on) (NP (PRP$ his) (NN leg))))) (. .)),simple,tom showed mary the scar on his leg .,tom menunjukkan mary bekas luka di kakinya .
2824,The day after tomorrow is my birthday.,Lusa itu hari ulang tahunku.,(S (NP (NP (DT The) (NN day)) (PP (IN after) (NP (NN tomorrow)))) (VP (VBZ is) (NP (PRP$ my) (NN birthday))) (. .)),simple,the day after tomorrow is my birthday .,lusa itu hari ulang tahunku .
2041,I hope I can get Tom out of jail.,Saya harap saya bisa mengeluarkan Tom dari penjara.,(S (NP (PRP I)) (VP (VBP hope) (SBAR (S (NP (PRP I)) (VP (MD can) (VP (VB get) (NP (NNP Tom)) (PP (IN out) (PP (IN of) (NP (NN jail))))))))) (. .)),complex,i hope i can get tom out of jail .,saya harap saya bisa mengeluarkan tom dari penjara .
241,You can rely on her.,Kau bisa mengandalkannya.,(S (NP (PRP You)) (VP (MD can) (VP (VB rely) (PP (IN on) (NP (PRP her))))) (. .)),simple,you can rely on her .,kau bisa mengandalkannya .
2061,It doesn't have to end like this.,Seharusnya tidak menjadi seperti ini.,(S (NP (PRP It)) (VP (VBZ does) (RB n't) (VP (VB have) (S (VP (TO to) (VP (VB end) (PP (IN like) (NP (DT this)))))))) (. .)),simple,it doesn t have to end like this .,seharusnya tidak menjadi seperti ini .
2363,I received a letter from my friend.,Saya menerima surat dari teman saya.,(S (NP (PRP I)) (VP (VBD received) (NP (DT a) (NN letter)) (PP (IN from) (NP (PRP$ my) (NN friend)))) (. .)),simple,i received a letter from my friend .,saya menerima surat dari teman saya .
600,I'm disappointed in you.,Aku kecewa padamu.,(S (NP (PRP I)) (VP (VBP 'm) (ADJP (VBN disappointed) (PP (IN in) (NP (PRP you))))) (. .)),simple,i m disappointed in you .,aku kecewa padamu .
2435,Tom has just come back from Boston.,Tom baru saja kembali dari Boston.,(S (NP (NNP Tom)) (VP (VBZ has) (ADVP (RB just)) (VP (VBN come) (ADVP (RB back)) (PP (IN from) (NP (NNP Boston))))) (. .)),simple,tom has just come back from boston .,tom baru saja kembali dari boston .
2888,Does Tom still want to go to Australia?,Apa Tom masih ingin ke Australia?,(SQ (VBZ Does) (NP (NNP Tom)) (ADVP (RB still)) (VP (VB want) (S (VP (TO to) (VP (VB go) (PP (IN to) (NP (NNP Australia))))))) (. ?)),simple,does tom still want to go to australia ?,apa tom masih ingin ke australia ?
646,Tom jumped off the roof.,Tom melompat turun dari atap.,(S (NP (NNP Tom)) (VP (VBD jumped) (PP (IN off) (NP (DT the) (NN roof)))) (. .)),simple,tom jumped off the roof .,tom melompat turun dari atap .
3890,"You know that Tom is a friend of Mary's, don't you?","Kamu tahu kalau Tom itu temannya Mary, kan?","(SQ (S (NP (PRP You)) (VP (VBP know) (SBAR (IN that) (S (NP (NNP Tom)) (VP (VBZ is) (NP (NP (DT a) (NN friend)) (PP (IN of) (NP (NNP Mary) (POS 's))))))))) (, ,) (VBP do) (RB n't) (NP (PRP you)) (. ?))",complex,you know that tom is a friend of mary s don t you ?,kamu tahu kalau tom itu temannya mary kan ?
3556,"Tom was late for class, as is often the case.","Seperti biasa, Tom terlambat datang ke kelas.","(S (NP (NNP Tom)) (VP (VBD was) (ADJP (JJ late) (PP (IN for) (NP (NN class)))) (, ,) (SBAR (IN as) (S (VP (VBZ is) (ADVP (RB often)) (NP (DT the) (NN case)))))) (. .))",complex,tom was late for class as is often the case .,seperti biasa tom terlambat datang ke kelas .
3202,Tom is always complaining about his boss.,Tom selalu mengeluh tentang bosnya.,(S (NP (NNP Tom)) (VP (VBZ is) (ADVP (RB always)) (VP (VBG complaining) (PP (IN about) (NP (PRP$ his) (NN boss))))) (. .)),simple,tom is always complaining about his boss .,tom selalu mengeluh tentang bosnya .
1528,I'm taking an exam in January.,Aku mengikuti ujian pada Januari.,(S (NP (PRP I)) (VP (VBP 'm) (VP (VBG taking) (NP (DT an) (NN exam)) (PP (IN in) (NP (NNP January))))) (. .)),simple,i m taking an exam in january .,aku mengikuti ujian pada januari .
1267,What do you think of reggae?,Apa pendapat Anda tentang Reggae?,(SBARQ (WHNP (WP What)) (SQ (VBP do) (NP (PRP you)) (VP (VB think) (PP (IN of) (NP (NN reggae))))) (. ?)),simple,what do you think of reggae ?,apa pendapat anda tentang reggae ?
1899,Please shut the door behind you.,Tolong tutup pintu di belakangmu.,(S (VP (VB Please) (VP (VB shut) (NP (NP (DT the) (NN door)) (PP (IN behind) (NP (PRP you)))))) (. .)),simple,please shut the door behind you .,tolong tutup pintu di belakangmu .
3005,Don't leave the bicycle out in the rain.,Jangan tinggalkan sepeda di bawah hujan.,(S (VP (VBP Do) (RB n't) (VP (VB leave) (NP (DT the) (NN bicycle)) (PRT (RP out)) (PP (IN in) (NP (DT the) (NN rain))))) (. .)),simple,don t leave the bicycle out in the rain .,jangan tinggalkan sepeda di bawah hujan .
2734,Tom was born three months after Mary.,Tom lahir tiga bulan setelah Mary.,(S (NP (NNP Tom)) (VP (VBD was) (VP (VBN born) (PP (NP (CD three) (NNS months)) (IN after) (NP (NNP Mary))))) (. .)),simple,tom was born three months after mary .,tom lahir tiga bulan setelah mary .
189,He sat in the chair.,Dia duduk di kursi.,(S (NP (PRP He)) (VP (VBD sat) (PP (IN in) (NP (DT the) (NN chair)))) (. .)),simple,he sat in the chair .,dia duduk di kursi .
1806,You have a good sense of humor.,Kau punya selera humor yang bagus.,(S (NP (PRP You)) (VP (VBP have) (NP (NP (DT a) (JJ good) (NN sense)) (PP (IN of) (NP (NN humor))))) (. .)),simple,you have a good sense of humor .,kau punya selera humor yang bagus .
975,You have a gift for music.,Kamu punya bakat di bidang musik.,(S (NP (PRP You)) (VP (VBP have) (NP (NP (DT a) (NN gift)) (PP (IN for) (NP (NN music))))) (. .)),simple,you have a gift for music .,kamu punya bakat di bidang musik .
2747,Would you like me to take care of it?,Kalian mau aku mengurusi itu?,(SQ (MD Would) (NP (PRP you)) (VP (VB like) (S (NP (PRP me)) (VP (TO to) (VP (VB take) (NP (NN care)) (PP (IN of) (NP (PRP it))))))) (. ?)),simple,would you like me to take care of it ?,kalian mau aku mengurusi itu ?
2047,I'll call back in twenty minutes.,Saya akan menghubungi kembali dalam 20 menit.,(S (NP (PRP I)) (VP (MD 'll) (VP (VB call) (ADVP (RB back)) (PP (IN in) (NP (CD twenty) (NNS minutes))))) (. .)),simple,i ll call back in twenty minutes .,saya akan menghubungi kembali dalam menit .
2558,She was born at six a.m. on July 17.,"Dia lahir pada 17 Juli, pukul 6 pagi.",(S (NP (PRP She)) (VP (VBD was) (VP (VBN born) (PP (IN at) (NP (CD six) (NN a.m.))) (PP (IN on) (NP (NNP July) (CD 17))))) (. .)),simple,she was born at six a .m . on july .,dia lahir pada juli pukul pagi .
1082,This book deals with China.,Buku ini berkaitan dengan Cina.,(S (NP (DT This) (NN book)) (VP (VBZ deals) (PP (IN with) (NP (NNP China)))) (. .)),simple,this book deals with china .,buku ini berkaitan dengan cina .
474,I'm not young like you.,Aku tidak muda seperti kamu.,(S (NP (PRP I)) (VP (VBP 'm) (RB not) (ADJP (JJ young)) (PP (IN like) (NP (PRP you)))) (. .)),simple,i m not young like you .,aku tidak muda seperti kamu .
2904,I also lived in Boston for three years.,Saya juga tinggal di Boston selama tiga tahun.,(S (NP (PRP I)) (ADVP (RB also)) (VP (VBD lived) (PP (IN in) (NP (NNP Boston))) (PP (IN for) (NP (CD three) (NNS years)))) (. .)),simple,i also lived in boston for three years .,saya juga tinggal di boston selama tiga tahun .
4117,Tom will be driving through Boston on his way to visit Mary.,Tom dengan mobilnya akan pergi melewati Boston dalam perjalanan mengunjungi Mary.,(S (NP (NNP Tom)) (VP (MD will) (VP (VB be) (VP (VBG driving) (PP (IN through) (NP (NNP Boston))) (PP (IN on) (NP (NP (PRP$ his) (NN way)) (SBAR (S (VP (TO to) (VP (VB visit) (NP (NNP Mary))))))))))) (. .)),complex,tom will be driving through boston on his way to visit mary .,tom dengan mobilnya akan pergi melewati boston dalam perjalanan mengunjungi mary .
3385,There is nothing like summer and ice cream.,Tidak ada yang lebih baik dari musim panas dan es krim.,(S (NP (EX There)) (VP (VBZ is) (NP (NP (NN nothing)) (PP (IN like) (NP (NN summer) (CC and) (NN ice) (NN cream))))) (. .)),simple,there is nothing like summer and ice cream .,tidak ada yang lebih baik dari musim panas dan es krim .
1184,I've been waiting for hours.,I telah menunggu beberapa jam.,(S (NP (PRP I)) (VP (VBP 've) (VP (VBN been) (VP (VBG waiting) (PP (IN for) (NP (NNS hours)))))) (. .)),simple,i ve been waiting for hours .,i telah menunggu beberapa jam .
2433,Tom brought three bottles of water.,Tom membawa tiga botol air.,(S (NP (NNP Tom)) (VP (VBD brought) (NP (NP (CD three) (NNS bottles)) (PP (IN of) (NP (NN water))))) (. .)),simple,tom brought three bottles of water .,tom membawa tiga botol air .
2391,My father loves to travel by plane.,Ayah saya suka bepergian dengan pesawat.,(S (NP (PRP$ My) (NN father)) (VP (VBZ loves) (S (VP (TO to) (VP (VB travel) (PP (IN by) (NP (NN plane))))))) (. .)),simple,my father loves to travel by plane .,ayah saya suka bepergian dengan pesawat .
769,That house belongs to me.,Rumah itu milikku.,(S (NP (DT That) (NN house)) (VP (VBZ belongs) (PP (IN to) (NP (PRP me)))) (. .)),simple,that house belongs to me .,rumah itu milikku .
1685,I live next to an old bookshop.,Saya tinggal di dekat sebuah toko buku tua.,(S (NP (PRP I)) (VP (VBP live) (ADVP (JJ next) (PP (IN to) (NP (DT an) (JJ old) (NN bookshop))))) (. .)),simple,i live next to an old bookshop .,saya tinggal di dekat sebuah toko buku tua .
130,We live near here.,Kami tinggal di dekat sini.,(S (NP (PRP We)) (VP (VBP live) (PP (IN near) (ADVP (RB here)))) (. .)),simple,we live near here .,kami tinggal di dekat sini .
2919,I met an old student of mine in London.,Di London saya bertemu dengan anak didik saya yang dulu.,(S (NP (PRP I)) (VP (VBD met) (NP (NP (DT an) (JJ old) (NN student)) (PP (IN of) (NP (PRP mine)))) (PP (IN in) (NP (NNP London)))) (. .)),simple,i met an old student of mine in london .,di london saya bertemu dengan anak didik saya yang dulu .
3171,The apple doesn't fall far from the tree.,"Ke mana tumpah hujan dari bubungan, kalau tidak ke cucuran atap.",(S (NP (DT The) (NN apple)) (VP (VBZ does) (RB n't) (VP (VB fall) (ADVP (RB far) (PP (IN from) (NP (DT the) (NN tree)))))) (. .)),simple,the apple doesn t fall far from the tree .,ke mana tumpah hujan dari bubungan kalau tidak ke cucuran atap .
3444,I'm going to read this book on the airplane.,Aku akan membaca buku ini di pesawat.,(S (NP (PRP I)) (VP (VBP 'm) (VP (VBG going) (S (VP (TO to) (VP (VB read) (NP (DT this) (NN book)) (PP (IN on) (NP (DT the) (NN airplane)))))))) (. .)),simple,i m going to read this book on the airplane .,aku akan membaca buku ini di pesawat .
466,I wasn't aware of that.,Aku tidak menyadari hal itu.,(S (NP (PRP I)) (VP (VBD was) (RB n't) (ADJP (JJ aware) (PP (IN of) (NP (DT that))))) (. .)),simple,i wasn t aware of that .,aku tidak menyadari hal itu .
3092,We invited all our friends to the party.,Kita mengundang semua teman kita ke pesta.,(S (NP (PRP We)) (VP (VBD invited) (NP (PDT all) (PRP$ our) (NNS friends)) (PP (IN to) (NP (DT the) (NN party)))) (. .)),simple,we invited all our friends to the party .,kita mengundang semua teman kita ke pesta .
3772,I'm not interested in going to any museums today.,Saya sedang tidak ingin ke museum hari ini.,(S (NP (PRP I)) (VP (VBP 'm) (RB not) (ADJP (JJ interested) (PP (IN in) (S (VP (VBG going) (PP (IN to) (NP (DT any) (NNS museums))) (NP (NN today))))))) (. .)),simple,i m not interested in going to any museums today .,saya sedang tidak ingin ke museum hari ini .
860,He's sleeping like a baby.,Dia tidur seperti bayi.,(S (NP (PRP He)) (VP (VBZ 's) (VP (VBG sleeping) (PP (IN like) (NP (DT a) (NN baby))))) (. .)),simple,he s sleeping like a baby .,dia tidur seperti bayi .
